<Ui xmlns="http://www.blizzard.com/wow/ui/"
    xmlns:xsi="http://www.w3.org/2001/XMLSchema-instance" 
    xsi:schemaLocation="http://www.blizzard.com/wow/ui/
    ..\FrameXML\UI.xsd">

	<Frame name="derp" virtual="true" movable="true" toplevel="true" parent="UIParent">

		<Size>
		<AbsDimension x="100" y="100" />
		</Size>
	
		<Anchors>
			<Anchor point ="CENTER"/>
		</Anchors>
		<Layers>
			<Layer level="BACKGROUND">
				<Texture name="$parent_Background" setAllPoints="true">
					<Color r=".1" g=".1" b=".1" a="0.5" /> 
				</Texture>
			</Layer>
		</Layers> 
	</Frame>
	
	<Frame name="BKWarningTemplate" virtual="true" parent="UIParent" movable="true" toplevel="true" alpha="1">
		<Size>
			<AbsDimension x="50" y="50" />
		</Size>
		<Anchors>
			<Anchor point ="TOPLEFT"/>
		</Anchors>
		<Layers>
			<Layer level="OVERLAY">
				<FontString name="$parentText" inherits="GameFontNormalLarge"/>
			</Layer>
		</Layers>
    <Backdrop bgFile="Interface/Icons/Ability_Druid_Mangle2" tile="false">
		</Backdrop>
		<!--<Scripts>
		<OnMouseDown>
			BKWMove()
		</OnMouseDown>
		<OnMouseUp>
			BadKittyWarnings:StopMovingOrSizing()
		</OnMouseUp>
		<OnDragStop>
			BadKittyWarnings:StopMovingOrSizing()
		</OnDragStop>
		</Scripts>-->
	</Frame>
	
	<Frame name="BKBarTemplate" virtual="true" parent="UIParent" movable="true" toplevel="true" alpha="1">
		<Size>
			<AbsDimension x="100" y="15" />
		</Size>
    <!--<Anchors>
			<Anchor point="LEFT"/>
    </Anchors>-->
		<Frames>
			<Frame name="$parentIcon">
				<Size>
					<AbsDimension x="15" y="15" />
				</Size>
				<Backdrop bgFile="Interface/Icons/Spell_Shadow_ManaBurn" tile="false">
				</Backdrop>
				<Anchors>
					<Anchor point="LEFT" relativetoTo="$parent" relativepoint="LEFT"/>
				</Anchors>
			</Frame>
			<Statusbar name="$parentBar" inherits="TestStatusBar">
				<!--<Scripts>
				</Scripts>-->
				<Size>
					<AbsDimension x="85" y="15" />
				</Size>
				<Anchors>
					<Anchor point="RIGHT" relativetoTo="$parent" relativepoint="RIGHT"/>
				</Anchors>
				<Layers>
					<Layer level="BACKGROUND">
						<Texture name="$parent_Background" setAllPoints="true">
							<Color r="0" g="0" b="0" a="1" /> 
						</Texture>
					</Layer>
					<Layer level="OVERLAY">
						<FontString name="$parentText" justifyH="LEFT" inherits="GameFontNormal" />
						<FontString name="$parentSecs" justifyH="RIGHT" inherits="GameFontNormal" />
					</Layer>
				</Layers>
				<BarTexture file="Interface\TargetingFrame\UI-StatusBar"/>
				<BarColor r="0" g="1" b="0" a="1" />
			</Statusbar>			
		</Frames>
	</Frame>
	<Frame name="BKMoveTemplate" virtual="true" parent="UIParent" movable="true" toplevel="true" alpha="0.5">
		<Size>
			<AbsDimension x="50" y="50" />
		</Size>
		<Anchors>
			<Anchor point ="TOPLEFT"/>
		</Anchors>
		<Layers>
			<Layer level="BACKGROUND">
				<Texture name="$parent_Background" setAllPoints="true">
					<Color r="0" g="0" b="0.5" a="0.7" /> 
				</Texture>
			</Layer>
			<Layer level="OVERLAY">
				<FontString name="$parentText" inherits="GameFontNormal" text=""/>
			</Layer>
		</Layers>
		<!--<Scripts>
		<OnMouseDown>
			BKWMove()
		</OnMouseDown>
		<OnMouseUp>
			BadKittyWarnings:StopMovingOrSizing()
		</OnMouseUp>
		<OnDragStop>
			BadKittyWarnings:StopMovingOrSizing()
		</OnDragStop>
		</Scripts>-->
	</Frame>
	
	<Frame name="BKOptions" hidden="true" parent="UIParent">
		<Layers>
			<Layer level="ARTWORK">
				<FontString name="$parentTitle" justifyH="CENTER" justifyV="TOP" inherits="GameFontNormal" >
					<Anchors>
						<Anchor point="TOP" relativepoint="TOP">
							<Offset>
								<AbsDimension x="0" y="-15"/>
							</Offset>
						</Anchor>
					</Anchors>
				</FontString>
				<FontString name="$parentText" justifyH="LEFT" justifyV="TOP" inherits="GameFontNormal">
					<Anchors>
						<Anchor point="TOP" relativepoint="TOP">
							<Offset>
								<AbsDimension x="0" y="-50"/>
							</Offset>
						</Anchor>
					</Anchors>
				</FontString>
			</Layer>
		</Layers>
		<Frames>
			<Button name="BKOptionsMove" inherits="OptionsButtonTemplate"/>
			<Button name="BKOptionsReset" inherits="OptionsButtonTemplate"/>
		</Frames>
		<Scripts>
			<OnLoad>
				BKOptionsTitle:SetText("BadKitty!")
				BKOptionsText:SetText(BKtwopointfive)
				BK_OptionsLoad(self)
			</OnLoad>
			<OnShow>
				--BK_SetupOptions()
			</OnShow>
		</Scripts>
	</Frame>
	
	<Slider name="BKOptionsSliderTemplate" virtual="true" orientation="HORIZONTAL" minValue="10" maxValue="100">
		<Size>
			<AbsDimension x="128" y="16" />
		</Size>
		<Layers>
			<Layer level="OVERLAY">
				<FontString name="$parentText" inherits="GameFontNormal" >
					<Anchors>
						<Anchor point="LEFT" relativepoint="RIGHT">
							<Offset>
								<AbsDimension x="2" y="0"/>
							</Offset>
						</Anchor>
					</Anchors>
				</FontString>
			</Layer>
		</Layers>
		<Backdrop bgFile="Interface\Buttons\UI-SliderBar-Background" edgeFile="Interface\Buttons\UI-SliderBar-Border" tile="true">
			<EdgeSize>
				<AbsValue val="8"/>
			</EdgeSize>
			<TileSize>
				<AbsValue val="8"/>
			</TileSize>
			<BackgroundInsets>
				<AbsInset left="3" right="3" top="6" bottom="6"/>
			</BackgroundInsets>
		</Backdrop>
		<ThumbTexture file="Interface\Buttons\UI-SliderBar-Button-Horizontal"/>
	</Slider>
	
	<Frame name="BKOptionsWarning" hidden="true" parent="BKOptions">
		<Frames>
			<CheckButton name="$parentCatToggle" inherits="UICheckButtonTemplate"/>
			<CheckButton name="$parentBearToggle" inherits="UICheckButtonTemplate"/>
			<Slider name="$parentSize" inherits="BKOptionsSliderTemplate"/>
			<Slider name="$parentFont" inherits="BKOptionsSliderTemplate"/>
			<Slider name="$parentShape" inherits="BKOptionsSliderTemplate"/>
			<Slider name="$parentOpacity" inherits="BKOptionsSliderTemplate"/>
			<Slider name="$parentThreshold" inherits="BKOptionsSliderTemplate"/>
			<CheckButton name="$parentDirectionC" inherits="SendMailRadioButtonTemplate"/>
			<CheckButton name="$parentDirectionR" inherits="SendMailRadioButtonTemplate"/>
			<Button name="$parentUp1" inherits="UIPanelScrollUpButtonTemplate"/>
			<Button name="$parentUp2" inherits="UIPanelScrollUpButtonTemplate"/>
			<Button name="$parentUp3" inherits="UIPanelScrollUpButtonTemplate"/>
			<Button name="$parentUp4" inherits="UIPanelScrollUpButtonTemplate"/>
			<Button name="$parentUp5" inherits="UIPanelScrollUpButtonTemplate"/>
			<Button name="$parentUp6" inherits="UIPanelScrollUpButtonTemplate"/>
			<Button name="$parentUp7" inherits="UIPanelScrollUpButtonTemplate"/>
			<Button name="$parentUp8" inherits="UIPanelScrollUpButtonTemplate"/>
      -<Button name="$parentUp9" inherits="UIPanelScrollUpButtonTemplate"/>
      <!--<Button name="$parentUp10" inherits="UIPanelScrollUpButtonTemplate"/>-->
			<Button name="$parentDown1" inherits="UIPanelScrollDownButtonTemplate"/>
			<Button name="$parentDown2" inherits="UIPanelScrollDownButtonTemplate"/>
			<Button name="$parentDown3" inherits="UIPanelScrollDownButtonTemplate"/>
			<Button name="$parentDown4" inherits="UIPanelScrollDownButtonTemplate"/>
			<Button name="$parentDown5" inherits="UIPanelScrollDownButtonTemplate"/>
			<Button name="$parentDown6" inherits="UIPanelScrollDownButtonTemplate"/>
			<Button name="$parentDown7" inherits="UIPanelScrollDownButtonTemplate"/>
			<Button name="$parentDown8" inherits="UIPanelScrollDownButtonTemplate"/>
      <Button name="$parentDown9" inherits="UIPanelScrollDownButtonTemplate"/>
      <!--<Button name="$parentDown10" inherits="UIPanelScrollDownButtonTemplate"/>-->
			<CheckButton name="$parentOnOff1" inherits="UICheckButtonTemplate"/>
			<CheckButton name="$parentOnOff2" inherits="UICheckButtonTemplate"/>
			<CheckButton name="$parentOnOff3" inherits="UICheckButtonTemplate"/>
			<CheckButton name="$parentOnOff4" inherits="UICheckButtonTemplate"/>
			<CheckButton name="$parentOnOff5" inherits="UICheckButtonTemplate"/>
			<CheckButton name="$parentOnOff6" inherits="UICheckButtonTemplate"/>
			<CheckButton name="$parentOnOff7" inherits="UICheckButtonTemplate"/>
			<CheckButton name="$parentOnOff8" inherits="UICheckButtonTemplate"/>
      <CheckButton name="$parentOnOff9" inherits="UICheckButtonTemplate"/>
      <!--<CheckButton name="$parentOnOff10" inherits="UICheckButtonTemplate"/>-->
			<Button name="$parentBearUp1" inherits="UIPanelScrollUpButtonTemplate"/>
			<Button name="$parentBearUp2" inherits="UIPanelScrollUpButtonTemplate"/>
			<Button name="$parentBearUp3" inherits="UIPanelScrollUpButtonTemplate"/>
			<Button name="$parentBearUp4" inherits="UIPanelScrollUpButtonTemplate"/>
			<Button name="$parentBearUp5" inherits="UIPanelScrollUpButtonTemplate"/>
			<Button name="$parentBearUp6" inherits="UIPanelScrollUpButtonTemplate"/>
			<Button name="$parentBearUp7" inherits="UIPanelScrollUpButtonTemplate"/>
			<Button name="$parentBearUp8" inherits="UIPanelScrollUpButtonTemplate"/>
			<Button name="$parentBearUp9" inherits="UIPanelScrollUpButtonTemplate"/>
			<Button name="$parentBearDown1" inherits="UIPanelScrollDownButtonTemplate"/>
			<Button name="$parentBearDown2" inherits="UIPanelScrollDownButtonTemplate"/>
			<Button name="$parentBearDown3" inherits="UIPanelScrollDownButtonTemplate"/>
			<Button name="$parentBearDown4" inherits="UIPanelScrollDownButtonTemplate"/>
			<Button name="$parentBearDown5" inherits="UIPanelScrollDownButtonTemplate"/>
			<Button name="$parentBearDown6" inherits="UIPanelScrollDownButtonTemplate"/>
			<Button name="$parentBearDown7" inherits="UIPanelScrollDownButtonTemplate"/>
			<Button name="$parentBearDown8" inherits="UIPanelScrollDownButtonTemplate"/>
			<Button name="$parentBearDown9" inherits="UIPanelScrollDownButtonTemplate"/>
			<CheckButton name="$parentBearOnOff1" inherits="UICheckButtonTemplate"/>
			<CheckButton name="$parentBearOnOff2" inherits="UICheckButtonTemplate"/>
			<CheckButton name="$parentBearOnOff3" inherits="UICheckButtonTemplate"/>
			<CheckButton name="$parentBearOnOff4" inherits="UICheckButtonTemplate"/>
			<CheckButton name="$parentBearOnOff5" inherits="UICheckButtonTemplate"/>
			<CheckButton name="$parentBearOnOff6" inherits="UICheckButtonTemplate"/>
			<CheckButton name="$parentBearOnOff7" inherits="UICheckButtonTemplate"/>
			<CheckButton name="$parentBearOnOff8" inherits="UICheckButtonTemplate"/>
			<CheckButton name="$parentBearOnOff9" inherits="UICheckButtonTemplate"/>
			
		</Frames>
		<Scripts>
			<OnLoad>
				BK_LoadChild(self,"Warning Options")
			</OnLoad>
		</Scripts>
	</Frame>
	<Frame name="BKOptionsBar" hidden="true" parent="BKOptions">
		<Frames>
			<CheckButton name="$parentCatToggle" inherits="UICheckButtonTemplate"/>
			<CheckButton name="$parentBearToggle" inherits="UICheckButtonTemplate"/>
			<CheckButton name="$parentLock" inherits="UICheckButtonTemplate"/>
			<CheckButton name="$parentZero" inherits="UICheckButtonTemplate"/>
			<CheckButton name="$parentToggle1" inherits="UICheckButtonTemplate"/>
			<CheckButton name="$parentToggle2" inherits="UICheckButtonTemplate"/>
			<CheckButton name="$parentToggle3" inherits="UICheckButtonTemplate"/>
			<CheckButton name="$parentToggle4" inherits="UICheckButtonTemplate"/>
			<CheckButton name="$parentToggle5" inherits="UICheckButtonTemplate"/>
			<CheckButton name="$parentToggle6" inherits="UICheckButtonTemplate"/>
			<CheckButton name="$parentToggle7" inherits="UICheckButtonTemplate"/>
			<CheckButton name="$parentToggle8" inherits="UICheckButtonTemplate"/>
			<CheckButton name="$parentToggle9" inherits="UICheckButtonTemplate"/>
			<CheckButton name="$parentToggle10" inherits="UICheckButtonTemplate"/>
			<CheckButton name="$parentToggle11" inherits="UICheckButtonTemplate"/>
			<CheckButton name="$parentToggle12" inherits="UICheckButtonTemplate"/>
			<!--<CheckButton name="$parentBearLock" inherits="UICheckButtonTemplate"/>
			<CheckButton name="$parentBearZero" inherits="UICheckButtonTemplate"/>-->
			<CheckButton name="$parentBearToggle1" inherits="UICheckButtonTemplate"/>
			<CheckButton name="$parentBearToggle2" inherits="UICheckButtonTemplate"/>
			<CheckButton name="$parentBearToggle3" inherits="UICheckButtonTemplate"/>
			<CheckButton name="$parentBearToggle4" inherits="UICheckButtonTemplate"/>
			<CheckButton name="$parentBearToggle5" inherits="UICheckButtonTemplate"/>
			<CheckButton name="$parentBearToggle6" inherits="UICheckButtonTemplate"/>
			<CheckButton name="$parentBearToggle7" inherits="UICheckButtonTemplate"/>
			<CheckButton name="$parentBearToggle8" inherits="UICheckButtonTemplate"/>
			<CheckButton name="$parentBearToggle9" inherits="UICheckButtonTemplate"/>
			<CheckButton name="$parentCombat" inherits="UICheckButtonTemplate"/>
			<EditBox name="$parentLength"><FontString inherits="GameFontNormal"/></EditBox>
			<CheckButton name="$parentScaleOn" inherits="SendMailRadioButtonTemplate"/>
			<CheckButton name="$parentScaleOff" inherits="SendMailRadioButtonTemplate"/>
			<CheckButton name="$parentDirectionUp" inherits="SendMailRadioButtonTemplate"/>
			<CheckButton name="$parentDirectionDown" inherits="SendMailRadioButtonTemplate"/>
			<Button name="$parentUp1" inherits="UIPanelScrollUpButtonTemplate"/>
			<Button name="$parentUp2" inherits="UIPanelScrollUpButtonTemplate"/>
			<Button name="$parentUp3" inherits="UIPanelScrollUpButtonTemplate"/>
			<Button name="$parentUp4" inherits="UIPanelScrollUpButtonTemplate"/>
			<Button name="$parentUp5" inherits="UIPanelScrollUpButtonTemplate"/>
			<Button name="$parentUp6" inherits="UIPanelScrollUpButtonTemplate"/>
			<Button name="$parentUp7" inherits="UIPanelScrollUpButtonTemplate"/>
			<Button name="$parentUp8" inherits="UIPanelScrollUpButtonTemplate"/>
			<Button name="$parentUp9" inherits="UIPanelScrollUpButtonTemplate"/>
			<Button name="$parentUp10" inherits="UIPanelScrollUpButtonTemplate"/>
			<Button name="$parentUp11" inherits="UIPanelScrollUpButtonTemplate"/>
			<Button name="$parentUp12" inherits="UIPanelScrollUpButtonTemplate"/>
			<Button name="$parentDown1" inherits="UIPanelScrollDownButtonTemplate"/>
			<Button name="$parentDown2" inherits="UIPanelScrollDownButtonTemplate"/>
			<Button name="$parentDown3" inherits="UIPanelScrollDownButtonTemplate"/>
			<Button name="$parentDown4" inherits="UIPanelScrollDownButtonTemplate"/>
			<Button name="$parentDown5" inherits="UIPanelScrollDownButtonTemplate"/>
			<Button name="$parentDown6" inherits="UIPanelScrollDownButtonTemplate"/>
			<Button name="$parentDown7" inherits="UIPanelScrollDownButtonTemplate"/>
			<Button name="$parentDown8" inherits="UIPanelScrollDownButtonTemplate"/>
			<Button name="$parentDown9" inherits="UIPanelScrollDownButtonTemplate"/>
			<Button name="$parentDown10" inherits="UIPanelScrollDownButtonTemplate"/>
			<Button name="$parentDown11" inherits="UIPanelScrollDownButtonTemplate"/>
			<Button name="$parentDown12" inherits="UIPanelScrollDownButtonTemplate"/>
			<Button name="$parentBearUp1" inherits="UIPanelScrollUpButtonTemplate"/>
			<Button name="$parentBearUp2" inherits="UIPanelScrollUpButtonTemplate"/>
			<Button name="$parentBearUp3" inherits="UIPanelScrollUpButtonTemplate"/>
			<Button name="$parentBearUp4" inherits="UIPanelScrollUpButtonTemplate"/>
			<Button name="$parentBearUp5" inherits="UIPanelScrollUpButtonTemplate"/>
			<Button name="$parentBearUp6" inherits="UIPanelScrollUpButtonTemplate"/>
			<Button name="$parentBearUp7" inherits="UIPanelScrollUpButtonTemplate"/>
			<Button name="$parentBearUp8" inherits="UIPanelScrollUpButtonTemplate"/>
			<Button name="$parentBearUp9" inherits="UIPanelScrollUpButtonTemplate"/>
			<Button name="$parentBearDown1" inherits="UIPanelScrollDownButtonTemplate"/>
			<Button name="$parentBearDown2" inherits="UIPanelScrollDownButtonTemplate"/>
			<Button name="$parentBearDown3" inherits="UIPanelScrollDownButtonTemplate"/>
			<Button name="$parentBearDown4" inherits="UIPanelScrollDownButtonTemplate"/>
			<Button name="$parentBearDown5" inherits="UIPanelScrollDownButtonTemplate"/>
			<Button name="$parentBearDown6" inherits="UIPanelScrollDownButtonTemplate"/>
			<Button name="$parentBearDown7" inherits="UIPanelScrollDownButtonTemplate"/>
			<Button name="$parentBearDown8" inherits="UIPanelScrollDownButtonTemplate"/>
			<Button name="$parentBearDown9" inherits="UIPanelScrollDownButtonTemplate"/>
		</Frames>
		<Scripts>
			<OnLoad>
				BK_LoadChild(self,"Bar Layout")
			</OnLoad>
		</Scripts>
	</Frame>
	<Frame name="BKOptionsBarColor" hidden="true" parent="BKOptions">
		<Frames>
			<Button name="$parent1"/>
			<Button name="$parent2"/>
			<Button name="$parent3"/>
			<Button name="$parent4"/>
			<Button name="$parent5"/>
			<Button name="$parent6"/>
			<Button name="$parent7"/>
			<Button name="$parent8"/>
			<Button name="$parent9"/>
			<Button name="$parent10"/>
      <Button name="$parent11"/>
      <!--<Button name="$parent12"/>-->
			<Button name="$parentBear1"/>
			<Button name="$parentBear2"/>
			<Button name="$parentBear3"/>
			<Button name="$parentBear4"/>
			<Button name="$parentBear5"/>
			<Button name="$parentBear6"/>
			<Button name="$parentBear7"/>
			<Button name="$parentBear8"/>
      <Button name="$parentBear9"/>

			<Button name="$parent100"/> <!--this one is font-->
      <Button name="BadKittyOptionsTextureMenu" inherits="UIDropDownMenuTemplate"/>
			<Slider name="$parentBackgroundOpacity" inherits="BKOptionsSliderTemplate"/>
			<Slider name="$parentOpacity" inherits="BKOptionsSliderTemplate"/>
			<Slider name="$parentFont" inherits="BKOptionsSliderTemplate"/>
			<Slider name="$parentHeight" inherits="BKOptionsSliderTemplate"/>
			<Slider name="$parentWidth" inherits="BKOptionsSliderTemplate"/>
      <Frame name="BKOptionsBarColorExample" inherits="BKBarTemplate" parent="BKOptionsBarColor"/>
			<CheckButton name="$parentTexture1" inherits="SendMailRadioButtonTemplate"/>
			<CheckButton name="$parentTexture2" inherits="SendMailRadioButtonTemplate"/>
			<CheckButton name="$parentTexture3" inherits="SendMailRadioButtonTemplate"/>
			<CheckButton name="$parentTexture4" inherits="SendMailRadioButtonTemplate"/>
			<CheckButton name="$parentTexture5" inherits="SendMailRadioButtonTemplate"/>
			<CheckButton name="$parentTexture6" inherits="SendMailRadioButtonTemplate"/>
			<CheckButton name="$parentTexture7" inherits="SendMailRadioButtonTemplate"/>
			<CheckButton name="$parentTexture8" inherits="SendMailRadioButtonTemplate"/>
			<CheckButton name="$parentTexture9" inherits="SendMailRadioButtonTemplate"/>
			<CheckButton name="$parentTexture10" inherits="SendMailRadioButtonTemplate"/>
			<CheckButton name="$parentTexture11" inherits="SendMailRadioButtonTemplate"/>
			<CheckButton name="$parentTexture12" inherits="SendMailRadioButtonTemplate"/>
			<CheckButton name="$parentTexture13" inherits="SendMailRadioButtonTemplate"/>
			<CheckButton name="$parentTexture14" inherits="SendMailRadioButtonTemplate"/>
			<CheckButton name="$parentTexture15" inherits="SendMailRadioButtonTemplate"/>
			<CheckButton name="$parentTexture16" inherits="SendMailRadioButtonTemplate"/>
			<Frame name="$parentTextureBar1" inherits="BKBarTemplate" parent="BKOptionsBarColor"/>
			<Frame name="$parentTextureBar2" inherits="BKBarTemplate" parent="BKOptionsBarColor"/>
			<Frame name="$parentTextureBar3" inherits="BKBarTemplate" parent="BKOptionsBarColor"/>
			<Frame name="$parentTextureBar4" inherits="BKBarTemplate" parent="BKOptionsBarColor"/>
			<Frame name="$parentTextureBar5" inherits="BKBarTemplate" parent="BKOptionsBarColor"/>
			<Frame name="$parentTextureBar6" inherits="BKBarTemplate" parent="BKOptionsBarColor"/>
			<Frame name="$parentTextureBar7" inherits="BKBarTemplate" parent="BKOptionsBarColor"/>
			<Frame name="$parentTextureBar8" inherits="BKBarTemplate" parent="BKOptionsBarColor"/>
			<Frame name="$parentTextureBar9" inherits="BKBarTemplate" parent="BKOptionsBarColor"/>
      <Frame name="$parentTextureBar10" inherits="BKBarTemplate" parent="BKOptionsBarColor"/>
			<Frame name="$parentTextureBar11" inherits="BKBarTemplate" parent="BKOptionsBarColor"/>
			<Frame name="$parentTextureBar12" inherits="BKBarTemplate" parent="BKOptionsBarColor"/>
			<Frame name="$parentTextureBar13" inherits="BKBarTemplate" parent="BKOptionsBarColor"/>
			<Frame name="$parentTextureBar14" inherits="BKBarTemplate" parent="BKOptionsBarColor"/>
			<Frame name="$parentTextureBar15" inherits="BKBarTemplate" parent="BKOptionsBarColor"/>
			<Frame name="$parentTextureBar16" inherits="BKBarTemplate" parent="BKOptionsBarColor"/>
		</Frames>
		<Scripts>
			<OnLoad>
				BK_LoadChild(self,"Bar Visuals")
			</OnLoad>
		</Scripts>
	</Frame>
</Ui>
