<Ui xmlns="http://www.blizzard.com/wow/ui/" xmlns:xsi="http://www.w3.org/1801/XMLSchema-instance" xsi:schemaLocation="http://www.blizzard.com/wow/ui/
..\FrameXML\UI.xsd">
  <Script file="RuneHero.lua"/>

  <Button name="RuneButtonIndividualTemplateC" virtual="true" hidden="false">
    <Size>
      <AbsDimension x="18" y="18"/>
    </Size>
    <Frames>
        <Frame name="$parentBorder">
            <Size x="29" y="29"/>
            <Anchors>
                <Anchor point="CENTER">
                    <Offset x="0" y="0"/>
                </Anchor>
            </Anchors>
            <Layers>
                <Layer level="ARTWORK">
                    <Texture name="$parentTexture" file="Interface\CharacterFrame\TotemBorder">
                        <Color r=".25" g=".15" b=".3" a="1"/>
                    </Texture>
                </Layer>
            </Layers>
            <Scripts>
                <OnLoad>
                    self:SetFrameLevel(self:GetFrameLevel()+1);
                </OnLoad>
            </Scripts>
        </Frame>
    </Frames>
    <Layers>
        <Layer level="BACKGROUND">
            <Texture name="$parentBG">
                <Size x="15" y="15"/>
                <Anchors>
                    <Anchor point="CENTER"/>
                </Anchors>
                <Color r="0" g="0" b="0" a="1"/>
            </Texture>
        </Layer>
        
        <Layer level="ARTWORK">
            <Texture name="$parentRune" file="Interface\CharacterFrame\DeathKnight-BloodRune">
                <Size>
                    <AbsDimension x="15" y="15"/>
                </Size>
                <Anchors>
                    <Anchor point="CENTER">
                        <Offset>
                            <AbsDimension x="0" y="-.5"/>
                        </Offset>
                    </Anchor>
                </Anchors>
            </Texture>
        </Layer>
    </Layers>
    <Scripts>
      <OnLoad>
        RuneButtonC_OnLoad(self);
      </OnLoad>
    </Scripts>
  </Button>

  <Frame name="RuneFrameC" parent="UIParent" frameStrata="BACKGROUND" toplevel="true" movable="true" hidden="false">
    <Size>
      <AbsDimension x="512" y="256"/>
    </Size>
    <Anchors>
      <Anchor point="CENTER" relativeTo="UIParent" relativePoint="TOPLEFT">
        <Offset>
          <AbsDimension x="20" y="-105"/>
        </Offset>
      </Anchor>
    </Anchors>
    <Layers>
       <Layer level="BACKGROUND">
            <Texture name="RuneBlade" file="Interface\AddOns\RuneHero\textures\runeblade">
                <Size x="512" y="256"/>
                <Anchors>
                     <Anchor point="CENTER" relativePoint="CENTER"/>
                </Anchors>
            </Texture>
        </Layer>
       <Layer level="ARTWORK">
            <Texture name="RuneBladeStatusBar" file="Interface\AddOns\RuneHero\textures\runeblade-statusbar">
                <Size x="512" y="256"/>
                <Anchors>
                     <Anchor point="CENTER" relativePoint="CENTER"/>
                </Anchors>
            </Texture>
        </Layer>
    </Layers>
    <Scripts>
      <OnLoad>
        RuneFrameC_OnLoad(self);
      </OnLoad>
    </Scripts>
  </Frame>

  <Button name="RuneButtonIndividual1C" inherits="RuneButtonIndividualTemplateC" parent="RuneFrameC" id="1" frameStrata="HIGH"/>
  <Button name="RuneButtonIndividual2C" inherits="RuneButtonIndividualTemplateC" parent="RuneFrameC" id="2" frameStrata="HIGH"/>
  <Button name="RuneButtonIndividual3C" inherits="RuneButtonIndividualTemplateC" parent="RuneFrameC" id="3" frameStrata="HIGH"/>
  <Button name="RuneButtonIndividual4C" inherits="RuneButtonIndividualTemplateC" parent="RuneFrameC" id="4" frameStrata="HIGH"/>
  <Button name="RuneButtonIndividual5C" inherits="RuneButtonIndividualTemplateC" parent="RuneFrameC" id="5" frameStrata="HIGH"/>
  <Button name="RuneButtonIndividual6C" inherits="RuneButtonIndividualTemplateC" parent="RuneFrameC" id="6" frameStrata="HIGH"/>
</Ui>
