<Ui xmlns="http://www.blizzard.com/wow/ui/" xmlns:xsi="http://www.w3.org/2001/XMLSchema-instance" xsi:schemaLocation="http://www.blizzard.com/wow/ui/ ..\..\FrameXML\UI.xsd">

	<Script file="localization.lua"/>
	<Script file="MonkeyClockInit.lua"/>
	<Script file="MonkeyClock.lua"/>

	<Frame name="MonkeyClockFrame" parent="UIParent" movable="true" resizable="true" frameStrata="LOW" toplevel="true" hidden="false">
		<Size>
			<AbsDimension x="110" y="30"/>
		</Size>
		<Backdrop bgFile="Interface\Buttons\WHITE8X8" edgeFile="Interface\Tooltips\UI-Tooltip-Border" tile="true">
			<EdgeSize>
				<AbsValue val="16"/>
			</EdgeSize>
			<TileSize>
				<AbsValue val="16"/>
			</TileSize>
			<BackgroundInsets>
				<AbsInset left="4" right="4" top="4" bottom="4"/>
			</BackgroundInsets>
		</Backdrop>
		<Anchors>
			<Anchor point="TOP">
				<Offset>
					<AbsDimension x="0" y="-16"/>
				</Offset>
			</Anchor>
		</Anchors>
		<Frames>
			<Button name="MonkeyClockResizerBtn">
				<Size>
					<AbsDimension x="8" y="8"/>
				</Size>
				<Anchors>
					<Anchor point="BOTTOMRIGHT" relativePoint="BOTTOMRIGHT">
						<Offset>
							<AbsDimension x="0" y="0"/>
						</Offset>
					</Anchor>
				</Anchors>
				<Scripts>
					<OnMouseDown>
						MonkeyClockResizerBtn_OnMouseDown(self, button)
					</OnMouseDown>
					<OnMouseUp>
						MonkeyClockResizerBtn_OnMouseUp(self, button)
					</OnMouseUp>
				</Scripts>
				<NormalTexture file="Interface\AddOns\MonkeyClock\Textures\ResizeButton.tga"/>
				<HighlightTexture alphaMode="ADD" file="Interface\AddOns\MonkeyClock\Textures\ResizeButton-Highlight.tga"/>
			</Button>
			<Button name="MonkeyClockTextButton">
				<Anchors>
					<Anchor point="TOPLEFT" />
					<Anchor point="BOTTOMRIGHT" />
				</Anchors>
				<Layers>
					<Layer level="ARTWORK">
						<FontString name="MonkeyClockText" inherits="GameFontNormal">
							<FontHeight>
								<AbsValue val="12"/>
							</FontHeight>
							<Color r="1.0" g="1.0" b="1.0"/>
							<Anchors>
								<Anchor point="TOPLEFT" />
								<Anchor point="BOTTOMRIGHT" />
							</Anchors>
						</FontString>
					</Layer>
				</Layers>
				<Scripts>
					<OnMouseDown>
						MonkeyClock_OnMouseDown(self, button)
					</OnMouseDown>
					<OnMouseUp>
						MonkeyClock_OnMouseUp(self, button)
					</OnMouseUp>
				</Scripts>
			</Button>
		</Frames>
		<Scripts>
			<OnLoad>
				MonkeyClock_OnLoad(self)
			</OnLoad>
			<OnEvent>
				MonkeyClock_OnEvent(self, event)
			</OnEvent>
			<OnUpdate>
				MonkeyClock_OnUpdate(self, elapsed)
			</OnUpdate>
			<OnMouseDown>
				MonkeyClock_OnMouseDown(self, button)
			</OnMouseDown>
			<OnMouseUp>
				MonkeyClock_OnMouseUp(self, button)
			</OnMouseUp>
		</Scripts>
	</Frame>
	<Button name="MonkeyColourButtonTemplate" virtual="true">
	<Size>
		<AbsDimension x="16" y="16"/>
	</Size>
		<Layers>
			<Layer level="BACKGROUND">
				<Texture name="$parent_BorderTexture">
					<Size>
						<AbsDimension x="14" y="14"/>
					</Size>
					<Anchors>
						<Anchor point="CENTER">
							<Offset>
								<AbsDimension x="0" y="0"/>
							</Offset>
						</Anchor>
					</Anchors>
					<Color r="1.0" g="1.0" b="1.0"/>
				</Texture>
			</Layer>
			<Layer level="ARTWORK">
				<FontString name="$parent_Text" inherits="GameFontNormal" text="">
					<Anchors>
						<Anchor point="LEFT" relativePoint="RIGHT">
							<Offset>
								<AbsDimension x="4" y="0"/>
							</Offset>
						</Anchor>
					</Anchors>
				</FontString>
			</Layer>
		</Layers>
		<Scripts>
			<OnEnter>
				getglobal(this:GetName().."_BorderTexture"):SetVertexColor(NORMAL_FONT_COLOR.r, NORMAL_FONT_COLOR.g, NORMAL_FONT_COLOR.b)
			</OnEnter>
			<OnLeave>
				getglobal(this:GetName().."_BorderTexture"):SetVertexColor(1.0, 1.0, 1.0)
			</OnLeave>
		</Scripts>
		<NormalTexture name="$parent_SwatchTexture" file="Interface\ChatFrame\ChatFrameColorSwatch"/>
	</Button>
</Ui>
