<!-- This Source Code Form is subject to the terms of the Mozilla Public
   - License, v. 2.0. If a copy of the MPL was not distributed with this file,
   - You can obtain one at http://mozilla.org/MPL/2.0/.  -->
<Ui xmlns="http://www.blizzard.com/wow/ui/" xmlns:xsi="http://www.w3.org/2001/XMLSchema-instance" xsi:schemaLocation="http://www.blizzard.com/wow/ui/
..\FrameXML\UI.xsd">
	<Script file="localization.lua"/>
	<Script file="data.lua"/>
	<Script file="FloTotemBar.lua"/>

	<Frame name="FloBarTRAP" inherits="FloBarTemplate">
		<Size>
			<AbsDimension x="44" y="44"/>
		</Size>
		<Frames>
			<StatusBar name="$parentCountdown1" inherits="FloCountdown">
				<Size>
					<AbsDimension x="6" y="30"/>
				</Size>
			</StatusBar>
			<StatusBar name="$parentCountdown2" inherits="FloCountdown">
				<Size>
					<AbsDimension x="6" y="30"/>
				</Size>
				<Anchors>
					<Anchor point="LEFT" relativeTo="$parentCountdown1" relativePoint="RIGHT">
						<Offset>
							<AbsDimension x="2" y="0"/>
						</Offset>
					</Anchor>
				</Anchors>
			</StatusBar>
			<StatusBar name="$parentCountdown3" inherits="FloCountdown">
				<Size>
					<AbsDimension x="6" y="30"/>
				</Size>
				<Anchors>
					<Anchor point="LEFT" relativeTo="$parentCountdown2" relativePoint="RIGHT">
						<Offset>
							<AbsDimension x="2" y="0"/>
						</Offset>
					</Anchor>
				</Anchors>
			</StatusBar>
			<StatusBar name="$parentCountdown4" inherits="FloCountdown">
				<Size>
					<AbsDimension x="6" y="30"/>
				</Size>
				<Anchors>
					<Anchor point="LEFT" relativeTo="$parentCountdown3" relativePoint="RIGHT">
						<Offset>
							<AbsDimension x="2" y="0"/>
						</Offset>
					</Anchor>
				</Anchors>
			</StatusBar>
		</Frames>
		<Scripts>
			<OnLoad>
				FloTotemBar_OnLoad(self);
			</OnLoad>
			<OnEvent>
				FloTotemBar_OnEvent(self, event, ...);
			</OnEvent>
			<OnUpdate>
				FloTotemBar_OnUpdate(self);
			</OnUpdate>
		</Scripts>
	</Frame>

	<Frame name="FloTotemBarTemplate" inherits="FloBarTemplate" virtual="true">
		<Size>
			<AbsDimension x="44" y="44"/>
		</Size>
		<Frames>
			<StatusBar name="$parentCountdown" inherits="FloCountdown"/>
		</Frames>
		<Scripts>
			<OnLoad>
				FloTotemBar_OnLoad(self);
			</OnLoad>
			<OnEvent>
				FloTotemBar_OnEvent(self, event, ...);
			</OnEvent>
			<OnUpdate>
				FloTotemBar_OnUpdate(self);
			</OnUpdate>
			<OnMouseUp>
				if self.slot and IsAltKeyDown() then
					DestroyTotem(self.slot);
				end
			</OnMouseUp>
		</Scripts>
	</Frame>
	<Frame name="FloBarEARTH" inherits="FloTotemBarTemplate">
		<Anchors>
			<Anchor point="TOPLEFT" relativeTo="UIParent" relativePoint="TOPLEFT">
				<Offset>
					<AbsDimension x="0" y="120"/>
				</Offset>
			</Anchor>
		</Anchors>
	</Frame>
	<Frame name="FloBarFIRE" inherits="FloTotemBarTemplate">
		<Anchors>
			<Anchor point="TOPLEFT" relativeTo="FloBarEARTH" relativePoint="TOPRIGHT">
				<Offset>
					<AbsDimension x="10" y="0"/>
				</Offset>
			</Anchor>
		</Anchors>
	</Frame>
	<Frame name="FloBarWATER" inherits="FloTotemBarTemplate">
		<Anchors>
			<Anchor point="TOPLEFT" relativeTo="FloBarFIRE" relativePoint="TOPRIGHT">
				<Offset>
					<AbsDimension x="10" y="0"/>
				</Offset>
			</Anchor>
		</Anchors>
	</Frame>
	<Frame name="FloBarAIR" inherits="FloTotemBarTemplate">
		<Anchors>
			<Anchor point="TOPLEFT" relativeTo="FloBarWATER" relativePoint="TOPRIGHT">
				<Offset>
					<AbsDimension x="10" y="0"/>
				</Offset>
			</Anchor>
		</Anchors>
	</Frame>

	<Frame name="FloBarCALL" inherits="FloBarTemplate">
		<Size>
			<AbsDimension x="44" y="44"/>
		</Size>
		<Anchors>
			<Anchor point="TOPRIGHT" relativeTo="FloBarEARTH" relativePoint="TOPLEFT">
				<Offset>
					<AbsDimension x="-10" y="0"/>
				</Offset>
			</Anchor>
		</Anchors>
		<Scripts>
			<OnLoad>
				FloTotemBar_OnLoad(self);
			</OnLoad>
			<OnEvent>
				FloTotemBar_OnEvent(self, event, ...);
			</OnEvent>
			<OnUpdate>
				FloTotemBar_OnUpdate(self);
			</OnUpdate>
		</Scripts>
	</Frame>
</Ui>
