<Ui xmlns="http://www.blizzard.com/wow/ui/" xmlns:xsi="http://www.w3.org/2001/XMLSchema-instance" xsi:schemaLocation="http://www.blizzard.com/wow/ui/ C:ProjectsWoWBinInterfaceFrameXMLUI.xsd">

	<Frame name="Frame_GFW_FeedOMatic">
		<Scripts>
			<OnLoad>
				FOM_OnLoad();
			</OnLoad>
			<OnEvent>
				FOM_OnEvent(event, arg1);
			</OnEvent>
			<OnUpdate>
				FOM_OnUpdate(arg1);
			</OnUpdate>
		</Scripts>
	</Frame>

	<GameTooltip name="FOMTooltip" frameStrata="TOOLTIP" hidden="true" parent="UIParent" inherits="GameTooltipTemplate">
		<Scripts>
			<OnLoad>
				this:SetOwner(UIParent, "ANCHOR_NONE");
			</OnLoad>
		</Scripts>
	</GameTooltip>
	
</Ui>