<Ui xmlns="http://www.blizzard.com/wow/ui/" xmlns:xsi="http://www.w3.org/2001/XMLSchema-instance" xsi:schemaLocation="http://www.blizzard.com/wow/ui/
..\FrameXML\UI.xsd">

<Script file="Libs\LibStub\LibStub.lua"/>
<Include file="Libs\CallbackHandler-1.0\CallbackHandler-1.0\CallbackHandler-1.0.xml" /> 
<Script file="Libs\Ace2\AceLibrary\AceLibrary.lua"/>
<Script file="Libs\Ace2\AceOO-2.0\AceOO-2.0.lua"/>
<Script file="Libs\Ace2\AceAddon-2.0\AceAddon-2.0.lua"/>
<Script file="Libs\Ace2\AceConsole-2.0\AceConsole-2.0.lua"/>
<Script file="Libs\Ace2\AceHook-2.1\AceHook-2.1.lua"/>
<Script file="Libs\Ace2\AceDB-2.0\AceDB-2.0.lua"/>
<Script file="Libs\Ace2\AceEvent-2.0\AceEvent-2.0.lua"/>
<Script file="Libs\Ace2\AceLocale-2.2\AceLocale-2.2.lua"/>
<Script file="Libs\Ace2\AceModuleCore-2.0\AceModuleCore-2.0.lua"/>

<Script file="Libs\Dewdrop-2.0\Dewdrop-2.0\Dewdrop-2.0.lua"/>
<Include file="Libs\LibDogTag-3.0\lib.xml"/>
<Include file="Libs\LibDogTag-Unit-3.0\lib.xml"/>
<Script file="Libs\FuBarPlugin-2.0\FuBarPlugin-2.0\FuBarPlugin-2.0.lua"/>
<Include file="Libs\LibSharedMedia-3.0\lib.xml"/>
<Include file="Libs\LibHealComm-3.0\lib.xml"/>

</Ui>