<Ui xmlns="http://www.blizzard.com/wow/ui/" xmlns:xsi="http://www.w3.org/2001/XMLSchema-instance" xsi:schemaLocation="http://www.blizzard.com/wow/ui/
..\FrameXML\UI.xsd">
<!-- some missing stuff -->
<Font name="GameFontHighlightHuge" inherits="GameFontNormalHuge" virtual="true">
	<Color r="1.0" g="1.0" b="1.0"/>
</Font>
<Font name="GameFontDisableHuge" inherits="GameFontNormalHuge" virtual="true">
	<Color r="0.5" g="0.5" b="0.5"/>
</Font>
<Font name="GameFontNormalTiny" inherits="SystemFont_Tiny" virtual="true">
	<Color r="1.0" g="0.82" b="0"/>
</Font>
<Font name="GameFontDisableTiny" inherits="SystemFont_Tiny" virtual="true">
	<Color r="0.5" g="0.5" b="0.5"/>
</Font>
<ScrollFrame name="ListScrollFrameTemplate" inherits="FauxScrollFrameTemplate" virtual="true">
	<Layers>
		<Layer level="BACKGROUND">
			<Texture parentKey="ScrollBarTop" name="$parentTop" atlas="macropopup-scrollbar-top" useAtlasSize="true">
				<Anchors>
					<Anchor point="TOPLEFT" relativePoint="TOPRIGHT" x="-2" y="5"/>
				</Anchors>
			</Texture>
			<Texture parentKey="ScrollBarBottom" name="$parentBottom" atlas="macropopup-scrollbar-bottom" useAtlasSize="true">
				<Anchors>
					<Anchor point="BOTTOMLEFT" relativePoint="BOTTOMRIGHT" x="-2" y="-2"/>
				</Anchors>
			</Texture>
			<Texture name="$parentMiddle" atlas="!macropopup-scrollbar-middle" vertTile="true" useAtlasSize="true">
				<Anchors>
					<Anchor point="TOP" relativeTo="$parentTop" relativePoint="BOTTOM"/>
					<Anchor point="BOTTOM" relativeTo="$parentBottom" relativePoint="TOP"/>
				</Anchors>
			</Texture>
		</Layer>
	</Layers>
</ScrollFrame>

<!-- required! -->
<Include file="Libs\oUF\oUF.xml"/>
<Script file="Libs\LibStub\LibStub.lua"/>
<Script file="Libs\CallbackHandler-1.0\CallbackHandler-1.0.lua"/>
<Include file="Libs\Compat\Compat.xml"/>
<!--@no-lib-strip@-->
<Script file="Libs\AceAddon-3.0\AceAddon-3.0.lua"/>
<Script file="Libs\AceEvent-3.0\AceEvent-3.0.lua"/>
<Script file="Libs\AceTimer-3.0\AceTimer-3.0.lua"/>
<Script file="Libs\AceDB-3.0\AceDB-3.0.lua"/>
<Script file="Libs\AceDBOptions-3.0\AceDBOptions-3.0.lua"/>
<Script file="Libs\AceLocale-3.0\AceLocale-3.0.lua"/>
<Script file="Libs\AceConsole-3.0\AceConsole-3.0.lua"/>
<Include file="Libs\AceComm-3.0\AceComm-3.0.xml"/>
<Include file="Libs\AceGUI-3.0\AceGUI-3.0.xml"/>
<Include file="Libs\AceConfig-3.0\AceConfig-3.0.xml"/>
<Script file="Libs\AceSerializer-3.0\AceSerializer-3.0.lua"/>
<Script file="Libs\LibSharedMedia-3.0\LibSharedMedia-3.0.lua"/>
<Include file="Libs\AceGUI-3.0-SharedMediaWidgets\widget.xml"/>
<!--@end-no-lib-strip@-->
<Script file="Libs\LibSpellRange-1.0\LibSpellRange-1.0.lua"/>
<Script file="Libs\LibDualSpec-1.0\LibDualSpec-1.0.lua"/>
<Include file="Libs\LibHealComm-4.0\LibHealComm-4.0.xml"/>
<Script file="Libs\SpecializedAbsorbs-1.0\SpecializedAbsorbs-1.0.lua"/>
</Ui>