<Ui xmlns="http://www.blizzard.com/wow/ui/" xmlns:xsi="http://www.w3.org/2001/XMLSchema-instance" xsi:schemaLocation="http://www.blizzard.com/wow/ui/
..\FrameXML\UI.xsd">
	<Script file="TitanXP.lua"/>
	<Frame parent="UIParent">
		<Frames>
			<Button name="TitanPanelXPButton" inherits="TitanPanelComboTemplate" frameStrata="FULLSCREEN" toplevel="true">
				<Scripts>
					<OnLoad>
						TitanPanelXPButton_OnLoad();
						TitanPanelButton_OnLoad();
					</OnLoad>
					<OnShow>
						TitanPanelXPButton_OnShow();
						TitanPanelButton_OnShow();
					</OnShow>
					<OnEvent>
						TitanPanelXPButton_OnEvent(arg1, arg2);
					</OnEvent>
					<OnUpdate>
						TitanPanelXPButton_OnUpdate(arg1);
					</OnUpdate>
				</Scripts>
			</Button>
		</Frames>
	</Frame>		
</Ui>