<Ui xmlns="http://www.blizzard.com/wow/ui/" xmlns:xsi="http://www.w3.org/2001/XMLSchema-instance" xsi:schemaLocation="http://www.blizzard.com/wow/ui/ ..\FrameXML\UI.xsd">
<Script file="sellgrey.lua"/>
<Button name="sellgrey" parent="MerchantFrame" frameStrata="HIGH" inherits="OptionsButtonTemplate" text="Sell Grey">
	<Anchors>
		<Anchor point="TOPRIGHT" relativeTo="MerchantFrame">
			<Offset>
				<AbsDimension x="-41" y="-37"/>
			</Offset>
		</Anchor>
	</Anchors>
	<Scripts>
		<OnClick>
			SellGreyItems()
		</OnClick>
	</Scripts>
</Button>

<Button name="pdt_ListLimit" parent="MerchantFrame" frameStrata="HIGH" inherits="OptionsButtonTemplate" text="List Limited">
	<Anchors>
		<Anchor point="TOPRIGHT" relativeTo="sellgrey">
			<Offset>
				<AbsDimension x="-95" y="0"/>
			</Offset>
		</Anchor>
	</Anchors>
	<Scripts>
		<OnClick>
			pdt_ListLimitedItems()
		</OnClick>
	</Scripts>
</Button>

<Button name="pdt_BuyLimit" parent="MerchantFrame" frameStrata="HIGH" inherits="OptionsButtonTemplate" text="Buy Limited">
	<Anchors>
		<Anchor point="TOPRIGHT" relativeTo="pdt_ListLimit">
			<Offset>
				<AbsDimension x="-95" y="0"/>
			</Offset>
		</Anchor>
	</Anchors>
	<Scripts>
		<OnClick>
			pdt_BuyLimitedItems()
		</OnClick>
	</Scripts>
</Button>

</Ui>