<Bindings>
    <Binding name="GLADDYBUTTON1_LEFT" header="GLADDY"/>
    <Binding name="GLADDYBUTTON2_LEFT"/>
    <Binding name="GLADDYBUTTON3_LEFT"/>
    <Binding name="GLADDYBUTTON4_LEFT"/>
    <Binding name="GLADDYBUTTON5_LEFT"/>

    <Binding name="GLADDYBUTTON1_RIGHT"/>
    <Binding name="GLADDYBUTTON2_RIGHT"/>
    <Binding name="GLADDYBUTTON3_RIGHT"/>
    <Binding name="GLADDYBUTTON4_RIGHT"/>
    <Binding name="GLADDYBUTTON5_RIGHT"/>

    <Binding name="GLADDYBUTTON1_MIDDLE"/>
    <Binding name="GLADDYBUTTON2_MIDDLE"/>
    <Binding name="GLADDYBUTTON3_MIDDLE"/>
    <Binding name="GLADDYBUTTON4_MIDDLE"/>
    <Binding name="GLADDYBUTTON5_MIDDLE"/>

    <Binding name="GLADDYBUTTON1_BUTTON4"/>
    <Binding name="GLADDYBUTTON2_BUTTON4"/>
    <Binding name="GLADDYBUTTON3_BUTTON4"/>
    <Binding name="GLADDYBUTTON4_BUTTON4"/>
    <Binding name="GLADDYBUTTON5_BUTTON4"/>

    <Binding name="GLADDYBUTTON1_BUTTON5"/>
    <Binding name="GLADDYBUTTON2_BUTTON5"/>
    <Binding name="GLADDYBUTTON3_BUTTON5"/>
    <Binding name="GLADDYBUTTON4_BUTTON5"/>
    <Binding name="GLADDYBUTTON5_BUTTON5"/>


	<Binding header="GLADDY" name="GLADDYTRINKET1" />
	<Binding name="GLADDYTRINKET2" />
	<Binding name="GLADDYTRINKET3" />
	<Binding name="GLADDYTRINKET4" />
	<Binding name="GLADDYTRINKET5" />
</Bindings>