<Ui xmlns="http://www.blizzard.com/wow/ui/" xmlns:xsi="http://www.w3.org/2001/XMLSchema-instance" xsi:schemaLocation="http://www.blizzard.com/wow/ui/
..\FrameXML\UI.xsd">
	<Include file="libs\LibRock-1.0\lib.xml"/>
	<Include file="libs\LibRockDB-1.0\lib.xml"/>
	<Include file="libs\LibRockConfig-1.0\lib.xml"/>
	<Include file="libs\LibRockModuleCore-1.0\lib.xml"/>
	<Include file="libs\LibRockTimer-1.0\lib.xml"/>
	<Include file="libs\LibRockHook-1.0\lib.xml"/>
	<Include file="libs\LibRockEvent-1.0\lib.xml"/>
	<Include file="libs\LibRockLocale-1.0\lib.xml"/>
</Ui>
