<Ui xmlns="http://www.blizzard.com/wow/ui/" xmlns:xsi="http://www.w3.org/2001/XMLSchema-instance" xsi:schemaLocation="http://www.blizzard.com/wow/ui/
..\FrameXML\UI.xsd">
	<Script file="Appearance\Appearance.lua"/>
	<Script file="AutoZoom\AutoZoom.lua"/>
	<Script file="Compass\Compass.lua"/>
	<Script file="Coordinates\Coordinates.lua"/>
	<Script file="Expander\Expander.lua"/>
	<Script file="Location\Location.lua"/>
	<Script file="MoveButtons\MoveButtons.lua"/>
	<Script file="Ping\Ping.lua"/>
	<Script file="Position\Position.lua"/>
	<Script file="RangeCircle\RangeCircle.lua"/>
	<Script file="ShowHide\ShowHide.lua"/>
	<Script file="TrackingDots\TrackingDots.lua"/>
	<Script file="WheelZoom\WheelZoom.lua"/>
</Ui>
