<Ui xmlns="http://www.blizzard.com/wow/ui/">
	<Script file="bag.lua"/>
	<Script file="bagFrame.lua"/>
	<Script file="bagToggle.lua"/>
	<Script file="brokerDisplay.lua"/>
	<Script file="frame.lua"/>
	<Script file="item.lua"/>
	<Script file="itemFrame.lua"/>
	<Script file="moneyFrame.lua"/>
	<Script file="optionsToggle.lua"/>
	<Script file="playerSelector.lua"/>
  	<Script file="playerDropdown.lua"/>
	<Script file="searchFrame.lua"/>
	<Script file="searchToggle.lua"/>
	<Script file="titleFrame.lua"/>
  	<Script file="tooltips.lua"/>
</Ui>