<Ui xmlns="http://www.blizzard.com/wow/ui/" xmlns:xsi="http://www.w3.org/2001/XMLSchema-instance" xsi:schemaLocation="http://www.blizzard.com/wow/ui/
..\FrameXML\UI.xsd">
     <Script file="TitanUIScale.lua"/>
     <Frame name="TitanPanelUIScaleControlFrameTemplate" virtual="true" hidden="true">
          <Size>
               <AbsDimension x="400" y="210" />
          </Size>
          <Backdrop bgFile="Interface\Tooltips\UI-Tooltip-Background" edgeFile="Interface\Tooltips\UI-Tooltip-Border" tile="true">
               <EdgeSize>
                    <AbsValue val="16"/>
               </EdgeSize>
               <TileSize>
                    <AbsValue val="16"/>
               </TileSize>
               <BackgroundInsets>
                    <AbsInset left="5" right="5" top="5" bottom="5"/>
               </BackgroundInsets>
          </Backdrop>
          <Layers>
               <Layer>
               <FontString name="$parentTitle" inherits="GameFontNormalSmall">
                         <Anchors>
                              <Anchor point="TOP">
                                   <Offset>
                                        <AbsDimension x="0" y="-10" />
                                   </Offset>
                              </Anchor>
                         </Anchors>
                    </FontString>
                    <FontString name="$parentTooltipFontTitle" inherits="GameFontNormalSmall">
                         <Anchors>
                              <Anchor point="TOP">
                                   <Offset>
                                        <AbsDimension x="-155" y="-30" />
                                   </Offset>
                              </Anchor>
                         </Anchors>
                    </FontString>
               <FontString name="$parentTooltipTransTitle" inherits="GameFontNormalSmall">
                         <Anchors>
                              <Anchor point="TOP">
                                   <Offset>
                                        <AbsDimension x="-85" y="-30" />
                                   </Offset>
                              </Anchor>
                         </Anchors>
                    </FontString>
                    <FontString name="$parentUITitle" inherits="GameFontNormalSmall">
                         <Anchors>
                              <Anchor point="TOP">
                                   <Offset>
                                        <AbsDimension x="-15" y="-30" />
                                   </Offset>
                              </Anchor>
                         </Anchors>
                    </FontString>
                    <FontString name="$parentPanelTitle" inherits="GameFontNormalSmall">
                         <Anchors>
                              <Anchor point="TOP">
                                   <Offset>
                                        <AbsDimension x="55" y="-30" />
                                   </Offset>
                              </Anchor>
                         </Anchors>
                    </FontString>
                    <FontString name="$parentButtonSpacingTitle" inherits="GameFontNormalSmall">
                         <Anchors>
                              <Anchor point="TOP">
                                   <Offset>
                                        <AbsDimension x="140" y="-30" />
                                   </Offset>
                              </Anchor>
                         </Anchors>
                    </FontString>
               </Layer>
          </Layers>
          <Frames>
          <Slider name="TitanPanelTooltipFontControlSlider" inherits="TitanOptionsSliderTemplate">
                    <Anchors>
                         <Anchor point="TOP">
                              <Offset>
                                   <AbsDimension x="-155" y="-70"/>
                              </Offset>
                         </Anchor>
                    </Anchors>
                    <Scripts>
                         <OnShow>
                              TitanPanelTooltipFontControlSlider_OnShow();
                         </OnShow>
                         <OnValueChanged>
                              TitanPanelTooltipFontControlSlider_OnValueChanged();
                         </OnValueChanged>
                         <OnMouseWheel>
                           TitanPanelTooltipFontControlSlider_OnValueChanged(arg1);
                         </OnMouseWheel>
                         <OnEnter>
                              TitanPanelTooltipFontControlSlider_OnEnter();
                         </OnEnter>
                         <OnLeave>
                              TitanPanelTooltipFontControlSlider_OnLeave();
                         </OnLeave>
                    </Scripts>
               </Slider>
               <CheckButton name="TitanPanelTooltipFontCheckButton" inherits="OptionsCheckButtonTemplate">
                    <Size>
                         <AbsDimension x="24" y="24"/>
                    </Size>
                    <Anchors>
                         <Anchor point="TOP" relativeTo="TitanPanelTooltipFontControlSlider" relativePoint="BOTTOM">
                              <Offset>
                                   <AbsDimension x="0" y="-12"/>
                              </Offset>
                         </Anchor>
                    </Anchors>
                    <Scripts>
                         <OnShow>
                              TitanPanelTooltipFontCheckButton_OnShow();
                         </OnShow>
                         <OnClick>
                              TitanPanelTooltipFontCheckButton_OnClick();
                         </OnClick>
                         <OnEnter>
                              TitanPanelTooltipFontCheckButton_OnEnter();
                         </OnEnter>
                         <OnLeave>
                              TitanPanelTooltipFontCheckButton_OnLeave();
                         </OnLeave>
                    </Scripts>
               </CheckButton>
          <Slider name="TitanPanelTooltipTransControlSlider" inherits="TitanOptionsSliderTemplate">
                    <Anchors>
                         <Anchor point="TOP">
                              <Offset>
                                   <AbsDimension x="-85" y="-70"/>
                              </Offset>
                         </Anchor>
                    </Anchors>
                    <Scripts>
                         <OnShow>
                              TitanPanelTooltipTransControlSlider_OnShow();
                         </OnShow>
                         <OnValueChanged>
                              TitanPanelTooltipTransControlSlider_OnValueChanged();
                         </OnValueChanged>
                         <OnMouseWheel>
                           TitanPanelTooltipTransControlSlider_OnValueChanged(arg1);
                         </OnMouseWheel>
                         <OnEnter>
                              TitanPanelTooltipTransControlSlider_OnEnter();
                         </OnEnter>
                         <OnLeave>
                              TitanPanelTooltipTransControlSlider_OnLeave();
                         </OnLeave>
                    </Scripts>
               </Slider>
               <Slider name="TitanPanelUIScaleControlSlider" inherits="TitanOptionsSliderTemplate">
                    <Anchors>
                         <Anchor point="TOP">
                              <Offset>
                                   <AbsDimension x="-15" y="-70"/>
                              </Offset>
                         </Anchor>
                    </Anchors>
                    <Scripts>
                         <OnShow>
                              TitanPanelUIScaleControlSlider_OnShow();
                         </OnShow>
                         <OnValueChanged>
                              TitanPanelUIScaleControlSlider_OnValueChanged();
                         </OnValueChanged>
                         <OnMouseWheel>
                           TitanPanelUIScaleControlSlider_OnValueChanged(arg1);
                         </OnMouseWheel>
                         <OnEnter>
                              TitanPanelUIScaleControlSlider_OnEnter();
                         </OnEnter>
                         <OnLeave>
                              TitanPanelUIScaleControlSlider_OnLeave();
                         </OnLeave>
                    </Scripts>
               </Slider>
               <Slider name="TitanPanelPanelScaleControlSlider" inherits="TitanOptionsSliderTemplate">
                    <Anchors>
                         <Anchor point="TOP">
                              <Offset>
                                   <AbsDimension x="55" y="-70"/>
                              </Offset>
                         </Anchor>
                    </Anchors>
                    <Scripts>
                         <OnShow>
                              TitanPanelPanelScaleControlSlider_OnShow();
                         </OnShow>
                         <OnValueChanged>
                              TitanPanelPanelScaleControlSlider_OnValueChanged();
                         </OnValueChanged>
                         <OnMouseWheel>
                           TitanPanelPanelScaleControlSlider_OnValueChanged(arg1);
                         </OnMouseWheel>
                         <OnEnter>
                              TitanPanelPanelScaleControlSlider_OnEnter();
                         </OnEnter>
                         <OnLeave>
                              TitanPanelPanelScaleControlSlider_OnLeave();
                         </OnLeave>
                    </Scripts>
               </Slider>
               <Slider name="TitanPanelButtonSpacingControlSlider" inherits="TitanOptionsSliderTemplate">
                    <Anchors>
                         <Anchor point="TOP">
                              <Offset>
                                   <AbsDimension x="140" y="-70"/>
                              </Offset>
                         </Anchor>
                    </Anchors>
                    <Scripts>
                         <OnShow>
                              TitanPanelButtonSpacingControlSlider_OnShow();
                         </OnShow>
                         <OnValueChanged>
                              TitanPanelButtonSpacingControlSlider_OnValueChanged();
                         </OnValueChanged>
                         <OnMouseWheel>
                           TitanPanelButtonSpacingControlSlider_OnValueChanged(arg1);
                         </OnMouseWheel>
                         <OnEnter>
                              TitanPanelButtonSpacingControlSlider_OnEnter();
                         </OnEnter>
                         <OnLeave>
                              TitanPanelButtonSpacingControlSlider_OnLeave();
                         </OnLeave>
                    </Scripts>
               </Slider>
          </Frames>
          <Scripts>
               <OnLoad>
                    TitanPanelUIScaleControlFrame_OnLoad();
               </OnLoad>
               <OnShow>
                    TitanPanelUIScaleControlFrame_OnShow();
               </OnShow>
               <OnEnter>
                    TitanUtils_StopFrameCounting(this);
               </OnEnter>
               <OnLeave>
                    TitanUtils_StartFrameCounting(this, TITAN_UISCALE_FRAME_SHOW_TIME);
               </OnLeave>
               <OnUpdate>
                    TitanPanelUIScaleControlFrame_OnUpdate(arg1);
               </OnUpdate>
          </Scripts>
     </Frame>
     <Frame parent="UIParent">
          <Frames>
               <Button name="TitanPanelUIScaleButton" inherits="TitanPanelIconTemplate" frameStrata="FULLSCREEN" toplevel="true">
                    <Scripts>
                         <OnLoad>
                              TitanPanelUIScaleButton_OnLoad();
                              TitanPanelButton_OnLoad();
                         </OnLoad>
                    </Scripts>
               </Button>
               <Frame name="TitanPanelUIScaleControlFrame" inherits="TitanPanelUIScaleControlFrameTemplate" frameStrata="FULLSCREEN_DIALOG" toplevel="true" parent="WorldFrame"/>
          </Frames>
     </Frame>          
</Ui>