<Ui>

	<!--  Libs -->
	<Script file="Libs\AzDialog.lua"/>
	<Script file="Libs\AzDropDown.lua"/>
	<Script file="Libs\LibTableRecycler.lua"/>

	<!--  Core -->
	<Script file="core.lua"/>
	<Script file="modcore.lua"/>

	<!--  Modules -->
	<Script file="Modules\modlist.lua"/>
	<Script file="Modules\itemslots.lua"/>
	<Script file="Modules\config.lua"/>
	<Script file="Modules\cache.lua"/>
	<Script file="Modules\stats.lua"/>
	<Script file="Modules\pvp.lua"/>
	<Script file="Modules\feats.lua"/>
	<Script file="Modules\talents.lua"/>
	<Script file="Modules\gearlist.lua"/>
	<Script file="Modules\itemusage.lua"/>
	<Script file="Modules\guild.lua"/>

</Ui>