<UI xmlns="http://www.blizzard.com/wow/ui/" xmlns:xsi="http://www.w3.org/2001/XMLSchema-instance" xsi:schemaLocation="http://www.blizzard.com/wow/ui/..\FrameXML\UI.xsd">

    <Frame name="DotTracker_DotC_Frame" hidden="true" toplevel="true" frameStrata="HIGH" enableMouse="true" movable="true" parent="UIParent" clampedToScreen="true">
        <Size x="165" y="50"/>
        <Anchors>
            <Anchor point="CENTER" />
        </Anchors>
		<Backdrop bgFile="Interface\TutorialFrame\TutorialFrameBackground" edgeFile="Interface\DialogFrame\UI-DialogBox-Border" tile="true">
			<EdgeSize>
				<AbsValue val="24"/>
			</EdgeSize>
			<TileSize>
				<AbsValue val="24"/>
			</TileSize>
			<BackgroundInsets>
				<AbsInset left="5" right="5" top="5" bottom="5"/>
			</BackgroundInsets>
		</Backdrop>
		<Layers>
			<Layer level="ARTWORK">
				<Texture name="$parent_Icon" file="Interface\Icons\Spell_fire_fireball02">
					<Size>
						<AbsDimension x="32" y="32"/>
					</Size>
					<Anchors>
						<Anchor point="TOPLEFT">
							<Offset>
								<AbsDimension x="9" y="-9"/>
							</Offset>
						</Anchor>
					</Anchors>
				</Texture>
				<FontString name="$parent_Text" inherits="GameFontWhite">
					<Anchors>
						<Anchor point="TOPLEFT">
							<Offset x="44" y="-12"/>
						</Anchor>
					</Anchors>
				</FontString>
			</Layer>
		</Layers>
        <Scripts>
            <OnMouseDown>
                if ( button == "LeftButton" and not DotTracker_Options.lock ) then
                    self:StartMoving();
                    self.isMoving = true;
                end
            </OnMouseDown>
            <OnMouseUp>
                if ( self.isMoving ) then
                    self:StopMovingOrSizing();
                    self.isMoving = false;
                end
            </OnMouseUp>    
            <OnHide>
                if ( self.isMoving ) then
                    self:StopMovingOrSizing();
                    self.isMoving = false;
                end
            </OnHide>
        </Scripts>
    </Frame>
</UI>