<UI xmlns="http://www.blizzard.com/wow/ui/" xmlns:xsi="http://www.w3.org/2001/XMLSchema-instance" xsi:schemaLocation="http://www.blizzard.com/wow/ui/..\FrameXML\UI.xsd">

    <Frame name="DotTracker_Frame" toplevel="true" frameStrata="LOW" enableMouse="true" movable="true" parent="UIParent" clampedToScreen="true">
        <Size>
            <AbsDimension x="30" y="30" />
        </Size>
        <Anchors>
            <Anchor point="TOPLEFT" />
        </Anchors>
		<Backdrop bgFile="Interface\TutorialFrame\TutorialFrameBackground" edgeFile="Interface\DialogFrame\UI-DialogBox-Border" tile="true">
			<EdgeSize>
				<AbsValue val="24"/>
			</EdgeSize>
			<TileSize>
				<AbsValue val="24"/>
			</TileSize>
			<BackgroundInsets>
				<AbsInset left="5" right="5" top="5" bottom="5"/>
			</BackgroundInsets>
		</Backdrop>
		<Layers>
			<Layer level="OVERLAY">
				<FontString name="$parent_Text" inherits="GameFontWhite" text="D">
					<Anchors>
						<Anchor point="CENTER">
						</Anchor>
					</Anchors>
				</FontString>
			</Layer>
		</Layers>
        <Scripts>
            <OnLoad>
                DotTracker_OnLoad(self);
            </OnLoad>
            <OnUpdate>
                DotTracker_OnUpdate(self, elapsed);
            </OnUpdate>
            <OnMouseDown>
                if ( button == "LeftButton" and not DotTracker_Options.lock ) then
                    self:StartMoving();
                    self.isMoving = true;
                elseif ( button == "RightButton" ) then
                    DotTracker_Options_Toggle();
                end
            </OnMouseDown>
            <OnMouseUp>
                if ( self.isMoving )then
                    self:StopMovingOrSizing();
                    self.isMoving = false;
                end
            </OnMouseUp>
            <OnHide>
                if ( self.isMoving ) then
                    self:StopMovingOrSizing();
                    self.isMoving = false;
                end
            </OnHide>
            <OnEnter>
                DotTracker_OnEnter(self);
            </OnEnter>
            <OnLeave>
                GameTooltip:Hide();
            </OnLeave>
            <OnEvent>
                DotTracker_OnEvent(self, event, ...)
            </OnEvent>
        </Scripts>
        
    </Frame>

</UI>