<UI xmlns="http://www.blizzard.com/wow/ui/" xmlns:xsi="http://www.w3.org/2001/XMLSchema-instance" xsi:schemaLocation="http://www.blizzard.com/wow/ui/..\FrameXML\UI.xsd">

	<Frame name="DotTracker_Options_Frame" hidden="true" toplevel="true" frameStrata="HIGH" enableMouse="true" movable="true" parent="UIParent" clampedToScreen="true">
		<Size>
			<AbsDimension x="600" y="400" />
		</Size>
		<Anchors>
			<Anchor point="CENTER" />
		</Anchors>
		<Backdrop edgeFile="Interface\Tooltips\UI-Tooltip-Border" bgFile="Interface\Tooltips\UI-Tooltip-Background">
			<BackgroundInsets>
				<AbsInset left="4" right="4" top="4" bottom="4" />
			</BackgroundInsets>
			<EdgeSize>
				<AbsValue val="16" />
			</EdgeSize>
			<Color r="0" g="0" b="0" a="0.8" />
			<BorderColor r="0" g="0.2" b="1" a="1" />
		</Backdrop>
		<Layers>
			<Layer level="OVERLAY">
				<FontString inherits="GameFontHighlightLarge" text="DotTRACKER_OPTIONS_TITLE">
					<Anchors>
						<Anchor point="TOPLEFT">
							<Offset>
								<AbsDimension x="20" y="-20" />
							</Offset>
						</Anchor>
					</Anchors>
				</FontString>
				<FontString inherits="GameFontDisableSmall" text="DotTRACKER_OPTIONS_LEFTCLICK">
					<Anchors>
						<Anchor point="TOPLEFT">
							<Offset>
								<AbsDimension x="20" y="-36" />
							</Offset>
						</Anchor>
					</Anchors>
				</FontString>
				<FontString name="$Parent_TextA" inherits="GameFontHighlightSmall" text="DotTRACKER_OPTIONS_TOOLTIP">
					<Anchors>
						<Anchor point="TOPLEFT">
							<Offset>
								<AbsDimension x="50" y="-117" />
							</Offset>
						</Anchor>
					</Anchors>
				</FontString>
				<FontString name="$Parent_TextB" inherits="GameFontHighlightSmall" text="DotTRACKER_OPTIONS_TOOLTIP">
					<Anchors>
						<Anchor point="TOPLEFT">
							<Offset>
								<AbsDimension x="50" y="-147" />
							</Offset>
						</Anchor>
					</Anchors>
				</FontString>
				<FontString name="$Parent_TextC" inherits="GameFontHighlightSmall" text="DotTRACKER_OPTIONS_TOOLTIP">
					<Anchors>
						<Anchor point="TOPLEFT">
							<Offset>
								<AbsDimension x="50" y="-177" />
							</Offset>
						</Anchor>
					</Anchors>
				</FontString>
				<FontString name="$Parent_WidthType" inherits="GameFontHighlightSmall" text="DotTracker_OPTIONS_WIDTHTYPE">
					<Anchors>
						<Anchor point="TOPLEFT">
							<Offset>
								<AbsDimension x="20" y="-205" />
							</Offset>
						</Anchor>
					</Anchors>
				</FontString>
				<FontString name="$Parent_WidthA" inherits="GameFontHighlightSmall" text="DotTracker_OPTIONS_WIDTHA">
					<Anchors>
						<Anchor point="TOPLEFT">
							<Offset>
								<AbsDimension x="50" y="-225" />
							</Offset>
						</Anchor>
					</Anchors>
				</FontString>
				<FontString name="$Parent_WidthB" inherits="GameFontHighlightSmall" text="DotTracker_OPTIONS_WIDTHB">
					<Anchors>
						<Anchor point="TOPLEFT">
							<Offset>
								<AbsDimension x="50" y="-245" />
							</Offset>
						</Anchor>
					</Anchors>
				</FontString>
				<FontString name="$Parent_WidthC" inherits="GameFontHighlightSmall" text="DotTracker_OPTIONS_WIDTHC">
					<Anchors>
						<Anchor point="TOPLEFT">
							<Offset>
								<AbsDimension x="50" y="-265" />
							</Offset>
						</Anchor>
					</Anchors>
				</FontString>
				<FontString name="$Parent_WidthD" inherits="GameFontHighlightSmall" text="DotTracker_OPTIONS_WIDTHD">
					<Anchors>
						<Anchor point="TOPLEFT">
							<Offset>
								<AbsDimension x="50" y="-285" />
							</Offset>
						</Anchor>
					</Anchors>
				</FontString>
			</Layer>
		</Layers>
		<Frames>
			<CheckButton name="$Parent_LockBox" inherits="OptionsCheckButtonTemplate">
				<Anchors>
					<Anchor point="TOPLEFT">
						<Offset>
							<AbsDimension x="20" y="-50" />
						</Offset>
					</Anchor>
				</Anchors>
				<Layers>
					<Layer>
						<FontString inherits="GameFontHighlightSmall" text="DotTRACKER_OPTIONS_LOCK">
							<Anchors>
								<Anchor point="LEFT" relativePoint="RIGHT">
									<Offset>
										<AbsDimension x="-2" y="0" />
									</Offset>
								</Anchor>
							</Anchors>
						</FontString>
					</Layer>
				</Layers>
				<Scripts>
					<OnClick>
						DotTracker_Options.lock = not DotTracker_Options.lock;
					</OnClick>
				</Scripts>
			</CheckButton>
			<CheckButton name="$Parent_DotA" inherits="OptionsCheckButtonTemplate">
				<Anchors>
					<Anchor point="TOPLEFT">
						<Offset>
							<AbsDimension x="20" y="-110" />
						</Offset>
					</Anchor>
				</Anchors>
				<Scripts>
					<OnClick>
						DotTracker_Setting.showDotA = not DotTracker_Setting.showDotA;
					</OnClick>
				</Scripts>
			</CheckButton>
			<CheckButton name="$Parent_DotB" inherits="OptionsCheckButtonTemplate">
				<Anchors>
					<Anchor point="TOPLEFT">
						<Offset>
							<AbsDimension x="20" y="-140" />
						</Offset>
					</Anchor>
				</Anchors>
				<Scripts>
					<OnClick>
						DotTracker_Setting.showDotB = not DotTracker_Setting.showDotB;
					</OnClick>
				</Scripts>
			</CheckButton>
			<CheckButton name="$Parent_DotC" inherits="OptionsCheckButtonTemplate">
				<Anchors>
					<Anchor point="TOPLEFT">
						<Offset>
							<AbsDimension x="20" y="-170" />
						</Offset>
					</Anchor>
				</Anchors>
				<Scripts>
					<OnClick>
						DotTracker_Setting.showDotC = not DotTracker_Setting.showDotC;
					</OnClick>
				</Scripts>
			</CheckButton>
			<Slider name="$Parent_RemderSliderA" inherits="OptionsSliderTemplate">
				<Anchors>
					<Anchor point="TOPLEFT">
						<Offset>
							<AbsDimension x="250" y="-104" />
						</Offset>
					</Anchor>
				</Anchors>
				<Scripts>
					<OnLoad>
						DotTracker_SetupSlider(self, DotTracker_Dots.remTextA, 0, 30, 1);
					</OnLoad>
					<OnValueChanged>
						DotTracker_Setting.reminderDotA = this:GetValue();
						DotTracker_Frame_Size();
						DoTracker_Option_EditBox_Update();
					</OnValueChanged>
				</Scripts>
			</Slider>
			<Slider name="$Parent_RemderSliderB" inherits="OptionsSliderTemplate">
				<Anchors>
					<Anchor point="TOPLEFT">
						<Offset>
							<AbsDimension x="250" y="-142" />
						</Offset>
					</Anchor>
				</Anchors>
				<Scripts>
					<OnLoad>
						DotTracker_SetupSlider(self, DotTracker_Dots.remTextB, 0, 30, 1);
					</OnLoad>
					<OnValueChanged>
						DotTracker_Setting.reminderDotB = this:GetValue();
						DotTracker_Frame_Size();
						DoTracker_Option_EditBox_Update();
					</OnValueChanged>
				</Scripts>
			</Slider>
			<Slider name="$Parent_RemderSliderC" inherits="OptionsSliderTemplate">
				<Anchors>
					<Anchor point="TOPLEFT">
						<Offset>
							<AbsDimension x="250" y="-179" />
						</Offset>
					</Anchor>
				</Anchors>
				<Scripts>
					<OnLoad>
						DotTracker_SetupSlider(self, DotTracker_Dots.remTextC, 0, 30, 1);
					</OnLoad>
					<OnValueChanged>
						DotTracker_Setting.reminderDotC = this:GetValue();
						DotTracker_Frame_Size();
						DoTracker_Option_EditBox_Update();
					</OnValueChanged>
				</Scripts>
			</Slider>
			<CheckButton name="$Parent_TextBox" inherits="OptionsCheckButtonTemplate">
				<Anchors>
					<Anchor point="TOPLEFT">
						<Offset>
							<AbsDimension x="250" y="-220" />
						</Offset>
					</Anchor>
				</Anchors>
				<Layers>
					<Layer>
						<FontString inherits="GameFontHighlightSmall" text="DotTracker_OPTIONS_TEXT">
							<Anchors>
								<Anchor point="LEFT" relativePoint="RIGHT">
									<Offset>
										<AbsDimension x="-2" y="0" />
									</Offset>
								</Anchor>
							</Anchors>
						</FontString>
					</Layer>
				</Layers>
				<Scripts>
					<OnClick>
						DotTracker_Options.text = not DotTracker_Options.text;
						DotTracker_Frame_Size();
					</OnClick>
				</Scripts>
			</CheckButton>
			<CheckButton name="$Parent_ReminderFadeUp" inherits="OptionsCheckButtonTemplate">
				<Anchors>
					<Anchor point="TOPLEFT">
						<Offset>
							<AbsDimension x="250" y="-240" />
						</Offset>
					</Anchor>
				</Anchors>
				<Layers>
					<Layer>
						<FontString inherits="GameFontHighlightSmall" text="DotTracker_OPTIONS_REMINDER_FADE_UP">
							<Anchors>
								<Anchor point="LEFT" relativePoint="RIGHT">
									<Offset>
										<AbsDimension x="-2" y="0" />
									</Offset>
								</Anchor>
							</Anchors>
						</FontString>
					</Layer>
				</Layers>
				<Scripts>
					<OnClick>
						DotTracker_Options.reminderFadeUp = not DotTracker_Options.reminderFadeUp;
					</OnClick>
				</Scripts>
			</CheckButton>
			<CheckButton name="$Parent_ShowInVehicle" inherits="OptionsCheckButtonTemplate">
				<Anchors>
					<Anchor point="TOPLEFT">
						<Offset>
							<AbsDimension x="250" y="-260" />
						</Offset>
					</Anchor>
				</Anchors>
				<Layers>
					<Layer>
						<FontString inherits="GameFontHighlightSmall" text="DotTracker_OPTIONS_SHOW_IN_VEHICLE">
							<Anchors>
								<Anchor point="LEFT" relativePoint="RIGHT">
									<Offset>
										<AbsDimension x="-2" y="0" />
									</Offset>
								</Anchor>
							</Anchors>
						</FontString>
					</Layer>
				</Layers>
				<Scripts>
					<OnClick>
						DotTracker_Options.showInVehicle = not DotTracker_Options.showInVehicle;
					</OnClick>
				</Scripts>
			</CheckButton>
			<CheckButton name="$Parent_StanceCheck" inherits="OptionsCheckButtonTemplate">
				<Anchors>
					<Anchor point="TOPLEFT">
						<Offset>
							<AbsDimension x="250" y="-280" />
						</Offset>
					</Anchor>
				</Anchors>
				<Layers>
					<Layer>
						<FontString inherits="GameFontHighlightSmall" text="DotTracker_OPTIONS_STANCE_CHECK">
							<Anchors>
								<Anchor point="LEFT" relativePoint="RIGHT">
									<Offset>
										<AbsDimension x="-2" y="0" />
									</Offset>
								</Anchor>
							</Anchors>
						</FontString>
					</Layer>
				</Layers>
				<Scripts>
					<OnClick>
						DotTracker_Options.stanceCheck = not DotTracker_Options.stanceCheck;
					</OnClick>
				</Scripts>
			</CheckButton>
			<Slider name="$Parent_LevelSliderA" inherits="OptionsSliderTemplate">
				<Anchors>
					<Anchor point="TOPLEFT">
						<Offset>
							<AbsDimension x="430" y="-104" />
						</Offset>
					</Anchor>
				</Anchors>
				<Scripts>
					<OnLoad>
						DotTracker_SetupSlider(self, DotTracker_Dots.lvlTextA, -1, 85, 1);
					</OnLoad>
					<OnValueChanged>
						DotTracker_Setting.minLevelDotA = this:GetValue();
						DotTracker_Frame_Size();
						DoTracker_Option_EditBox_Update();
					</OnValueChanged>
				</Scripts>
			</Slider>
			<Slider name="$Parent_LevelSliderB" inherits="OptionsSliderTemplate">
				<Anchors>
					<Anchor point="TOPLEFT">
						<Offset>
							<AbsDimension x="430" y="-142" />
						</Offset>
					</Anchor>
				</Anchors>
				<Scripts>
					<OnLoad>
						DotTracker_SetupSlider(self, DotTracker_Dots.lvlTextB, -1, 85, 1);
					</OnLoad>
					<OnValueChanged>
						DotTracker_Setting.minLevelDotB = this:GetValue();
						DotTracker_Frame_Size();
						DoTracker_Option_EditBox_Update();
					</OnValueChanged>
				</Scripts>
			</Slider>
			<Slider name="$Parent_LevelSliderC" inherits="OptionsSliderTemplate">
				<Anchors>
					<Anchor point="TOPLEFT">
						<Offset>
							<AbsDimension x="430" y="-179" />
						</Offset>
					</Anchor>
				</Anchors>
				<Scripts>
					<OnLoad>
						DotTracker_SetupSlider(self, DotTracker_Dots.lvlTextC, -1, 85, 1);
					</OnLoad>
					<OnValueChanged>
						DotTracker_Setting.minLevelDotC = this:GetValue();
						DotTracker_Frame_Size();
						DoTracker_Option_EditBox_Update();
					</OnValueChanged>
				</Scripts>
			</Slider>
			<CheckButton name="$Parent_WidthTypeA" inherits="OptionsCheckButtonTemplate">
				<Anchors>
					<Anchor point="TOPLEFT">
						<Offset>
							<AbsDimension x="20" y="-220" />
						</Offset>
					</Anchor>
				</Anchors>
				<Scripts>
					<OnClick>
						DotTracker_Options.widthType = 0;
						DotTracker_WidthType_Menu_Logic();
					</OnClick>
				</Scripts>
			</CheckButton>
			<CheckButton name="$Parent_WidthTypeB" inherits="OptionsCheckButtonTemplate">
				<Anchors>
					<Anchor point="TOPLEFT">
						<Offset>
							<AbsDimension x="20" y="-240" />
						</Offset>
					</Anchor>
				</Anchors>
				<Scripts>
					<OnClick>
						DotTracker_Options.widthType = 1;
						DotTracker_WidthType_Menu_Logic();
					</OnClick>
				</Scripts>
			</CheckButton>
			<CheckButton name="$Parent_WidthTypeC" inherits="OptionsCheckButtonTemplate">
				<Anchors>
					<Anchor point="TOPLEFT">
						<Offset>
							<AbsDimension x="20" y="-260" />
						</Offset>
					</Anchor>
				</Anchors>
				<Scripts>
					<OnClick>
						DotTracker_Options.widthType = 2;
						DotTracker_WidthType_Menu_Logic();
					</OnClick>
				</Scripts>
			</CheckButton>
			<CheckButton name="$Parent_WidthTypeD" inherits="OptionsCheckButtonTemplate">
				<Anchors>
					<Anchor point="TOPLEFT">
						<Offset>
							<AbsDimension x="20" y="-280" />
						</Offset>
					</Anchor>
				</Anchors>
				<Scripts>
					<OnClick>
						DotTracker_Options.widthType = 3;
						DotTracker_WidthType_Menu_Logic();
					</OnClick>
				</Scripts>
			</CheckButton>
			<Slider name="$Parent_MinWidthSlider" inherits="OptionsSliderTemplate">
				<Anchors>
					<Anchor point="TOPLEFT">
						<Offset>
							<AbsDimension x="30" y="-360" />
						</Offset>
					</Anchor>
				</Anchors>
				<Scripts>
					<OnLoad>
						DotTracker_SetupSlider(self, DotTracker_OPTIONS_MINWIDTH, 50, 250, 2);
					</OnLoad>
					<OnValueChanged>
						DotTracker_Options.minWidth = this:GetValue();
						DotTracker_Frame_Size();
					</OnValueChanged>
				</Scripts>
			</Slider>
			<Button name="$Parent_DoneButton" inherits="OptionsButtonTemplate" text="DotTRACKER_OPTIONS_DONE">
				<Anchors>
					<Anchor point="BOTTOMRIGHT">
						<Offset>
							<AbsDimension x="-20" y="20" />
						</Offset>
					</Anchor>
				</Anchors>
				<Scripts>
					<OnClick>
						DotTracker_Options_Toggle();
					</OnClick>
				</Scripts>
			</Button>
		</Frames>
		<Scripts>
			<OnMouseDown>
				if ( button == "LeftButton" ) then
					self:StartMoving();
					self.isMoving = true;
				end
			</OnMouseDown>
			<OnMouseUp>
				if ( self.isMoving ) then
					self:StopMovingOrSizing();
					self.isMoving = false;
				end
			</OnMouseUp>    
			<OnHide>
				if ( self.isMoving ) then
					self:StopMovingOrSizing();
					self.isMoving = false;
				end
			</OnHide>
			<OnShow>
				DotTracker_Options_Init();
			</OnShow>
		</Scripts>
	</Frame>
</UI>