<Ui xmlns="http://www.blizzard.com/wow/ui/" xmlns:xsi="http://www.w3.org/2001/XMLSchema-instance" xsi:schemaLocation="http://www.blizzard.com/wow/ui/
..\FrameXML\UI.xsd">
	
	<Button name="Engraved_RuneColorButtonTemplate" virtual="true">
		<Size>
			<AbsDimension x="16" y="16"/>
		</Size>
		<Layers>
			<Layer level="BACKGROUND">
				<Texture name="$parentSwatch">
					<Size>
						<AbsDimension x="14" y="14"/>
					</Size>
					<Anchors>
						<Anchor point="CENTER">
							<Offset>
								<AbsDimension x="0" y="0"/>
							</Offset>
						</Anchor>
					</Anchors>
					<Color r="1.0" g="1.0" b="1.0"/>
				</Texture>
			</Layer>
			<Layer level="ARTWORK">
				<FontString name="$parentText" inherits="GameFontHighlight" justifyH="LEFT" justifyV="TOP">
					<Anchors>
						<Anchor point="LEFT" relativeTo="$parent" relativePoint="RIGHT">
							<Offset>
								<AbsDimension x="8" y="0"/>
							</Offset>
						</Anchor>
					</Anchors>
				</FontString>
			</Layer>
		</Layers>
		<NormalTexture name="$parentNormalTexture" file="Interface\ChatFrame\ChatFrameColorSwatch"/>
		<Scripts>
			<OnLoad>
				_G[self:GetName().."Text"]:SetText(ENGRAVED.UIPANEL_RUNECOLOR[self:GetID()]);
				self:RegisterForClicks("LeftButtonUp");
			</OnLoad>
			<OnClick>
				Engraved.ChooseRuneColor(self:GetID());
			</OnClick>
		</Scripts>
	</Button>

	<Frame name="InterfaceOptionsEngravedPanel" hidden="true" parent="InterfaceOptionsFramePanelContainer">
		<Layers>
			<Layer level="BACKGROUND">
				<Texture name="$parentBackground">
					<Anchors>
						<Anchor point="TOPLEFT">
							<Offset>
								<AbsDimension x="4" y="-4"/>
							</Offset>
						</Anchor>
						<Anchor point="BOTTOMRIGHT">
							<Offset>
								<AbsDimension x="-4" y="4"/>
							</Offset>
						</Anchor>
					</Anchors>
				</Texture>
			</Layer>
			<Layer level="ARTWORK">
				<FontString name="$parentTitle" text="Engraved" inherits="GameFontNormalLarge" justifyH="LEFT" justifyV="TOP">
					<Anchors>
						<Anchor point="TOPLEFT">
							<Offset>
								<AbsDimension x="16" y="-16"/>
							</Offset>
						</Anchor>
					</Anchors>
				</FontString>
				<FontString name="$parentVersion" inherits="GameFontNormalLarge" justifyH="LEFT" justifyV="TOP">
					<Anchors>
						<Anchor point="LEFT" relativeTo="$parentTitle" relativePoint="RIGHT">
							<Offset>
								<AbsDimension x="2" y="-0"/>
							</Offset>
						</Anchor>
					</Anchors>
				</FontString>
				<FontString name="$parentSubText" inherits="GameFontHighlightSmall" nonspacewrap="true" justifyH="LEFT" justifyV="TOP">
					<Size>
						<AbsDimension y="24" x="0"/>
					</Size>
					<Anchors>
						<Anchor point="TOPLEFT" relativeTo="$parentTitle" relativePoint="BOTTOMLEFT">
							<Offset>
								<AbsDimension x="0" y="-8"/>
							</Offset>
						</Anchor>
						<Anchor point="RIGHT">
							<Offset>
								<AbsDimension x="-24" y="0"/>
							</Offset>
						</Anchor>
					</Anchors>
				</FontString>
			</Layer>
		</Layers>
		<Scripts>
			<OnLoad>
				self.name = "Engraved";
				self.default = Engraved.Reset;
				self.cancel = Engraved.Cancel;
				self.refresh = Engraved.UIPanel_Update;
				InterfaceOptions_AddCategory(self);
				Engraved.UIPanel_OnLoad(self);
			</OnLoad>
			<OnShow>
				Engraved.OldSettings = CopyTable(Engraved_Settings);
				Engraved.UIPanel_Update();	
			</OnShow>
		</Scripts>	
		<Frames>
			<Button name="$parentRuneColorButton1" inherits="Engraved_RuneColorButtonTemplate" id="1">
				<Anchors>
					<Anchor point="TOPLEFT" relativeTo="$parent" relativePoint="TOPLEFT">
						<Offset>
							<AbsDimension x="32" y="-80"/>
						</Offset>
					</Anchor>
				</Anchors>
			</Button>
			<Button name="$parentRuneColorButton3" inherits="Engraved_RuneColorButtonTemplate" id="3">
				<Anchors>
					<Anchor point="TOPLEFT" relativeTo="$parentRuneColorButton1" relativePoint="BOTTOMLEFT">
						<Offset>
							<AbsDimension x="0" y="-16"/>
						</Offset>
					</Anchor>
				</Anchors>
			</Button>
			<Button name="$parentRuneColorButton2" inherits="Engraved_RuneColorButtonTemplate" id="2">
				<Anchors>
					<Anchor point="TOPLEFT" relativeTo="$parentRuneColorButton3" relativePoint="BOTTOMLEFT">
						<Offset>
							<AbsDimension x="0" y="-16"/>
						</Offset>
					</Anchor>
				</Anchors>
			</Button>
			<Button name="$parentRuneColorButton4" inherits="Engraved_RuneColorButtonTemplate" id="4">
				<Anchors>
					<Anchor point="TOPLEFT" relativeTo="$parentRuneColorButton2" relativePoint="BOTTOMLEFT">
						<Offset>
							<AbsDimension x="0" y="-16"/>
						</Offset>
					</Anchor>
				</Anchors>
			</Button>
			<Frame name="$parentThemeDropDown" inherits="UIDropDownMenuTemplate" enableMouse="true">
				<Anchors>
					<Anchor point="TOPLEFT" relativeTo="$parent" relativePoint="TOPLEFT">
						<Offset>
							<AbsDimension x="204" y="-80"/>
						</Offset>
					</Anchor>
				</Anchors>
				<Layers>
					<Layer level="BACKGROUND">
						<FontString name="$parentLabel" inherits="GameFontHighlight">
							<Anchors>
								<Anchor point="BOTTOM" relativePoint="TOP">
									<Offset>
										<AbsDimension x="0" y="3"/>
									</Offset>
								</Anchor>
							</Anchors>
						</FontString>
					</Layer>
				</Layers>
				<Scripts>
					<OnLoad>
						UIDropDownMenu_Initialize(self, Engraved.ThemeDropDown);
					</OnLoad>
					<OnShow>
						UIDropDownMenu_Initialize(self, Engraved.ThemeDropDown);
					</OnShow>
					<OnEnter>
						GameTooltip:SetOwner(self, "ANCHOR_RIGHT");
						GameTooltip:SetText(ENGRAVED.UIPANEL_THEME_TOOLTIP, nil, nil, nil, nil, 1);
					</OnEnter>
					<OnLeave function="GameTooltip_Hide"/>
				</Scripts>
			</Frame>
			<Frame name="$parentTimerDropDown" inherits="UIDropDownMenuTemplate" enableMouse="true">
				<Anchors>
					<Anchor point="TOPLEFT" relativeTo="$parentThemeDropDown" relativePoint="BOTTOMLEFT">
						<Offset>
							<AbsDimension x="0" y="-20"/>
						</Offset>
					</Anchor>
				</Anchors>
				<Layers>
					<Layer level="BACKGROUND">
						<FontString name="$parentLabel" inherits="GameFontHighlight">
							<Anchors>
								<Anchor point="BOTTOM" relativePoint="TOP">
									<Offset>
										<AbsDimension x="0" y="3"/>
									</Offset>
								</Anchor>
							</Anchors>
						</FontString>
					</Layer>
				</Layers>
				<Scripts>
					<OnLoad>
						UIDropDownMenu_Initialize(self, Engraved.TimerDropDown);
					</OnLoad>
					<OnShow>
						UIDropDownMenu_Initialize(self, Engraved.TimerDropDown);
					</OnShow>
					<OnEnter>
						GameTooltip:SetOwner(self, "ANCHOR_RIGHT");
						GameTooltip:SetText(ENGRAVED.UIPANEL_TIMERMETHOD_TOOLTIP, nil, nil, nil, nil, 1);
					</OnEnter>
					<OnLeave function="GameTooltip_Hide"/>
				</Scripts>
			</Frame>
			<CheckButton name="$parentPrioritizeButton" inherits="InterfaceOptionsCheckButtonTemplate">
				<Anchors>
					<Anchor point="TOPLEFT" relativeTo="$parentTimerDropDown" relativePoint="BOTTOMLEFT">
						<Offset>
							<AbsDimension x="24" y="-12"/>
						</Offset>
					</Anchor>
				</Anchors>
				<Scripts>
					<OnLoad>
						_G[self:GetName().."Text"]:SetText(ENGRAVED.UIPANEL_PRIORITIZE);
						self:RegisterForClicks("LeftButtonUp");
					</OnLoad>
					<OnClick>
						Engraved.CheckButton_OnClick(self, "Prioritize");
					</OnClick>
					<OnEnter>
						GameTooltip:SetOwner(this, "ANCHOR_RIGHT");
						GameTooltip:SetText(ENGRAVED.UIPANEL_PRIORITIZE_TOOLTIP, nil, nil, nil, nil, 1);
					</OnEnter>
					<OnLeave function="GameTooltip_Hide"/>
				</Scripts>
			</CheckButton>
			<Slider name="$parentAlmostTimeSlider" inherits="OptionsSliderTemplate">
				<Anchors>
					<Anchor point="TOPLEFT" relativeTo="$parentPrioritizeButton" relativePoint="BOTTOMLEFT">
						<Offset>
							<AbsDimension x="-4" y="-24"/>
						</Offset>
					</Anchor>
				</Anchors>
				<Scripts>
					<OnLoad>
						_G[self:GetName().."Text"]:SetText(ENGRAVED.UIPANEL_ALMOSTTIME);
					</OnLoad>
					<OnValueChanged>
						Engraved_Settings["AlmostTime"] = value;
						Engraved.Update();
					</OnValueChanged>
					<OnEnter>
						GameTooltip:SetOwner(this, "ANCHOR_RIGHT");
						GameTooltip:SetText(ENGRAVED.UIPANEL_ALMOSTTIME_TOOLTIP, nil, nil, nil, nil, 1);
					</OnEnter>
					<OnLeave function="GameTooltip_Hide"/>
				</Scripts>
			</Slider>
			<Slider name="$parentInCombatOpacitySlider" inherits="OptionsSliderTemplate">
				<Anchors>
					<Anchor point="TOPLEFT" relativeTo="$parentRuneColorButton4" relativePoint="BOTTOMLEFT">
						<Offset>
							<AbsDimension x="0" y="-90"/>
						</Offset>
					</Anchor>
				</Anchors>
				<Scripts>
					<OnLoad>
						_G[self:GetName().."Text"]:SetText(ENGRAVED.UIPANEL_INCOMBATOPACITY);
					</OnLoad>
					<OnValueChanged>
						Engraved_Settings["InCombatOpacity"] = value;
						Engraved.Update();
					</OnValueChanged>
					<OnEnter>
						GameTooltip:SetOwner(this, "ANCHOR_RIGHT");
						GameTooltip:SetText(ENGRAVED.UIPANEL_INCOMBATOPACITY_TOOLTIP, nil, nil, nil, nil, 1);
					</OnEnter>
					<OnLeave function="GameTooltip_Hide"/>
				</Scripts>
			</Slider>
			<Slider name="$parentOutOfCombatOpacitySlider" inherits="OptionsSliderTemplate">
				<Anchors>
					<Anchor point="TOPLEFT" relativeTo="$parentInCombatOpacitySlider" relativePoint="BOTTOMLEFT">
						<Offset>
							<AbsDimension x="0" y="-36"/>
						</Offset>
					</Anchor>
				</Anchors>
				<Scripts>
					<OnLoad>
						_G[self:GetName().."Text"]:SetText(ENGRAVED.UIPANEL_OUTOFCOMBATOPACITY);
					</OnLoad>
					<OnValueChanged>
						Engraved_Settings["OutOfCombatOpacity"] = value;
						Engraved.Update();
					</OnValueChanged>
					<OnEnter>
						GameTooltip:SetOwner(this, "ANCHOR_RIGHT");
						GameTooltip:SetText(ENGRAVED.UIPANEL_OUTOFCOMBATOPACITY_TOOLTIP, nil, nil, nil, nil, 1);
					</OnEnter>
					<OnLeave function="GameTooltip_Hide"/>
				</Scripts>
			</Slider>
			<Slider name="$parentUnusableOpacitySlider" inherits="OptionsSliderTemplate">
				<Anchors>
					<Anchor point="LEFT" relativeTo="$parentInCombatOpacitySlider" relativePoint="RIGHT">
						<Offset>
							<AbsDimension x="48" y="0"/>
						</Offset>
					</Anchor>
				</Anchors>
				<Scripts>
					<OnLoad>
						_G[self:GetName().."Text"]:SetText(ENGRAVED.UIPANEL_UNUSABLEOPACITY);
					</OnLoad>
					<OnValueChanged>
						Engraved_Settings["UnusableOpacity"] = value;
						Engraved.Update();
					</OnValueChanged>
					<OnEnter>
						GameTooltip:SetOwner(this, "ANCHOR_RIGHT");
						GameTooltip:SetText(ENGRAVED.UIPANEL_UNUSABLEOPACITY_TOOLTIP, nil, nil, nil, nil, 1);
					</OnEnter>
					<OnLeave function="GameTooltip_Hide"/>
				</Scripts>
			</Slider>
			<Slider name="$parentAlmostOpacitySlider" inherits="OptionsSliderTemplate">
				<Anchors>
					<Anchor point="TOPLEFT" relativeTo="$parentUnusableOpacitySlider" relativePoint="BOTTOMLEFT">
						<Offset>
							<AbsDimension x="0" y="-36"/>
						</Offset>
					</Anchor>
				</Anchors>
				<Scripts>
					<OnLoad>
						_G[self:GetName().."Text"]:SetText(ENGRAVED.UIPANEL_ALMOSTOPACITY);
					</OnLoad>
					<OnValueChanged>
						Engraved_Settings["AlmostOpacity"] = value;
						Engraved.Update();
					</OnValueChanged>
					<OnEnter>
						GameTooltip:SetOwner(this, "ANCHOR_RIGHT");
						GameTooltip:SetText(ENGRAVED.UIPANEL_ALMOSTOPACITY_TOOLTIP, nil, nil, nil, nil, 1);
					</OnEnter>
					<OnLeave function="GameTooltip_Hide"/>
				</Scripts>
			</Slider>
			<Button name="$parentConfigModeButton" inherits="UIPanelButtonTemplate">
				<Size>
					<AbsDimension x="128" y="22"/>
				</Size>
				<Anchors>
					<Anchor point="BOTTOMLEFT" relativeTo="$parent" relativePoint="BOTTOMLEFT">
						<Offset>
							<AbsDimension x="24" y="24"/>
						</Offset>
					</Anchor>
				</Anchors>
				<Scripts>
					<OnClick>
						Engraved.EnterConfigMode();
					</OnClick>
					<OnEnter>
						GameTooltip:SetOwner(this, "ANCHOR_RIGHT");
						GameTooltip:SetText(ENGRAVED.UIPANEL_CONFIGMODE_TOOLTIP, nil, nil, nil, nil, 1);
					</OnEnter>
					<OnLeave function="GameTooltip_Hide"/>
				</Scripts>
				<NormalFont inherits="GameFontNormalSmall"/>
				<HighlightFont inherits="GameFontHighlightSmall"/>				
			</Button>
			<Button name="$parentPlayModeButton" inherits="UIPanelButtonTemplate">
				<Size>
					<AbsDimension x="128" y="22"/>
				</Size>
				<Anchors>
					<Anchor point="BOTTOMRIGHT" relativeTo="$parent" relativePoint="BOTTOMRIGHT">
						<Offset>
							<AbsDimension x="-24" y="24"/>
						</Offset>
					</Anchor>
				</Anchors>
				<Scripts>
					<OnClick>
						Engraved.EnterPlayMode();
					</OnClick>
					<OnEnter>
						GameTooltip:SetOwner(this, "ANCHOR_RIGHT");
						GameTooltip:SetText(ENGRAVED.UIPANEL_PLAYMODE_TOOLTIP, nil, nil, nil, nil, 1);
					</OnEnter>
					<OnLeave function="GameTooltip_Hide"/>
				</Scripts>
				<NormalFont inherits="GameFontNormalSmall"/>
				<HighlightFont inherits="GameFontHighlightSmall"/>				
			</Button>
		</Frames>
	</Frame>

</Ui>
