<Ui xmlns="http://www.blizzard.com/wow/ui/" xmlns:xsi="http://www.w3.org/2001/XMLSchema-instance" xsi:schemaLocation="http://www.blizzard.com/wow/ui/
..\FrameXML\UI.xsd">
	<Script>
		AucAdvanced.RegisterRevision("$URL: http://dev.norganna.org/auctioneer/trunk/Auctioneer/AucManifest.lua $", "$Rev: 1746 $")
	</Script>
	<Button name="BF_IgnoreListLineTemplate" virtual="true">
		<Size>
			<AbsDimension x="260" y="16"/>
		</Size>
		<ButtonText inherits="GameFontNormal" justifyH="LEFT" setAllPoints="true"/>
		<Scripts>
			<OnLoad>
				this:SetFrameLevel( this:GetFrameLevel() + 4 );
			</OnLoad>
			<OnClick>
				BF_IgnoreList_IgnoreButton_OnClick(self)
			</OnClick>
		</Scripts>
		<HighlightTexture file="Interface\QuestFrame\UI-QuestTitleHighlight" alphaMode="ADD"/>
	</Button>

	<Frame name="BasicFilter_IgnoreListFrame" hidden="false" enableMouse="true">
		<Size>
			<AbsDimension x="200" y="288"/>
		</Size>
		<Frames>
			<Button name="BasicFilter_IgnoreList_IgnorePlayerButton" inherits="UIPanelButtonTemplate" text="IGNORE_PLAYER">
				<Size>
					<AbsDimension x="131" y="21"/>
				</Size>
				<Anchors>
					<Anchor point="TOPRIGHT" relativeTo="BasicFilter_IgnoreListFrame" relativePoint="BOTTOM">
						<Offset>
							<AbsDimension x="0" y="-5"/>
						</Offset>
					</Anchor>
				</Anchors>
				<Scripts>
					<OnLoad>
						this:SetFrameLevel( this:GetFrameLevel() + 3 );
					</OnLoad>
					<OnClick>
						StaticPopup_Show("BASICFILTER_ADD_IGNORE");
					</OnClick>
					<OnEnter>
						
					</OnEnter>
					<OnLeave>
						GameTooltip:Hide();
					</OnLeave>
					<OnEvent>
						BF_IgnoreList_OnEvent();
					</OnEvent>
				</Scripts>
			</Button>
			<Button name="BasicFilter_IgnoreList_StopIgnoreButton" inherits="UIPanelButtonTemplate" text="STOP_IGNORE">
				<Size>
					<AbsDimension x="131" y="21"/>
				</Size>
				<Anchors>
					<Anchor point="TOPLEFT" relativeTo="BasicFilter_IgnoreListFrame" relativePoint="BOTTOM">
						<Offset>
							<AbsDimension x="0" y="-5"/>
						</Offset>
					</Anchor>
				</Anchors>
				<Scripts>
					<OnLoad>
						this:SetFrameLevel( this:GetFrameLevel() + 3 );
					</OnLoad>
					<OnClick>
						BF_IgnoreList_UnignoreButton_OnClick(self)
					</OnClick>
					<OnEnter>
						
					</OnEnter>
					<OnLeave>
						GameTooltip:Hide();
					</OnLeave>
				</Scripts>
			</Button>
			<Button name="BasicFilter_IgnoreList_IgnoreButton1" inherits="BF_IgnoreListLineTemplate">
				<Anchors>
					<Anchor point="TOPLEFT">
						<Offset>
							<AbsDimension x="0" y="0"/>
						</Offset>
					</Anchor>
				</Anchors>
			</Button>
			<Button name="BasicFilter_IgnoreList_IgnoreButton2" inherits="BF_IgnoreListLineTemplate">
				<Anchors>
					<Anchor point="TOP" relativeTo="BasicFilter_IgnoreList_IgnoreButton1" relativePoint="BOTTOM">
						<Offset>
							<AbsDimension x="0" y="0"/>
						</Offset>
					</Anchor>
				</Anchors>
			</Button>
			<Button name="BasicFilter_IgnoreList_IgnoreButton3" inherits="BF_IgnoreListLineTemplate">
				<Anchors>
					<Anchor point="TOP" relativeTo="BasicFilter_IgnoreList_IgnoreButton2" relativePoint="BOTTOM">
						<Offset>
							<AbsDimension x="0" y="0"/>
						</Offset>
					</Anchor>
				</Anchors>
			</Button>
			<Button name="BasicFilter_IgnoreList_IgnoreButton4" inherits="BF_IgnoreListLineTemplate">
				<Anchors>
					<Anchor point="TOP" relativeTo="BasicFilter_IgnoreList_IgnoreButton3" relativePoint="BOTTOM">
						<Offset>
							<AbsDimension x="0" y="0"/>
						</Offset>
					</Anchor>
				</Anchors>
			</Button>
			<Button name="BasicFilter_IgnoreList_IgnoreButton5" inherits="BF_IgnoreListLineTemplate">
				<Anchors>
					<Anchor point="TOP" relativeTo="BasicFilter_IgnoreList_IgnoreButton4" relativePoint="BOTTOM">
						<Offset>
							<AbsDimension x="0" y="0"/>
						</Offset>
					</Anchor>
				</Anchors>
			</Button>
			<Button name="BasicFilter_IgnoreList_IgnoreButton6" inherits="BF_IgnoreListLineTemplate">
				<Anchors>
					<Anchor point="TOP" relativeTo="BasicFilter_IgnoreList_IgnoreButton5" relativePoint="BOTTOM">
						<Offset>
							<AbsDimension x="0" y="0"/>
						</Offset>
					</Anchor>
				</Anchors>
			</Button>
			<Button name="BasicFilter_IgnoreList_IgnoreButton7" inherits="BF_IgnoreListLineTemplate">
				<Anchors>
					<Anchor point="TOP" relativeTo="BasicFilter_IgnoreList_IgnoreButton6" relativePoint="BOTTOM">
						<Offset>
							<AbsDimension x="0" y="0"/>
						</Offset>
					</Anchor>
				</Anchors>
			</Button>
			<Button name="BasicFilter_IgnoreList_IgnoreButton8" inherits="BF_IgnoreListLineTemplate">
				<Anchors>
					<Anchor point="TOP" relativeTo="BasicFilter_IgnoreList_IgnoreButton7" relativePoint="BOTTOM">
						<Offset>
							<AbsDimension x="0" y="0"/>
						</Offset>
					</Anchor>
				</Anchors>
			</Button>
			<Button name="BasicFilter_IgnoreList_IgnoreButton9" inherits="BF_IgnoreListLineTemplate">
				<Anchors>
					<Anchor point="TOP" relativeTo="BasicFilter_IgnoreList_IgnoreButton8" relativePoint="BOTTOM">
						<Offset>
							<AbsDimension x="0" y="0"/>
						</Offset>
					</Anchor>
				</Anchors>
			</Button>
			<Button name="BasicFilter_IgnoreList_IgnoreButton10" inherits="BF_IgnoreListLineTemplate">
				<Anchors>
					<Anchor point="TOP" relativeTo="BasicFilter_IgnoreList_IgnoreButton9" relativePoint="BOTTOM">
						<Offset>
							<AbsDimension x="0" y="0"/>
						</Offset>
					</Anchor>
				</Anchors>
			</Button>
			<Button name="BasicFilter_IgnoreList_IgnoreButton11" inherits="BF_IgnoreListLineTemplate">
				<Anchors>
					<Anchor point="TOP" relativeTo="BasicFilter_IgnoreList_IgnoreButton10" relativePoint="BOTTOM">
						<Offset>
							<AbsDimension x="0" y="0"/>
						</Offset>
					</Anchor>
				</Anchors>
			</Button>
			<Button name="BasicFilter_IgnoreList_IgnoreButton12" inherits="BF_IgnoreListLineTemplate">
				<Anchors>
					<Anchor point="TOP" relativeTo="BasicFilter_IgnoreList_IgnoreButton11" relativePoint="BOTTOM">
						<Offset>
							<AbsDimension x="0" y="0"/>
						</Offset>
					</Anchor>
				</Anchors>
			</Button>
			<Button name="BasicFilter_IgnoreList_IgnoreButton13" inherits="BF_IgnoreListLineTemplate">
				<Anchors>
					<Anchor point="TOP" relativeTo="BasicFilter_IgnoreList_IgnoreButton12" relativePoint="BOTTOM">
						<Offset>
							<AbsDimension x="0" y="0"/>
						</Offset>
					</Anchor>
				</Anchors>
			</Button>
			<Button name="BasicFilter_IgnoreList_IgnoreButton14" inherits="BF_IgnoreListLineTemplate">
				<Anchors>
					<Anchor point="TOP" relativeTo="BasicFilter_IgnoreList_IgnoreButton13" relativePoint="BOTTOM">
						<Offset>
							<AbsDimension x="0" y="0"/>
						</Offset>
					</Anchor>
				</Anchors>
			</Button>
			<Button name="BasicFilter_IgnoreList_IgnoreButton15" inherits="BF_IgnoreListLineTemplate">
				<Anchors>
					<Anchor point="TOP" relativeTo="BasicFilter_IgnoreList_IgnoreButton14" relativePoint="BOTTOM">
						<Offset>
							<AbsDimension x="0" y="0"/>
						</Offset>
					</Anchor>
				</Anchors>
			</Button>
			<Button name="BasicFilter_IgnoreList_IgnoreButton16" inherits="BF_IgnoreListLineTemplate">
				<Anchors>
					<Anchor point="TOP" relativeTo="BasicFilter_IgnoreList_IgnoreButton15" relativePoint="BOTTOM">
						<Offset>
							<AbsDimension x="0" y="0"/>
						</Offset>
					</Anchor>
				</Anchors>
			</Button>
			<Button name="BasicFilter_IgnoreList_IgnoreButton17" inherits="BF_IgnoreListLineTemplate">
				<Anchors>
					<Anchor point="TOP" relativeTo="BasicFilter_IgnoreList_IgnoreButton16" relativePoint="BOTTOM">
						<Offset>
							<AbsDimension x="0" y="0"/>
						</Offset>
					</Anchor>
				</Anchors>
			</Button>
			<Button name="BasicFilter_IgnoreList_IgnoreButton18" inherits="BF_IgnoreListLineTemplate">
				<Anchors>
					<Anchor point="TOP" relativeTo="BasicFilter_IgnoreList_IgnoreButton17" relativePoint="BOTTOM">
						<Offset>
							<AbsDimension x="0" y="0"/>
						</Offset>
					</Anchor>
				</Anchors>
			</Button>
			<!--
			<Button name="BasicFilter_IgnoreList_IgnoreButton19" inherits="BF_IgnoreListLineTemplate">
				<Anchors>
					<Anchor point="TOP" relativeTo="BasicFilter_IgnoreList_IgnoreButton18" relativePoint="BOTTOM">
						<Offset>
							<AbsDimension x="0" y="0"/>
						</Offset>
					</Anchor>
				</Anchors>
			</Button>
			<Button name="BasicFilter_IgnoreList_IgnoreButton20" inherits="BF_IgnoreListLineTemplate">
				<Anchors>
					<Anchor point="TOP" relativeTo="BasicFilter_IgnoreList_IgnoreButton19" relativePoint="BOTTOM">
						<Offset>
							<AbsDimension x="0" y="0"/>
						</Offset>
					</Anchor>
				</Anchors>
			</Button>
			-->
			<ScrollFrame name="BasicFilter_IgnoreList_ScrollFrame" inherits="FauxScrollFrameTemplate">
				<Size>
					<AbsDimension x="170" y="288"/>
				</Size>
				<Anchors>
					<Anchor point="TOPRIGHT">
						<Offset>
							<AbsDimension x="-30" y="0"/>
						</Offset>
					</Anchor>
				</Anchors>
				<Layers>
					<Layer level="ARTWORK">
						<Texture file="Interface\PaperDollInfoFrame\UI-Character-ScrollBar">
							<Size>
								<AbsDimension x="31" y="256"/>
							</Size>
							<Anchors>
								<Anchor point="TOPLEFT" relativePoint="TOPRIGHT">
									<Offset>
										<AbsDimension x="-2" y="5"/>
									</Offset>
								</Anchor>
							</Anchors>
							<TexCoords left="0" right="0.484375" top="0" bottom="1.0"/>
						</Texture>
						<Texture file="Interface\PaperDollInfoFrame\UI-Character-ScrollBar">
							<Size>
								<AbsDimension x="31" y="106"/>
							</Size>
							<Anchors>
								<Anchor point="BOTTOMLEFT" relativePoint="BOTTOMRIGHT">
									<Offset>
										<AbsDimension x="-2" y="-2"/>
									</Offset>
								</Anchor>
							</Anchors>
							<TexCoords left="0.515625" right="1.0" top="0" bottom="0.4140625"/>
						</Texture>
					</Layer>
				</Layers>
				<Scripts>
					<OnLoad>
						this:SetFrameLevel( this:GetFrameLevel() + 3 );
						ScrollFrame_OnLoad();
					</OnLoad>
					<OnVerticalScroll>
						FauxScrollFrame_OnVerticalScroll(16, BF_IgnoreList_Update);
					</OnVerticalScroll>
				</Scripts>
			</ScrollFrame>
		</Frames>
	</Frame>
</Ui>
