﻿<Ui xmlns="http://www.blizzard.com/wow/ui/" xmlns:xsi="http://www.w3.org/2001/XMLSchema-instance" xsi:schemaLocation="http://www.blizzard.com/wow/ui/..\FrameXML\UI.xsd">

	<Frame name="ArcanumMessageMenu" frameStrata="DIALOG" movable="false" enableMouse="true" parent="ArcanumGeneralFrame">
		<Size>
			<AbsDimension x="350" y="452"/>
		</Size>
		<Anchors>
			<Anchor point="BOTTOMLEFT" relativeTo="ArcanumGeneralFrame"/>
		</Anchors>
		<HitRectInsets>
			<AbsInset left="0" right="35" top="0" bottom="75"/>
		</HitRectInsets>
		<Layers>
			<Layer level="ARTWORK">
				<FontString name="ArcanumMessagePlayer_Section" inherits="GameFontNormalSmall">
					<Color r="1.0" g="1.0" b="1.0" a="1"/>
					<Anchors>
						<Anchor point="TOPLEFT" relativeTo="ArcanumMessageMenu" relativeFrom="TOPLEFT">
							<Offset>
								<AbsDimension x="30" y="-55"/>
							</Offset>
						</Anchor>
					</Anchors>
				</FontString>	
				<FontString name="ArcanumChatType_Option" inherits="GameFontNormalSmall">
					<Color r="1.0" g="1.0" b="1.0" a="1"/>
					<Anchors>
						<Anchor point="TOPLEFT" relativeTo="ArcanumMessageMenu" relativeFrom="TOPLEFT">
							<Offset>
								<AbsDimension x="60" y="-75"/>
							</Offset>
						</Anchor>
					</Anchors>
				</FontString>
                <FontString name="ArcanumMountMessage_Option" inherits="GameFontNormalSmall">
					<Color r="1.0" g="1.0" b="1.0" a="1"/>
					<Anchors>
						<Anchor point="TOPLEFT" relativeTo="ArcanumMessageMenu" relativeFrom="TOPLEFT">
							<Offset>
								<AbsDimension x="60" y="-130"/>
							</Offset>
						</Anchor>
					</Anchors>
				</FontString>
				<FontString name="ArcanumPortalMessage_Option" inherits="GameFontNormalSmall">
					<Color r="1.0" g="1.0" b="1.0" a="1"/>
					<Anchors>
						<Anchor point="TOPLEFT" relativeTo="ArcanumMessageMenu" relativeFrom="TOPLEFT">
							<Offset>
								<AbsDimension x="60" y="-150"/>
							</Offset>
						</Anchor>
					</Anchors>
				</FontString>
                <FontString name="ArcanumButtonDisplay_Section" inherits="GameFontNormalSmall">
					<Color r="1.0" g="1.0" b="1.0" a="1"/>
					<Anchors>
						<Anchor point="TOPLEFT" relativeTo="ArcanumMessageMenu" relativeFrom="TOPLEFT">
							<Offset>
								<AbsDimension x="30" y="-170"/>
							</Offset>
						</Anchor>
					</Anchors>
				</FontString>
                <FontString name="ArcanumDisplayHearthStone_Option" inherits="GameFontNormalSmall">
					<Color r="1.0" g="1.0" b="1.0" a="1"/>
					<Anchors>
						<Anchor point="TOPLEFT" relativeTo="ArcanumMessageMenu" relativeFrom="TOPLEFT">
							<Offset>
								<AbsDimension x="60" y="-190"/>
							</Offset>
						</Anchor>
					</Anchors>
				</FontString>
                <FontString name="ArcanumDisplayManaGem_Option" inherits="GameFontNormalSmall">
					<Color r="1.0" g="1.0" b="1.0" a="1"/>
					<Anchors>
						<Anchor point="TOPLEFT" relativeTo="ArcanumMessageMenu" relativeFrom="TOPLEFT">
							<Offset>
								<AbsDimension x="180" y="-190"/>
							</Offset>
						</Anchor>
					</Anchors>
				</FontString>
                <FontString name="ArcanumDisplayEvocation_Option" inherits="GameFontNormalSmall">
					<Color r="1.0" g="1.0" b="1.0" a="1"/>
					<Anchors>
						<Anchor point="TOPLEFT" relativeTo="ArcanumMessageMenu" relativeFrom="TOPLEFT">
							<Offset>
								<AbsDimension x="60" y="-210"/>
							</Offset>
						</Anchor>
					</Anchors>
				</FontString>
                <FontString name="ArcanumDisplayIceBlock_Option" inherits="GameFontNormalSmall">
					<Color r="1.0" g="1.0" b="1.0" a="1"/>
					<Anchors>
						<Anchor point="TOPLEFT" relativeTo="ArcanumMessageMenu" relativeFrom="TOPLEFT">
							<Offset>
								<AbsDimension x="180" y="-210"/>
							</Offset>
						</Anchor>
					</Anchors>
				</FontString>
                <FontString name="ArcanumDisplayColdSnap_Option" inherits="GameFontNormalSmall">
					<Color r="1.0" g="1.0" b="1.0" a="1"/>
					<Anchors>
						<Anchor point="TOPLEFT" relativeTo="ArcanumMessageMenu" relativeFrom="TOPLEFT">
							<Offset>
								<AbsDimension x="60" y="-230"/>
							</Offset>
						</Anchor>
					</Anchors>
				</FontString>
                <FontString name="ArcanumDisplayIntell_Option" inherits="GameFontNormalSmall">
					<Color r="1.0" g="1.0" b="1.0" a="1"/>
					<Anchors>
						<Anchor point="TOPLEFT" relativeTo="ArcanumMessageMenu" relativeFrom="TOPLEFT">
							<Offset>
								<AbsDimension x="180" y="-230"/>
							</Offset>
						</Anchor>
					</Anchors>
				</FontString>
                <FontString name="ArcanumDisplayArmor_Option" inherits="GameFontNormalSmall">
					<Color r="1.0" g="1.0" b="1.0" a="1"/>
					<Anchors>
						<Anchor point="TOPLEFT" relativeTo="ArcanumMessageMenu" relativeFrom="TOPLEFT">
							<Offset>
								<AbsDimension x="60" y="-250"/>
							</Offset>
						</Anchor>
					</Anchors>
				</FontString>
                <FontString name="ArcanumDisplayBandage_Option" inherits="GameFontNormalSmall">
					<Color r="1.0" g="1.0" b="1.0" a="1"/>
					<Anchors>
						<Anchor point="TOPLEFT" relativeTo="ArcanumMessageMenu" relativeFrom="TOPLEFT">
							<Offset>
								<AbsDimension x="180" y="-250"/>
							</Offset>
						</Anchor>
					</Anchors>
				</FontString>
			</Layer>
		</Layers>
		<Frames>
			<Slider name="ArcanumLanguage_Slider" inherits="OptionsSliderTemplate" minValue="1" maxValue="4" valueStep="1" virtual="true">
				<Size>
					<AbsDimension x="150" y="16"/>
				</Size>
				<Anchors>
					<Anchor point="CENTER" relativeTo="ArcanumMessageMenu" relativeFrom="TOP">
						<Offset>
							<AbsDimension x="0" y="180"/>
						</Offset>
					</Anchor>
				</Anchors>
				<Scripts>
					<OnEnter>
						GameTooltip:SetOwner(this, "ANCHOR_RIGHT");
						if (this:GetValue() == 1) then
							GameTooltip:SetText(Arcanum_ColoredMsg("Francais"));
						elseif (this:GetValue() == 2) then
							GameTooltip:SetText(Arcanum_ColoredMsg("English"));
						elseif (this:GetValue() == 3) then
							GameTooltip:SetText(Arcanum_ColoredMsg("Deutsch"));
						elseif (this:GetValue() == 4) then
							GameTooltip:SetText(Arcanum_ColoredMsg("Espagnol"));	
						end
					</OnEnter>
					<OnValueChanged>
						GameTooltip:SetText(this:GetValue());
						if (this:GetValue() == 1) then
							GameTooltip:SetText(Arcanum_ColoredMsg("Francais"));
							ArcanumConfig.ArcanumLanguage = "frFR";
							Arcanum_Localization_Dialog_Fr();
						elseif (this:GetValue() == 2) then
							GameTooltip:SetText(Arcanum_ColoredMsg("English"));
							ArcanumConfig.ArcanumLanguage = "enUS";
							Arcanum_Localization_Dialog_En();
						elseif (this:GetValue() == 3) then
							GameTooltip:SetText(Arcanum_ColoredMsg("Deutsch"));
							ArcanumConfig.ArcanumLanguage = "deDE";
							Arcanum_Localization_Dialog_De();
						elseif (this:GetValue() == 4) then
							GameTooltip:SetText(Arcanum_ColoredMsg("Espagnol"));
							ArcanumConfig.ArcanumLanguage = "esES";
							Arcanum_Localization_Dialog_Es();	
						end
						Arcanum_LanguageInitialize();
					</OnValueChanged>
					<OnLeave>
						GameTooltip:Hide();
					</OnLeave>
				</Scripts>
			</Slider>
				
			<CheckButton name="ArcanumChatType_Button" enableMouse="true" inherits="UICheckButtonTemplate" checked="false">
				<Size>
					<AbsDimension x="24" y="24"/>
				</Size>
				<Anchors>
					<Anchor point="TOPLEFT" relativeTo="ArcanumMessageMenu" relativeFrom="TOPLEFT">
						<Offset>
							<AbsDimension x="30" y="-70"/>
						</Offset>
					</Anchor>
				</Anchors>
				<Scripts>
					<OnClick>
						if (this:GetChecked()) then
							ArcanumConfig.ChatType = true;
						else
							ArcanumConfig.ChatType = false;
						end
					</OnClick>
				</Scripts>
			</CheckButton>
			<Slider name="ArcanumTooltip_Slider" inherits="OptionsSliderTemplate" minValue="0" maxValue="2" valueStep="1" virtual="true">
				<Size>
					<AbsDimension x="150" y="16"/>
				</Size>
				<Anchors>
					<Anchor point="CENTER" relativeTo="ArcanumMessageMenu" relativeFrom="TOP">
						<Offset>
							<AbsDimension x="0" y="110"/>
						</Offset>
					</Anchor>
				</Anchors>
				<Scripts>
					<OnEnter>
						GameTooltip:SetOwner(this, "ANCHOR_RIGHT");
						if this:GetValue() == 0 then
							GameTooltip:SetText(Arcanum_ColoredMsg(ARCANUM_CONFIGURATION.Tooltip0));
						elseif this:GetValue() == 1 then
							GameTooltip:SetText(Arcanum_ColoredMsg(ARCANUM_CONFIGURATION.Tooltip1));
						else
							GameTooltip:SetText(Arcanum_ColoredMsg(ARCANUM_CONFIGURATION.Tooltip2));
						end
					</OnEnter>
					<OnValueChanged>
						if this:GetValue() == 0 then
							GameTooltip:SetText(Arcanum_ColoredMsg(ARCANUM_CONFIGURATION.Tooltip0));
						elseif this:GetValue() == 1 then
							GameTooltip:SetText(Arcanum_ColoredMsg(ARCANUM_CONFIGURATION.Tooltip1));
						else
							GameTooltip:SetText(Arcanum_ColoredMsg(ARCANUM_CONFIGURATION.Tooltip2));
						end
						ArcanumConfig.Tooltip = this:GetValue();
					</OnValueChanged>
					<OnLeave>
						GameTooltip:Hide();
					</OnLeave>
				</Scripts>
			</Slider>
            <CheckButton name="ArcanumMountMessage_Button" enableMouse="true" inherits="UICheckButtonTemplate" checked="false">
				<Size>
					<AbsDimension x="24" y="24"/>
				</Size>
				<Anchors>
					<Anchor point="TOPLEFT" relativeTo="ArcanumMessageMenu" relativeFrom="TOPLEFT">
						<Offset>
							<AbsDimension x="30" y="-125"/>
						</Offset>
					</Anchor>
				</Anchors>
				<Scripts>
					<OnClick>
						if (this:GetChecked()) then
							ArcanumConfig.MountMessage = true;
						else
							ArcanumConfig.MountMessage = false;
						end
					</OnClick>
				</Scripts>
			</CheckButton>
			<CheckButton name="ArcanumPortalMessage_Button" enableMouse="true" inherits="UICheckButtonTemplate" checked="false">
				<Size>
					<AbsDimension x="24" y="24"/>
				</Size>
				<Anchors>
					<Anchor point="TOPLEFT" relativeTo="ArcanumMessageMenu" relativeFrom="TOPLEFT">
						<Offset>
							<AbsDimension x="30" y="-145"/>
						</Offset>
					</Anchor>
				</Anchors>
				<Scripts>
					<OnClick>
						if (this:GetChecked()) then
							ArcanumConfig.PortalMessage = true;
						else
							ArcanumConfig.PortalMessage = false;
						end
					</OnClick>
				</Scripts>
			</CheckButton>
            <CheckButton name="ArcanumDisplayHearthStone_Button" enableMouse="true" inherits="UICheckButtonTemplate" checked="false">
				<Size>
					<AbsDimension x="24" y="24"/>
				</Size>
				<Anchors>
					<Anchor point="TOPLEFT" relativeTo="ArcanumMessageMenu" relativeFrom="TOPLEFT">
						<Offset>
							<AbsDimension x="30" y="-185"/>
						</Offset>
					</Anchor>
				</Anchors>
				<Scripts>
					<OnClick>
						if (this:GetChecked()) then
							ArcanumConfig.Display[1] = true;
						else
							ArcanumConfig.Display[1] = false;
						end
					</OnClick>
				</Scripts>
			</CheckButton>
            <CheckButton name="ArcanumDisplayManaGem_Button" enableMouse="true" inherits="UICheckButtonTemplate" checked="false">
				<Size>
					<AbsDimension x="24" y="24"/>
				</Size>
				<Anchors>
					<Anchor point="TOPLEFT" relativeTo="ArcanumMessageMenu" relativeFrom="TOPLEFT">
						<Offset>
							<AbsDimension x="150" y="-185"/>
						</Offset>
					</Anchor>
				</Anchors>
				<Scripts>
					<OnClick>
						if (this:GetChecked()) then
							ArcanumConfig.Display[2] = true;
						else
							ArcanumConfig.Display[2] = false;
						end
					</OnClick>
				</Scripts>
			</CheckButton>
            <CheckButton name="ArcanumDisplayEvocation_Button" enableMouse="true" inherits="UICheckButtonTemplate" checked="false">
				<Size>
					<AbsDimension x="24" y="24"/>
				</Size>
				<Anchors>
					<Anchor point="TOPLEFT" relativeTo="ArcanumMessageMenu" relativeFrom="TOPLEFT">
						<Offset>
							<AbsDimension x="30" y="-205"/>
						</Offset>
					</Anchor>
				</Anchors>
				<Scripts>
					<OnClick>
						if (this:GetChecked()) then
							ArcanumConfig.Display[3] = true;
						else
							ArcanumConfig.Display[3] = false;
						end
					</OnClick>
				</Scripts>
			</CheckButton>
            <CheckButton name="ArcanumDisplayIceBlock_Button" enableMouse="true" inherits="UICheckButtonTemplate" checked="false">
				<Size>
					<AbsDimension x="24" y="24"/>
				</Size>
				<Anchors>
					<Anchor point="TOPLEFT" relativeTo="ArcanumMessageMenu" relativeFrom="TOPLEFT">
						<Offset>
							<AbsDimension x="150" y="-205"/>
						</Offset>
					</Anchor>
				</Anchors>
				<Scripts>
					<OnClick>
						if (this:GetChecked()) then
							ArcanumConfig.Display[4] = true;
						else
							ArcanumConfig.Display[4] = false;
						end
					</OnClick>
				</Scripts>
			</CheckButton>
            <CheckButton name="ArcanumDisplayColdSnap_Button" enableMouse="true" inherits="UICheckButtonTemplate" checked="false">
				<Size>
					<AbsDimension x="24" y="24"/>
				</Size>
				<Anchors>
					<Anchor point="TOPLEFT" relativeTo="ArcanumMessageMenu" relativeFrom="TOPLEFT">
						<Offset>
							<AbsDimension x="30" y="-225"/>
						</Offset>
					</Anchor>
				</Anchors>
				<Scripts>
					<OnClick>
						if (this:GetChecked()) then
							ArcanumConfig.Display[5] = true;
						else
							ArcanumConfig.Display[5] = false;
						end
					</OnClick>
				</Scripts>
			</CheckButton>
            <CheckButton name="ArcanumDisplayIntell_Button" enableMouse="true" inherits="UICheckButtonTemplate" checked="false">
				<Size>
					<AbsDimension x="24" y="24"/>
				</Size>
				<Anchors>
					<Anchor point="TOPLEFT" relativeTo="ArcanumMessageMenu" relativeFrom="TOPLEFT">
						<Offset>
							<AbsDimension x="150" y="-225"/>
						</Offset>
					</Anchor>
				</Anchors>
				<Scripts>
					<OnClick>
						if (this:GetChecked()) then
							ArcanumConfig.Display[6] = true;
						else
							ArcanumConfig.Display[6] = false;
						end
					</OnClick>
				</Scripts>
			</CheckButton>
            <CheckButton name="ArcanumDisplayArmor_Button" enableMouse="true" inherits="UICheckButtonTemplate" checked="false">
				<Size>
					<AbsDimension x="24" y="24"/>
				</Size>
				<Anchors>
					<Anchor point="TOPLEFT" relativeTo="ArcanumMessageMenu" relativeFrom="TOPLEFT">
						<Offset>
							<AbsDimension x="30" y="-245"/>
						</Offset>
					</Anchor>
				</Anchors>
				<Scripts>
					<OnClick>
						if (this:GetChecked()) then
							ArcanumConfig.Display[7] = true;
						else
							ArcanumConfig.Display[7] = false;
						end
					</OnClick>
				</Scripts>
			</CheckButton>
            <CheckButton name="ArcanumDisplayBandage_Button" enableMouse="true" inherits="UICheckButtonTemplate" checked="false">
				<Size>
					<AbsDimension x="24" y="24"/>
				</Size>
				<Anchors>
					<Anchor point="TOPLEFT" relativeTo="ArcanumMessageMenu" relativeFrom="TOPLEFT">
						<Offset>
							<AbsDimension x="150" y="-245"/>
						</Offset>
					</Anchor>
				</Anchors>
				<Scripts>
					<OnClick>
						if (this:GetChecked()) then
							ArcanumConfig.Display[8] = true;
						else
							ArcanumConfig.Display[8] = false;
						end
					</OnClick>
				</Scripts>
			</CheckButton>
            <Frame name="ArcanumInsideDisplayDropDown" inherits="UIDropDownMenuTemplate">
                <Anchors>
					<Anchor point="TOPRIGHT" relativeTo="ArcanumMessageMenu" relativeFrom="TOPLEFT">
						<Offset>
							<AbsDimension x="0" y="-265"/>
						</Offset>
					</Anchor>
				</Anchors>
                <Layers>
					<Layer level="ARTWORK">
					<FontString name="ArcanumInsideDisplayDD" inherits="GameFontNormalSmall">
						<Anchors>
							<Anchor point="TOPLEFT" relativeTo="ArcanumMessageMenu" relativeFrom="TOPLEFT">
								<Offset>
									<AbsDimension x="30" y="-270"/>
								</Offset>
							</Anchor>
						</Anchors>
					</FontString>
					</Layer>
				</Layers>
				<Scripts>
					<OnLoad>
						UIDropDownMenu_SetWidth(this,100);
					</OnLoad>
					<OnShow>
						UIDropDownMenu_Initialize(this, ArcanumInsideDisplayDropDown_Initialize);
					</OnShow>
				</Scripts>
			</Frame>
            <Button name="ArcanumBindings_Button" inherits="OptionsButtonTemplate" virtual="true">
				<Size>
					<AbsDimension x="150" y="22"/>
				</Size>
				<Anchors>
					<Anchor point="CENTER"  relativeTo="ArcanumMessageMenu" relativeFrom="TOP">
						<Offset>
							<AbsDimension x="0" y="-100" />
						</Offset>
					</Anchor>
				</Anchors>
				<Scripts>
					<OnClick>
						ClickBinder.Open("Arcanum - "..ARCANUM_BINDING.Binding, ArcanumBinding)
					</OnClick>
				</Scripts>
			</Button>
		</Frames>
		<Scripts>
			<OnLoad>
				HideUIPanel(ArcanumMessageMenu);
			</OnLoad>
		</Scripts>
	</Frame>
</Ui>
