<Ui xmlns="http://www.blizzard.com/wow/ui/" xmlns:xsi="http://www.w3.org/2001/XMLSchema-instance" xsi:schemaLocation="http://www.blizzard.com/wow/ui/..\FrameXML\UI.xsd">

	<Frame name="ArcanumSkinMenu" frameStrata="DIALOG" movable="false" enableMouse="true" parent="ArcanumGeneralFrame">
		<Size>
			<AbsDimension x="350" y="452"/>
		</Size>
		<Anchors>
			<Anchor point="BOTTOMLEFT" relativeTo="ArcanumGeneralFrame"/>
		</Anchors>
		<HitRectInsets>
			<AbsInset left="0" right="35" top="0" bottom="75"/>
		</HitRectInsets>
		<Layers>
			<Layer level="ARTWORK">	
				<FontString name="ArcanumHealthColor_Option" inherits="GameFontNormalSmall">
					<Color r="1.0" g="1.0" b="1.0" a="1"/>
					<Anchors>
						<Anchor point="TOPLEFT" relativeTo="ArcanumMessageMenu" relativeFrom="TOPLEFT">
							<Offset>
								<AbsDimension x="60" y="-40"/>
							</Offset>
						</Anchor>
					</Anchors>
				</FontString>
				<FontString name="ArcanumManaColor_Option" inherits="GameFontNormalSmall">
					<Color r="1.0" g="1.0" b="1.0" a="1"/>
					<Anchors>
						<Anchor point="TOPLEFT" relativeTo="ArcanumMessageMenu" relativeFrom="TOPLEFT">
							<Offset>
								<AbsDimension x="60" y="-60"/>
							</Offset>
						</Anchor>
					</Anchors>
				</FontString>
				<FontString name="ArcanumButtonColor_Option" inherits="GameFontNormalSmall">
					<Color r="1.0" g="1.0" b="1.0" a="1"/>
					<Anchors>
						<Anchor point="TOPLEFT" relativeTo="ArcanumMessageMenu" relativeFrom="TOPLEFT">
							<Offset>
								<AbsDimension x="60" y="-80"/>
							</Offset>
						</Anchor>
					</Anchors>
				</FontString>
                <FontString name="ArcanumDisplayHealthMana_Option" inherits="GameFontNormalSmall">
					<Color r="1.0" g="1.0" b="1.0" a="1"/>
					<Anchors>
						<Anchor point="TOPLEFT" relativeTo="ArcanumMessageMenu" relativeFrom="TOPLEFT">
							<Offset>
								<AbsDimension x="60" y="-100"/>
							</Offset>
						</Anchor>
					</Anchors>
				</FontString>
			</Layer>
		</Layers>
		<Frames>
            <Button name="ArcanumHealthColor_Button">
				<Size>
					<AbsDimension x="16" y="16"/>
				</Size>
				<Anchors>
					<Anchor point="TOPLEFT" relativeTo="ArcanumMessageMenu" relativeFrom="TOPLEFT">
						<Offset>
							<AbsDimension x="35" y="-40" />
						</Offset>
					</Anchor>
				</Anchors>
                <Layers>
					<Layer level="BACKGROUND">
						<Texture name="ArcanumHealthColorBackTexture">
							<Size>
								<AbsDimension x="14" y="14"/>
							</Size>
							<Anchors>
								<Anchor point="CENTER">
									<Offset>
										<AbsDimension x="0" y="0"/>
									</Offset>
								</Anchor>
							</Anchors>
							<Color r="1.0" g="1.0" b="1.0"/>
						</Texture>
					</Layer>
				</Layers>
				<Scripts>
                  <OnClick>
                     Arcanum_HealthColorClick();
                  </OnClick>
                  <OnEnter>
                     ArcanumHealthColorBackTexture:SetVertexColor(NORMAL_FONT_COLOR.r, NORMAL_FONT_COLOR.g, NORMAL_FONT_COLOR.b);
                  </OnEnter>
                  <OnLeave>
                     ArcanumHealthColorBackTexture:SetVertexColor(HIGHLIGHT_FONT_COLOR.r, HIGHLIGHT_FONT_COLOR.g, HIGHLIGHT_FONT_COLOR.b);
                  </OnLeave>
				</Scripts>
                <NormalTexture name="ArcanumHealthColorTexture" file="Interface\ChatFrame\ChatFrameColorSwatch"/>
			</Button>
			<Button name="ArcanumManaColor_Button">
               <Size>
                 <AbsDimension x="16" y="16"/>
               </Size>
               <Anchors>
                 <Anchor point="TOPLEFT" relativeTo="ArcanumMessageMenu" relativeFrom="TOPLEFT">
                     <Offset>
                         <AbsDimension x="35" y="-60" />
                     </Offset>
                 </Anchor>
               </Anchors>
               <Layers>
                 <Layer level="BACKGROUND">
                     <Texture name="ArcanumManaColorBackTexture">
                         <Size>
                             <AbsDimension x="14" y="14"/>
                         </Size>
                         <Anchors>
                             <Anchor point="CENTER">
                                 <Offset>
                                     <AbsDimension x="0" y="0"/>
                                 </Offset>
                             </Anchor>
                         </Anchors>
                         <Color r="1.0" g="1.0" b="1.0"/>
                     </Texture>
                 </Layer>
               </Layers>
               <Scripts>
                  <OnClick>
                     Arcanum_ManaColorClick();
                  </OnClick>
                  <OnEnter>
                     ArcanumManaColorBackTexture:SetVertexColor(NORMAL_FONT_COLOR.r, NORMAL_FONT_COLOR.g, NORMAL_FONT_COLOR.b);
                  </OnEnter>
                  <OnLeave>
                     ArcanumManaColorBackTexture:SetVertexColor(HIGHLIGHT_FONT_COLOR.r, HIGHLIGHT_FONT_COLOR.g, HIGHLIGHT_FONT_COLOR.b);
                  </OnLeave>
               </Scripts>
               <NormalTexture name="ArcanumManaColorTexture" file="Interface\ChatFrame\ChatFrameColorSwatch"/>
			</Button>
            <Button name="ArcanumButtonColor_Button">
				<Size>
					<AbsDimension x="16" y="16"/>
				</Size>
				<Anchors>
					<Anchor point="TOPLEFT" relativeTo="ArcanumMessageMenu" relativeFrom="TOPLEFT">
						<Offset>
							<AbsDimension x="35" y="-80" />
						</Offset>
					</Anchor>
				</Anchors>
                <Layers>
					<Layer level="BACKGROUND">
						<Texture name="ArcanumButtonColorBackTexture">
							<Size>
								<AbsDimension x="14" y="14"/>
							</Size>
							<Anchors>
								<Anchor point="CENTER">
									<Offset>
										<AbsDimension x="0" y="0"/>
									</Offset>
								</Anchor>
							</Anchors>
							<Color r="1.0" g="1.0" b="1.0"/>
						</Texture>
					</Layer>
				</Layers>
				<Scripts>
                  <OnClick>
                     Arcanum_ButtonColorClick();
                  </OnClick>
                  <OnEnter>
                     ArcanumButtonColorBackTexture:SetVertexColor(NORMAL_FONT_COLOR.r, NORMAL_FONT_COLOR.g, NORMAL_FONT_COLOR.b);
                  </OnEnter>
                  <OnLeave>
                     ArcanumButtonColorBackTexture:SetVertexColor(HIGHLIGHT_FONT_COLOR.r, HIGHLIGHT_FONT_COLOR.g, HIGHLIGHT_FONT_COLOR.b);
                  </OnLeave>
				</Scripts>
                <NormalTexture name="ArcanumButtonColorTexture" file="Interface\ChatFrame\ChatFrameColorSwatch"/>
			</Button>
            <CheckButton name="ArcanumDisplayHealthMana_Button" enableMouse="true" inherits="UICheckButtonTemplate" checked="false">
				<Size>
					<AbsDimension x="24" y="24"/>
				</Size>
				<Anchors>
					<Anchor point="TOPLEFT" relativeTo="ArcanumMessageMenu" relativeFrom="TOPLEFT">
						<Offset>
							<AbsDimension x="30" y="-95"/>
						</Offset>
					</Anchor>
				</Anchors>
				<Scripts>
					<OnClick>
						if this:GetChecked() then
							ArcanumConfig.DisplayHealthMana = true;
						else
							ArcanumConfig.DisplayHealthMana = false;
						end
					</OnClick>
				</Scripts>
			</CheckButton>
		</Frames>
		<Scripts>
			<OnLoad>
				HideUIPanel(ArcanumGraphOptionMenu);
			</OnLoad>
		</Scripts>
	</Frame>
</Ui>
