<Ui xmlns="http://www.blizzard.com/wow/ui/" xmlns:xsi="http://www.w3.org/2001/XMLSchema-instance" xsi:schemaLocation="http://www.blizzard.com/wow/ui/ ..\FrameXML\UI.xsd">
	<Script file="localizationEN.lua"></Script>
	<Script file="localizationDE.lua"></Script>
	<Script file="localizationFR.lua"></Script>
	<Script file="TitanCritLine.lua"></Script>
	<Frame parent="UIParent">
		<Frames>
			<Button frameStrata="FULLSCREEN" inherits="TitanPanelComboTemplate" name="TitanPanelCritLineButton" toplevel="true">
				<Scripts>
					<OnLoad>
						tcl_OnLoad();
						TitanPanelButton_OnLoad();
					</OnLoad>
					<OnEvent>
						tcl_OnEvent(event);
					</OnEvent>
					<OnClick>
						tcl_OnClick(arg1);
						TitanPanelButton_OnClick(arg1);
					</OnClick>
				</Scripts>
			</Button>
		</Frames>
	</Frame>
	<Frame hidden="true" id="1" inherits="UIDropDownMenuTemplate" name="TitanPanelCritLine_Button_Menu">
		<Size>
			<AbsDimension x="10" y="10"></AbsDimension>
		</Size>
		<Anchors>
			<Anchor point="TOP">
				<Offset>
					<AbsDimension x="10" y="-60" />
				</Offset>
			</Anchor>
		</Anchors>
	</Frame>
	<MessageFrame frameStrata="LOW" insertMode="TOP" name="TitanCritLineSplashFrame" parent="UIParent" toplevel="true">
		<Size>
			<AbsDimension x="512" y="100" />
		</Size>
		<Anchors>
			<Anchor point="CENTER">
				<Offset>
					<AbsDimension x="0" y="0" />
				</Offset>
			</Anchor>
		</Anchors>
		<FontString inherits="NumberFontNormalHuge" justifyH="CENTER" />
	</MessageFrame>
	<CheckButton name="TitanCritLine_SettingsOptionButtonTemplate" inherits="UICheckButtonTemplate" virtual="true">
		<HitRectInsets>
			<AbsInset bottom="0" left="0" right="-100" top="0"/>
		</HitRectInsets>
		<Scripts>
			<OnClick>
					tcl_SettingsOptionButton_OnClick(this:GetID());
					if ( this:GetChecked() ) then
						PlaySound("igMainMenuOptionCheckBoxOff");
					else
						PlaySound("igMainMenuOptionCheckBoxOn");
					end
			</OnClick>
			<OnEnter>
				tcl_SettingsOptionButton_OnEnter(this);
			</OnEnter>
			<OnLeave>
				tcl_SettingsOptionButton_OnLeave();
			</OnLeave>
		</Scripts>
	</CheckButton>
	<Slider name="TitanCritLine_SettingsSliderTemplate" inherits="OptionsSliderTemplate" virtual="true">
		<Size>
			<AbsDimension x="250" y="20"/>
		</Size>
		<Layers>
			<Layer level="BACKGROUND">
				<FontString name="$parentText1" inherits="GameFontNormalSmall">
					<Color r="1.0" g="1.0" b="1.0"/>
					<Anchors>
						<Anchor point="BOTTOM" relativePoint="TOP">
							<Offset>
								<AbsDimension x="0" y="2"/>
							</Offset>
						</Anchor>
					</Anchors>
				</FontString>
				<FontString name="$parentText2" inherits="GameFontNormalSmall">
					<Anchors>
						<Anchor point="CENTER">
							<Offset>
								<AbsDimension x="0" y="-15"/>
							</Offset>
						</Anchor>
					</Anchors>
				</FontString>
			</Layer>
		</Layers>
		<Scripts>
			<OnEnter>
				tcl_SettingsOptionButton_OnEnter(this);
			</OnEnter>
			<OnLeave>
				tcl_SettingsOptionButton_OnLeave();
			</OnLeave>
		</Scripts>
	</Slider>
	<Frame name="TitanCritLine_SettingsFrame" enableMouse="true" frameStrata="FULLSCREEN" hidden="true" movable="true" parent="UIParent" toplevel="true">
		<Size>
			<AbsDimension x="325" y="640"/>
		</Size>
		<Anchors>
			<Anchor point="CENTER">
				<Offset>
					<AbsDimension x="0" y="0"/>
				</Offset>
			</Anchor>
		</Anchors>
		<Backdrop bgFile="Interface\DialogFrame\UI-DialogBox-Background" edgeFile="Interface\DialogFrame\UI-DialogBox-Border" tile="true">
			<BackgroundInsets>
				<AbsInset left="11" right="12" top="12" bottom="11"/>
			</BackgroundInsets>
			<TileSize>
				<AbsValue val="32"/>
			</TileSize>
			<EdgeSize>
				<AbsValue val="32"/>
			</EdgeSize>
		</Backdrop>
		<Layers>
			<Layer level="ARTWORK">
				<Texture name="$parent_Header" file="Interface\DialogFrame\UI-DialogBox-Header">
					<Size>
						<AbsDimension x="325" y="64"/>
					</Size>
					<Anchors>
						<Anchor point="TOP">
							<Offset>
								<AbsDimension x="0" y="12"/>
							</Offset>
						</Anchor>
					</Anchors>
				</Texture>
				<FontString name="$parent_HeaderText" inherits="GameFontNormal">
					<Anchors>
						<Anchor point="TOP">
							<Offset>
								<AbsDimension x="0" y="-2"/>
							</Offset>
						</Anchor>
					</Anchors>
				</FontString>
			</Layer>
		</Layers>
		<Frames>
			<Button inherits="UIPanelCloseButton" name="$parent_CloseButton">
				<Anchors>
					<Anchor point="TOPRIGHT" relativePoint="TOPRIGHT">
						<Offset>
							<AbsDimension x="-4" y="-4"/>
						</Offset>
					</Anchor>
				</Anchors>
				<Scripts>
					<OnClick>
						tcl_SettingsClose();
					</OnClick>
				</Scripts>
			</Button>
			<CheckButton id="1" inherits="TitanCritLine_SettingsOptionButtonTemplate" name="$parent_Option1">
				<Anchors>
					<Anchor point="TOPLEFT">
						<Offset>
							<AbsDimension x="20" y="-40"/>
						</Offset>
					</Anchor>
				</Anchors>
			</CheckButton>
			<CheckButton id="2" inherits="TitanCritLine_SettingsOptionButtonTemplate" name="$parent_Option2">
				<Anchors>
					<Anchor point="TOPLEFT" relativePoint="BOTTOMLEFT" relativeTo="$parent_Option1">
						<Offset>
							<AbsDimension x="0" y="0"/>
						</Offset>
					</Anchor>
				</Anchors>
			</CheckButton>
			<CheckButton id="3" inherits="TitanCritLine_SettingsOptionButtonTemplate" name="$parent_Option3">
				<Anchors>
					<Anchor point="TOPLEFT" relativePoint="BOTTOMLEFT" relativeTo="$parent_Option2">
						<Offset>
							<AbsDimension x="0" y="0"/>
						</Offset>
					</Anchor>
				</Anchors>
			</CheckButton>
			<CheckButton id="4" inherits="TitanCritLine_SettingsOptionButtonTemplate" name="$parent_Option4">
				<Anchors>
					<Anchor point="TOPLEFT" relativePoint="BOTTOMLEFT" relativeTo="$parent_Option3">
						<Offset>
							<AbsDimension x="0" y="0"/>
						</Offset>
					</Anchor>
				</Anchors>
			</CheckButton>
			<CheckButton id="5" inherits="TitanCritLine_SettingsOptionButtonTemplate" name="$parent_Option5">
				<Anchors>
					<Anchor point="TOPLEFT" relativePoint="BOTTOMLEFT" relativeTo="$parent_Option4">
						<Offset>
							<AbsDimension x="0" y="0"/>
						</Offset>
					</Anchor>
				</Anchors>
			</CheckButton>
			<CheckButton id="6" inherits="TitanCritLine_SettingsOptionButtonTemplate" name="$parent_Option6">
				<Anchors>
					<Anchor point="TOPLEFT" relativePoint="BOTTOMLEFT" relativeTo="$parent_Option5">
						<Offset>
							<AbsDimension x="0" y="0"/>
						</Offset>
					</Anchor>
				</Anchors>
			</CheckButton>
			<CheckButton id="7" inherits="TitanCritLine_SettingsOptionButtonTemplate" name="$parent_Option7">
				<Anchors>
					<Anchor point="TOPLEFT" relativePoint="BOTTOMLEFT" relativeTo="$parent_Option6">
						<Offset>
							<AbsDimension x="0" y="0"/>
						</Offset>
					</Anchor>
				</Anchors>
			</CheckButton>
			<CheckButton id="8" inherits="TitanCritLine_SettingsOptionButtonTemplate" name="$parent_Option8">
				<Anchors>
					<Anchor point="TOPLEFT" relativePoint="BOTTOMLEFT" relativeTo="$parent_Option7">
						<Offset>
							<AbsDimension x="0" y="0"/>
						</Offset>
					</Anchor>
				</Anchors>
			</CheckButton>
			<CheckButton id="9" inherits="TitanCritLine_SettingsOptionButtonTemplate" name="$parent_Option9">
				<Size>
					<AbsDimension x="24" y="24"/>
				</Size>
				<Anchors>
					<Anchor point="LEFT" relativePoint="RIGHT" relativeTo="$parent_Option5">
						<Offset>
							<AbsDimension x="200" y="0"/>
						</Offset>
					</Anchor>
				</Anchors>
			</CheckButton>
			<Slider name="$parent_Slider1" minValue="0" maxValue="10" valueStep="1" inherits="TitanCritLine_SettingsSliderTemplate">
				<Anchors>
					<Anchor point="TOPLEFT" relativePoint="BOTTOMLEFT" relativeTo="$parent_Option8">
						<Offset>
							<AbsDimension x="20" y="-20"/>
						</Offset>
					</Anchor>
				</Anchors>
				<Scripts>
					<OnLoad>
						getglobal(this:GetName().."Low"):SetText("Off");
						getglobal(this:GetName().."High"):SetText("10");
					</OnLoad>
					<OnValueChanged>
						tcl_SettingsSlider_OnValueChanged();
					</OnValueChanged>
				</Scripts>
			</Slider>
			<CheckButton id="10" inherits="TitanCritLine_SettingsOptionButtonTemplate" name="$parent_Option10">
				<Anchors>
					<Anchor point="TOPLEFT" relativePoint="BOTTOMLEFT" relativeTo="$parent_Slider1">
						<Offset>
							<AbsDimension x="-20" y="-20"/>
						</Offset>
					</Anchor>
				</Anchors>
			</CheckButton>
			<CheckButton id="11" inherits="TitanCritLine_SettingsOptionButtonTemplate" name="$parent_Option11">
				<Anchors>
					<Anchor point="TOPLEFT" relativePoint="BOTTOMLEFT" relativeTo="$parent_Option10">
						<Offset>
							<AbsDimension x="0" y="0"/>
						</Offset>
					</Anchor>
				</Anchors>
			</CheckButton>
			<CheckButton id="12" inherits="TitanCritLine_SettingsOptionButtonTemplate" name="$parent_Option12">
				<Anchors>
					<Anchor point="TOPLEFT" relativePoint="BOTTOMLEFT" relativeTo="$parent_Option11">
						<Offset>
							<AbsDimension x="0" y="0"/>
						</Offset>
					</Anchor>
				</Anchors>
			</CheckButton>
			<Button name="$parent_About" inherits="GameMenuButtonTemplate" text="TITAN_CRITLINE_OPTION_ABOUT_TEXT">
				<Size>
					<AbsDimension x="200" y="24"/>
				</Size>
				<Anchors>
					<Anchor point="BOTTOM">
						<Offset>
							<AbsDimension x="0" y="20"/>
						</Offset>
					</Anchor>
				</Anchors>
				<Scripts>
					<OnClick>
						PlaySound("gsTitleOptionOK");
						tcl_About();
					</OnClick>
				</Scripts>
			</Button>
			<Button name="$parent_Reset" inherits="GameMenuButtonTemplate" text="TITAN_CRITLINE_OPTION_RESET_TEXT">
				<Size>
					<AbsDimension x="200" y="24"/>
				</Size>
				<Anchors>
					<Anchor point="BOTTOM" relativeTo="$parent_About" relativePoint="TOP">
						<Offset>
							<AbsDimension x="0" y="15"/>
						</Offset>
					</Anchor>
				</Anchors>
				<Scripts>
					<OnClick>
						PlaySound("gsTitleOptionOK");
						tcl_Reset();
					</OnClick>
				</Scripts>
			</Button>
			<Button name="$parent_Update" inherits="GameMenuButtonTemplate" text="TITAN_CRITLINE_OPTION_UPDATE_TEXT">
				<Size>
					<AbsDimension x="200" y="24"/>
				</Size>
				<Anchors>
					<Anchor point="BOTTOM" relativeTo="$parent_Reset" relativePoint="TOP">
						<Offset>
							<AbsDimension x="0" y="15"/>
						</Offset>
					</Anchor>
				</Anchors>
				<Scripts>
					<OnClick>
						PlaySound("gsTitleOptionOK");
						tcl_ManualUpdate();
					</OnClick>
				</Scripts>
			</Button>
			<Button name="$parent_Filter" inherits="GameMenuButtonTemplate" text="TITAN_CRITLINE_OPTION_FILTER_TEXT">
				<Size>
					<AbsDimension x="200" y="24"/>
				</Size>
				<Anchors>
					<Anchor point="BOTTOM" relativeTo="$parent_Update" relativePoint="TOP">
						<Offset>
							<AbsDimension x="0" y="15"/>
						</Offset>
					</Anchor>
				</Anchors>
				<Scripts>
					<OnClick>
						PlaySound("gsTitleOptionOK");
						tcl_Filter();
					</OnClick>
				</Scripts>
			</Button>
		</Frames>
	</Frame>
	<Frame name="TitanCritLine_AboutFrame" enableMouse="true" frameStrata="FULLSCREEN" hidden="true" movable="true" parent="UIParent" toplevel="true">
		<Size>
			<AbsDimension x="400" y="240"/>
		</Size>
		<Anchors>
			<Anchor point="CENTER" relativeTo="TitanCritLine_SettingsFrame" relativePoint="CENTER"/>
		</Anchors>
		<Backdrop bgFile="Interface\DialogFrame\UI-DialogBox-Background" edgeFile="Interface\DialogFrame\UI-DialogBox-Border" tile="true">
			<BackgroundInsets>
				<AbsInset left="11" right="12" top="12" bottom="11"/>
			</BackgroundInsets>
			<TileSize>
				<AbsValue val="32"/>
			</TileSize>
			<EdgeSize>
				<AbsValue val="32"/>
			</EdgeSize>
		</Backdrop>
		<Layers>
			<Layer level="ARTWORK">
				<Texture name="$parentHeader" file="Interface\DialogFrame\UI-DialogBox-Header">
					<Size>
						<AbsDimension x="200" y="64"/>
					</Size>
					<Anchors>
						<Anchor point="TOP">
							<Offset>
								<AbsDimension x="0" y="12"/>
							</Offset>
						</Anchor>
					</Anchors>
				</Texture>
				<FontString inherits="GameFontNormal" text="TITAN_CRITLINE_OPTION_ABOUT_TEXT">
					<Anchors>
						<Anchor point="TOP">
							<Offset>
								<AbsDimension x="0" y="-2"/>
							</Offset>
						</Anchor>
					</Anchors>
				</FontString>
				<FontString name="$parent_Text" inherits="GameFontNormalLarge" >
					<Anchors>
						<Anchor point="CENTER"/>
					</Anchors>
				</FontString>
			</Layer>
		</Layers>
		<Frames>
			<Button inherits="UIPanelCloseButton" name="$parent_CloseButton">
				<Anchors>
					<Anchor point="TOPRIGHT" relativePoint="TOPRIGHT">
						<Offset>
							<AbsDimension x="-4" y="-4"/>
						</Offset>
					</Anchor>
				</Anchors>
				<Scripts>
					<OnClick>
						tcl_AboutClose();
					</OnClick>
				</Scripts>
			</Button>
		</Frames>
	</Frame>
	<CheckButton name="TitanCritLine_FilterOptionButtonTemplate" inherits="UICheckButtonTemplate" hidden="true" virtual="true">
		<Size>
			<AbsDimension x="24" y="24"/>
		</Size>
		<HitRectInsets>
			<AbsInset bottom="0" left="0" right="-100" top="0"/>
		</HitRectInsets>
		<Scripts>
			<OnClick>
					tcl_FilterOptionButton_OnClick(this:GetID());
					if ( this:GetChecked() ) then
						PlaySound("igMainMenuOptionCheckBoxOff");
					else
						PlaySound("igMainMenuOptionCheckBoxOn");
					end
			</OnClick>
		</Scripts>
	</CheckButton>
	<Frame name="TitanCritLine_FilterFrame" enableMouse="true" frameStrata="FULLSCREEN" hidden="true" movable="true" parent="UIParent" toplevel="true">
		<Size>
			<AbsDimension x="300" y="490"/>
		</Size>
		<Anchors>
			<Anchor point="LEFT" relativeTo="TitanCritLine_SettingsFrame" relativePoint="RIGHT">
				<Offset>
					<AbsDimension x="5" y="0"/>
				</Offset>
			</Anchor>
		</Anchors>
		<Backdrop bgFile="Interface\DialogFrame\UI-DialogBox-Background" edgeFile="Interface\DialogFrame\UI-DialogBox-Border" tile="true">
			<BackgroundInsets>
				<AbsInset left="11" right="12" top="12" bottom="11"/>
			</BackgroundInsets>
			<TileSize>
				<AbsValue val="32"/>
			</TileSize>
			<EdgeSize>
				<AbsValue val="32"/>
			</EdgeSize>
		</Backdrop>
		<Layers>
			<Layer level="ARTWORK">
				<Texture name="$parentHeader" file="Interface\DialogFrame\UI-DialogBox-Header">
					<Size>
						<AbsDimension x="200" y="64"/>
					</Size>
					<Anchors>
						<Anchor point="TOP">
							<Offset>
								<AbsDimension x="0" y="12"/>
							</Offset>
						</Anchor>
					</Anchors>
				</Texture>
				<FontString inherits="GameFontNormal" text="TITAN_CRITLINE_OPTION_FILTER_TEXT">
					<Anchors>
						<Anchor point="TOP">
							<Offset>
								<AbsDimension x="0" y="-2"/>
							</Offset>
						</Anchor>
					</Anchors>
				</FontString>
			</Layer>
		</Layers>
		<Frames>
			<Button inherits="UIPanelCloseButton" name="$parent_CloseButton">
				<Anchors>
					<Anchor point="TOPRIGHT" relativePoint="TOPRIGHT">
						<Offset>
							<AbsDimension x="-4" y="-4"/>
						</Offset>
					</Anchor>
				</Anchors>
				<Scripts>
					<OnClick>
						tcl_FilterClose();
					</OnClick>
				</Scripts>
			</Button>
			<CheckButton id="1" inherits="TitanCritLine_FilterOptionButtonTemplate" name="$parent_Option1">
				<Anchors>
					<Anchor point="TOPLEFT">
						<Offset>
							<AbsDimension x="15" y="-30"/>
						</Offset>
					</Anchor>
				</Anchors>
			</CheckButton>
			<CheckButton id="2" inherits="TitanCritLine_FilterOptionButtonTemplate" name="$parent_Option2">
				<Anchors>
					<Anchor point="TOPLEFT" relativePoint="BOTTOMLEFT" relativeTo="$parent_Option1">
						<Offset>
							<AbsDimension x="0" y="0"/>
						</Offset>
					</Anchor>
				</Anchors>
			</CheckButton>
			<CheckButton id="3" inherits="TitanCritLine_FilterOptionButtonTemplate" name="$parent_Option3">
				<Anchors>
					<Anchor point="TOPLEFT" relativePoint="BOTTOMLEFT" relativeTo="$parent_Option2">
						<Offset>
							<AbsDimension x="0" y="0"/>
						</Offset>
					</Anchor>
				</Anchors>
			</CheckButton>
			<CheckButton id="4" inherits="TitanCritLine_FilterOptionButtonTemplate" name="$parent_Option4">
				<Anchors>
					<Anchor point="TOPLEFT" relativePoint="BOTTOMLEFT" relativeTo="$parent_Option3">
						<Offset>
							<AbsDimension x="0" y="0"/>
						</Offset>
					</Anchor>
				</Anchors>
			</CheckButton>
			<CheckButton id="5" inherits="TitanCritLine_FilterOptionButtonTemplate" name="$parent_Option5">
				<Anchors>
					<Anchor point="TOPLEFT" relativePoint="BOTTOMLEFT" relativeTo="$parent_Option4">
						<Offset>
							<AbsDimension x="0" y="0"/>
						</Offset>
					</Anchor>
				</Anchors>
			</CheckButton>
			<CheckButton id="6" inherits="TitanCritLine_FilterOptionButtonTemplate" name="$parent_Option6">
				<Anchors>
					<Anchor point="TOPLEFT" relativePoint="BOTTOMLEFT" relativeTo="$parent_Option5">
						<Offset>
							<AbsDimension x="0" y="0"/>
						</Offset>
					</Anchor>
				</Anchors>
			</CheckButton>
			<CheckButton id="7" inherits="TitanCritLine_FilterOptionButtonTemplate" name="$parent_Option7">
				<Anchors>
					<Anchor point="TOPLEFT" relativePoint="BOTTOMLEFT" relativeTo="$parent_Option6">
						<Offset>
							<AbsDimension x="0" y="0"/>
						</Offset>
					</Anchor>
				</Anchors>
			</CheckButton>
			<CheckButton id="8" inherits="TitanCritLine_FilterOptionButtonTemplate" name="$parent_Option8">
				<Anchors>
					<Anchor point="TOPLEFT" relativePoint="BOTTOMLEFT" relativeTo="$parent_Option7">
						<Offset>
							<AbsDimension x="0" y="0"/>
						</Offset>
					</Anchor>
				</Anchors>
			</CheckButton>
			<CheckButton id="9" inherits="TitanCritLine_FilterOptionButtonTemplate" name="$parent_Option9">
				<Anchors>
					<Anchor point="TOPLEFT" relativePoint="BOTTOMLEFT" relativeTo="$parent_Option8">
						<Offset>
							<AbsDimension x="0" y="0"/>
						</Offset>
					</Anchor>
				</Anchors>
			</CheckButton>
			<CheckButton id="10" inherits="TitanCritLine_FilterOptionButtonTemplate" name="$parent_Option10">
				<Anchors>
					<Anchor point="TOPLEFT" relativePoint="BOTTOMLEFT" relativeTo="$parent_Option9">
						<Offset>
							<AbsDimension x="0" y="0"/>
						</Offset>
					</Anchor>
				</Anchors>
			</CheckButton>
			<CheckButton id="11" inherits="TitanCritLine_FilterOptionButtonTemplate" name="$parent_Option11">
				<Anchors>
					<Anchor point="TOPLEFT" relativePoint="BOTTOMLEFT" relativeTo="$parent_Option10">
						<Offset>
							<AbsDimension x="0" y="0"/>
						</Offset>
					</Anchor>
				</Anchors>
			</CheckButton>
			<CheckButton id="12" inherits="TitanCritLine_FilterOptionButtonTemplate" name="$parent_Option12">
				<Anchors>
					<Anchor point="TOPLEFT" relativePoint="BOTTOMLEFT" relativeTo="$parent_Option11">
						<Offset>
							<AbsDimension x="0" y="0"/>
						</Offset>
					</Anchor>
				</Anchors>
			</CheckButton>
			<CheckButton id="13" inherits="TitanCritLine_FilterOptionButtonTemplate" name="$parent_Option13">
				<Anchors>
					<Anchor point="TOPLEFT" relativePoint="BOTTOMLEFT" relativeTo="$parent_Option12">
						<Offset>
							<AbsDimension x="0" y="0"/>
						</Offset>
					</Anchor>
				</Anchors>
			</CheckButton>
			<CheckButton id="14" inherits="TitanCritLine_FilterOptionButtonTemplate" name="$parent_Option14">
				<Anchors>
					<Anchor point="TOPLEFT" relativePoint="BOTTOMLEFT" relativeTo="$parent_Option13">
						<Offset>
							<AbsDimension x="0" y="0"/>
						</Offset>
					</Anchor>
				</Anchors>
			</CheckButton>
			<CheckButton id="15" inherits="TitanCritLine_FilterOptionButtonTemplate" name="$parent_Option15">
				<Anchors>
					<Anchor point="TOPLEFT" relativePoint="BOTTOMLEFT" relativeTo="$parent_Option14">
						<Offset>
							<AbsDimension x="0" y="0"/>
						</Offset>
					</Anchor>
				</Anchors>
			</CheckButton>
			<CheckButton id="16" inherits="TitanCritLine_FilterOptionButtonTemplate" name="$parent_Option16">
				<Anchors>
					<Anchor point="TOPLEFT" relativePoint="BOTTOMLEFT" relativeTo="$parent_Option15">
						<Offset>
							<AbsDimension x="0" y="0"/>
						</Offset>
					</Anchor>
				</Anchors>
			</CheckButton>
			<CheckButton id="17" inherits="TitanCritLine_FilterOptionButtonTemplate" name="$parent_Option17">
				<Anchors>
					<Anchor point="TOPLEFT" relativePoint="BOTTOMLEFT" relativeTo="$parent_Option16">
						<Offset>
							<AbsDimension x="0" y="0"/>
						</Offset>
					</Anchor>
				</Anchors>
			</CheckButton>
			<CheckButton id="18" inherits="TitanCritLine_FilterOptionButtonTemplate" name="$parent_Option18">
				<Anchors>
					<Anchor point="TOPLEFT" relativePoint="BOTTOMLEFT" relativeTo="$parent_Option17">
						<Offset>
							<AbsDimension x="0" y="0"/>
						</Offset>
					</Anchor>
				</Anchors>
			</CheckButton>
			<CheckButton id="19" inherits="TitanCritLine_FilterOptionButtonTemplate" name="$parent_Option19">
				<Anchors>
					<Anchor point="TOPLEFT" relativePoint="BOTTOMLEFT" relativeTo="$parent_Option18">
						<Offset>
							<AbsDimension x="0" y="0"/>
						</Offset>
					</Anchor>
				</Anchors>
			</CheckButton>
			<CheckButton id="20" inherits="TitanCritLine_FilterOptionButtonTemplate" name="$parent_Option20">
				<Anchors>
					<Anchor point="TOPLEFT" relativePoint="BOTTOMLEFT" relativeTo="$parent_Option19">
						<Offset>
							<AbsDimension x="0" y="0"/>
						</Offset>
					</Anchor>
				</Anchors>
			</CheckButton>
			<CheckButton id="21" inherits="TitanCritLine_FilterOptionButtonTemplate" name="$parent_Option21">
				<Anchors>
					<Anchor point="TOPLEFT" relativePoint="BOTTOMLEFT" relativeTo="$parent_Option20">
						<Offset>
							<AbsDimension x="0" y="0"/>
						</Offset>
					</Anchor>
				</Anchors>
			</CheckButton>
			<CheckButton id="22" inherits="TitanCritLine_FilterOptionButtonTemplate" name="$parent_Option22">
				<Anchors>
					<Anchor point="TOPLEFT" relativePoint="BOTTOMLEFT" relativeTo="$parent_Option21">
						<Offset>
							<AbsDimension x="0" y="0"/>
						</Offset>
					</Anchor>
				</Anchors>
			</CheckButton>
			<CheckButton id="23" inherits="TitanCritLine_FilterOptionButtonTemplate" name="$parent_Option23">
				<Anchors>
					<Anchor point="TOPLEFT" relativePoint="BOTTOMLEFT" relativeTo="$parent_Option22">
						<Offset>
							<AbsDimension x="0" y="0"/>
						</Offset>
					</Anchor>
				</Anchors>
			</CheckButton>
			<CheckButton id="24" inherits="TitanCritLine_FilterOptionButtonTemplate" name="$parent_Option24">
				<Anchors>
					<Anchor point="TOPLEFT" relativePoint="BOTTOMLEFT" relativeTo="$parent_Option23">
						<Offset>
							<AbsDimension x="0" y="0"/>
						</Offset>
					</Anchor>
				</Anchors>
			</CheckButton>
			<CheckButton id="25" inherits="TitanCritLine_FilterOptionButtonTemplate" name="$parent_Option25">
				<Anchors>
					<Anchor point="TOPLEFT" relativePoint="BOTTOMLEFT" relativeTo="$parent_Option24">
						<Offset>
							<AbsDimension x="0" y="0"/>
						</Offset>
					</Anchor>
				</Anchors>
			</CheckButton>
			<CheckButton id="26" inherits="TitanCritLine_FilterOptionButtonTemplate" name="$parent_Option26">
				<Anchors>
					<Anchor point="TOPLEFT" relativePoint="BOTTOMLEFT" relativeTo="$parent_Option25">
						<Offset>
							<AbsDimension x="0" y="0"/>
						</Offset>
					</Anchor>
				</Anchors>
			</CheckButton>
			<CheckButton id="27" inherits="TitanCritLine_FilterOptionButtonTemplate" name="$parent_Option27">
				<Anchors>
					<Anchor point="TOPLEFT" relativePoint="BOTTOMLEFT" relativeTo="$parent_Option26">
						<Offset>
							<AbsDimension x="0" y="0"/>
						</Offset>
					</Anchor>
				</Anchors>
			</CheckButton>
			<CheckButton id="28" inherits="TitanCritLine_FilterOptionButtonTemplate" name="$parent_Option28">
				<Anchors>
					<Anchor point="TOPLEFT" relativePoint="BOTTOMLEFT" relativeTo="$parent_Option27">
						<Offset>
							<AbsDimension x="0" y="0"/>
						</Offset>
					</Anchor>
				</Anchors>
			</CheckButton>
			<CheckButton id="29" inherits="TitanCritLine_FilterOptionButtonTemplate" name="$parent_Option29">
				<Anchors>
					<Anchor point="TOPLEFT" relativePoint="BOTTOMLEFT" relativeTo="$parent_Option28">
						<Offset>
							<AbsDimension x="0" y="0"/>
						</Offset>
					</Anchor>
				</Anchors>
			</CheckButton>
			<CheckButton id="30" inherits="TitanCritLine_FilterOptionButtonTemplate" name="$parent_Option30">
				<Anchors>
					<Anchor point="TOPLEFT" relativePoint="BOTTOMLEFT" relativeTo="$parent_Option29">
						<Offset>
							<AbsDimension x="0" y="0"/>
						</Offset>
					</Anchor>
				</Anchors>
			</CheckButton>
			<CheckButton id="31" inherits="TitanCritLine_FilterOptionButtonTemplate" name="$parent_Option31">
				<Anchors>
					<Anchor point="TOPLEFT" relativePoint="BOTTOMLEFT" relativeTo="$parent_Option30">
						<Offset>
							<AbsDimension x="0" y="0"/>
						</Offset>
					</Anchor>
				</Anchors>
			</CheckButton>
			<CheckButton id="32" inherits="TitanCritLine_FilterOptionButtonTemplate" name="$parent_Option32">
				<Anchors>
					<Anchor point="TOPLEFT" relativePoint="BOTTOMLEFT" relativeTo="$parent_Option31">
						<Offset>
							<AbsDimension x="0" y="0"/>
						</Offset>
					</Anchor>
				</Anchors>
			</CheckButton>
			<CheckButton id="33" inherits="TitanCritLine_FilterOptionButtonTemplate" name="$parent_Option33">
				<Anchors>
					<Anchor point="TOPLEFT" relativePoint="BOTTOMLEFT" relativeTo="$parent_Option32">
						<Offset>
							<AbsDimension x="0" y="0"/>
						</Offset>
					</Anchor>
				</Anchors>
			</CheckButton>
			<CheckButton id="34" inherits="TitanCritLine_FilterOptionButtonTemplate" name="$parent_Option34">
				<Anchors>
					<Anchor point="TOPLEFT" relativePoint="BOTTOMLEFT" relativeTo="$parent_Option33">
						<Offset>
							<AbsDimension x="0" y="0"/>
						</Offset>
					</Anchor>
				</Anchors>
			</CheckButton>
			<CheckButton id="35" inherits="TitanCritLine_FilterOptionButtonTemplate" name="$parent_Option35">
				<Anchors>
					<Anchor point="TOPLEFT" relativePoint="BOTTOMLEFT" relativeTo="$parent_Option34">
						<Offset>
							<AbsDimension x="0" y="0"/>
						</Offset>
					</Anchor>
				</Anchors>
			</CheckButton>
			<CheckButton id="36" inherits="TitanCritLine_FilterOptionButtonTemplate" name="$parent_Option36">
				<Anchors>
					<Anchor point="TOPLEFT" relativePoint="BOTTOMLEFT" relativeTo="$parent_Option35">
						<Offset>
							<AbsDimension x="0" y="0"/>
						</Offset>
					</Anchor>
				</Anchors>
			</CheckButton>
			<CheckButton id="37" inherits="TitanCritLine_FilterOptionButtonTemplate" name="$parent_Option37">
				<Anchors>
					<Anchor point="TOPLEFT" relativePoint="BOTTOMLEFT" relativeTo="$parent_Option36">
						<Offset>
							<AbsDimension x="0" y="0"/>
						</Offset>
					</Anchor>
				</Anchors>
			</CheckButton>
			<CheckButton id="38" inherits="TitanCritLine_FilterOptionButtonTemplate" name="$parent_Option38">
				<Anchors>
					<Anchor point="TOPLEFT" relativePoint="BOTTOMLEFT" relativeTo="$parent_Option37">
						<Offset>
							<AbsDimension x="0" y="0"/>
						</Offset>
					</Anchor>
				</Anchors>
			</CheckButton>
			<CheckButton id="39" inherits="TitanCritLine_FilterOptionButtonTemplate" name="$parent_Option39">
				<Anchors>
					<Anchor point="TOPLEFT" relativePoint="BOTTOMLEFT" relativeTo="$parent_Option38">
						<Offset>
							<AbsDimension x="0" y="0"/>
						</Offset>
					</Anchor>
				</Anchors>
			</CheckButton>
			<CheckButton id="40" inherits="TitanCritLine_FilterOptionButtonTemplate" name="$parent_Option40">
				<Anchors>
					<Anchor point="TOPLEFT" relativePoint="BOTTOMLEFT" relativeTo="$parent_Option39">
						<Offset>
							<AbsDimension x="0" y="0"/>
						</Offset>
					</Anchor>
				</Anchors>
			</CheckButton>
		</Frames>
	</Frame>
	<Frame name="TitanCritLine_OverviewFrame" enableMouse="true" frameStrata="FULLSCREEN" hidden="true" movable="true" parent="UIParent" toplevel="true">
		<Size>
			<AbsDimension x="600" y="450"/>
		</Size>
		<Anchors>
			<Anchor point="CENTER">
				<Offset>
					<AbsDimension x="0" y="0"/>
				</Offset>
			</Anchor>
		</Anchors>
		<Backdrop bgFile="Interface\DialogFrame\UI-DialogBox-Background" edgeFile="Interface\DialogFrame\UI-DialogBox-Border" tile="true">
			<BackgroundInsets>
				<AbsInset left="11" right="12" top="12" bottom="11"/>
			</BackgroundInsets>
			<TileSize>
				<AbsValue val="32"/>
			</TileSize>
			<EdgeSize>
				<AbsValue val="32"/>
			</EdgeSize>
		</Backdrop>
		<Layers>
			<Layer level="ARTWORK">
				<Texture name="$parentHeader" file="Interface\DialogFrame\UI-DialogBox-Header">
					<Size>
						<AbsDimension x="200" y="64"/>
					</Size>
					<Anchors>
						<Anchor point="TOP">
							<Offset>
								<AbsDimension x="0" y="12"/>
							</Offset>
						</Anchor>
					</Anchors>
				</Texture>
				<FontString inherits="GameFontNormal" text="TITAN_CRITLINE_TOOLTIP_HEADER">
					<Anchors>
						<Anchor point="TOP">
							<Offset>
								<AbsDimension x="0" y="-2"/>
							</Offset>
						</Anchor>
					</Anchors>
				</FontString>
			</Layer>
		</Layers>
		<Frames>
			<Button inherits="UIPanelCloseButton" name="$parent_CloseButton">
				<Anchors>
					<Anchor point="TOPRIGHT" relativePoint="TOPRIGHT">
						<Offset>
							<AbsDimension x="-4" y="-4"/>
						</Offset>
					</Anchor>
				</Anchors>
				<Scripts>
					<OnClick>
						
					</OnClick>
				</Scripts>
			</Button>
		</Frames>
	</Frame>
</Ui>
