<Ui xmlns="http://www.blizzard.com/wow/ui" xmlns:xsi="http://www.w3.org/2001/XMLSchema-instance">
	<Frame name="VuhDoNewOptionsGeneralMiscTemplate" virtual="true">
		<Frames>
			<Frame name="$parentHideStandardPanel" inherits="VuhDoPanelTemplate">
				<Size>
					<AbsDimension x="240" y="207" />
				</Size>
				<Anchors>
					<Anchor point="TOPLEFT">
						<Offset>
							<AbsDimension x="20" y="-20" />
						</Offset>
					</Anchor>
				</Anchors>
				<Frames>

					<CheckButton name="$parentHideStandardFocusCheckButton" text="VUHDO_I18N_FOCUS" inherits="VuhDoTriStateCheckButtonTemplate">
						<Anchors>
							<Anchor point="TOPLEFT">
								<Offset>
									<AbsDimension x="13" y="-156" />
								</Offset>
							</Anchor>
						</Anchors>
						<Scripts>
							<OnLoad>
								VUHDO_lnfSetRadioModel(self, "VUHDO_CONFIG.BLIZZ_UI_HIDE_FOCUS", { VUHDO_I18N_SHOW, VUHDO_I18N_LEAVE_ALONE, VUHDO_I18N_HIDE });
								VUHDO_lnfSetTooltip(self, VUHDO_I18N_TT.K405);
							</OnLoad>
						</Scripts>
					</CheckButton>

					<CheckButton name="$parentHideStandardRaidMgrCheckButton" text="VUHDO_I18N_RAID_MANAGER" inherits="VuhDoTriStateCheckButtonTemplate">
						<Anchors>
							<Anchor point="TOPLEFT">
								<Offset>
									<AbsDimension x="13" y="-118" />
								</Offset>
							</Anchor>
						</Anchors>
						<Scripts>
							<OnLoad>
								VUHDO_lnfSetRadioModel(self, "VUHDO_CONFIG.BLIZZ_UI_HIDE_RAID_MGR", { VUHDO_I18N_SHOW, VUHDO_I18N_LEAVE_ALONE, VUHDO_I18N_HIDE });
								VUHDO_lnfSetTooltip(self, VUHDO_I18N_TT.K546);
							</OnLoad>
						</Scripts>
					</CheckButton>

					<CheckButton name="$parentHideStandardRaidCheckButton" text="VUHDO_I18N_RAID" inherits="VuhDoTriStateCheckButtonTemplate">
						<Anchors>
							<Anchor point="TOPLEFT">
								<Offset>
									<AbsDimension x="123" y="-118" />
								</Offset>
							</Anchor>
						</Anchors>
						<Scripts>
							<OnLoad>
								VUHDO_lnfSetRadioModel(self, "VUHDO_CONFIG.BLIZZ_UI_HIDE_RAID", { VUHDO_I18N_SHOW, VUHDO_I18N_LEAVE_ALONE, VUHDO_I18N_HIDE });
								VUHDO_lnfSetTooltip(self, VUHDO_I18N_TT.K511);
								VUHDO_lnfAddConstraint(self, VUHDO_LF_CONSTRAINT_DISABLE, "VUHDO_CONFIG.BLIZZ_UI_HIDE_RAID_MGR", true);
							</OnLoad>
						</Scripts>
					</CheckButton>

					<CheckButton name="$parentHideStandardPartyCheckButton" text="VUHDO_I18N_PARTY" inherits="VuhDoTriStateCheckButtonTemplate">
						<Anchors>
							<Anchor point="TOPLEFT">
								<Offset>
									<AbsDimension x="13" y="-80" />
								</Offset>
							</Anchor>
						</Anchors>
						<Scripts>
							<OnLoad>
								VUHDO_lnfSetRadioModel(self, "VUHDO_CONFIG.BLIZZ_UI_HIDE_PARTY", { VUHDO_I18N_SHOW, VUHDO_I18N_LEAVE_ALONE, VUHDO_I18N_HIDE });
								VUHDO_lnfSetTooltip(self, VUHDO_I18N_TT.K169);
							</OnLoad>
						</Scripts>
					</CheckButton>

					<CheckButton name="$parentHideStandardPetCheckButton" text="VUHDO_I18N_PET" inherits="VuhDoTriStateCheckButtonTemplate">
						<Anchors>
							<Anchor point="TOPLEFT">
								<Offset>
									<AbsDimension x="123" y="-80" />
								</Offset>
							</Anchor>
						</Anchors>
						<Scripts>
							<OnLoad>
								VUHDO_lnfSetRadioModel(self, "VUHDO_CONFIG.BLIZZ_UI_HIDE_PET", { VUHDO_I18N_SHOW, VUHDO_I18N_LEAVE_ALONE, VUHDO_I18N_HIDE });
								VUHDO_lnfSetTooltip(self, VUHDO_I18N_TT.K289);
							</OnLoad>
						</Scripts>
					</CheckButton>

					<CheckButton name="$parentHideStandardPlayerCheckButton" text="VUHDO_I18N_PLAYER" inherits="VuhDoTriStateCheckButtonTemplate">
						<Anchors>
							<Anchor point="TOPLEFT">
								<Offset>
									<AbsDimension x="13" y="-42" />
								</Offset>
							</Anchor>
						</Anchors>
						<Scripts>
							<OnLoad>
								VUHDO_lnfSetRadioModel(self, "VUHDO_CONFIG.BLIZZ_UI_HIDE_PLAYER", { VUHDO_I18N_SHOW, VUHDO_I18N_LEAVE_ALONE, VUHDO_I18N_HIDE });
								VUHDO_lnfSetTooltip(self, VUHDO_I18N_TT.K170);
							</OnLoad>
						</Scripts>
					</CheckButton>

					<CheckButton name="$parentHideStandardTargetCheckButton" text="VUHDO_I18N_TARGET" inherits="VuhDoTriStateCheckButtonTemplate">
						<Anchors>
							<Anchor point="TOPLEFT">
								<Offset>
									<AbsDimension x="123" y="-42" />
								</Offset>
							</Anchor>
						</Anchors>
						<Scripts>
							<OnLoad>
								VUHDO_lnfSetRadioModel(self, "VUHDO_CONFIG.BLIZZ_UI_HIDE_TARGET", { VUHDO_I18N_SHOW, VUHDO_I18N_LEAVE_ALONE, VUHDO_I18N_HIDE });
								VUHDO_lnfSetTooltip(self, VUHDO_I18N_TT.K290);
							</OnLoad>
						</Scripts>
					</CheckButton>

					<Frame name="$parentHideStandardLabel" inherits="VuhDoLabelFrameTemplate">
						<Layers>
							<Layer>
								<FontString name="$parentLabel" text="VUHDO_I18N_HIDE_STANDARD" inherits="VuDoDefaultTitleFontTemplate">
								</FontString>
							</Layer>
						</Layers>
					</Frame>
				</Frames>
			</Frame>

			<Frame name="$parentOtherPanel" inherits="VuhDoPanelTemplate">
				<Size>
					<AbsDimension x="236" y="96" />
				</Size>
				<Anchors>
					<Anchor point="TOPLEFT">
						<Offset>
							<AbsDimension x="270" y="-20" />
						</Offset>
					</Anchor>
				</Anchors>
				<Frames>

					<CheckButton name="$parentMouseCheckButton" text="VUHDO_I18N_MOUSE_UP" inherits="VuhDoCheckButtonTemplate">
						<Anchors>
							<Anchor point="TOPLEFT">
								<Offset>
									<AbsDimension x="13" y="-13" />
								</Offset>
							</Anchor>
						</Anchors>
						<Scripts>
							<OnLoad>
								VUHDO_lnfSetModel(self, "VUHDO_CONFIG.ON_MOUSE_UP");
								VUHDO_lnfSetTooltip(self, VUHDO_I18N_TT.K291);
							</OnLoad>
						</Scripts>
					</CheckButton>

					<CheckButton name="$parentGcDButton" text="VUHDO_I18N_GLOBAL_COOLDOWN" inherits="VuhDoCheckButtonTemplate">
						<Anchors>
							<Anchor point="TOPLEFT">
								<Offset>
									<AbsDimension x="123" y="-13" />
								</Offset>
							</Anchor>
						</Anchors>
						<Scripts>
							<OnLoad>
								VUHDO_lnfSetModel(self, "VUHDO_CONFIG.IS_SHOW_GCD");
								VUHDO_lnfSetTooltip(self, VUHDO_I18N_TT.K436);
							</OnLoad>
						</Scripts>
					</CheckButton>

					<CheckButton name="$parentDcShieldCheckButton" text="VUHDO_I18N_DC_RESTORE" inherits="VuhDoInverseCheckButtonTemplate">
						<Anchors>
							<Anchor point="TOPLEFT">
								<Offset>
									<AbsDimension x="13" y="-51" />
								</Offset>
							</Anchor>
						</Anchors>
						<Scripts>
							<OnLoad>
								VUHDO_lnfSetModel(self, "VUHDO_CONFIG.IS_DC_SHIELD_DISABLED");
								VUHDO_lnfSetTooltip(self, VUHDO_I18N_TT.K492);
							</OnLoad>
						</Scripts>
					</CheckButton>

					<CheckButton name="$parentReadyCheckButton" text="VUHDO_I18N_READY_CHECK" inherits="VuhDoInverseCheckButtonTemplate">
						<Anchors>
							<Anchor point="TOPLEFT">
								<Offset>
									<AbsDimension x="123" y="-51" />
								</Offset>
							</Anchor>
						</Anchors>
						<Scripts>
							<OnLoad>
								VUHDO_lnfSetModel(self, "VUHDO_CONFIG.IS_READY_CHECK_DISABLED");
								VUHDO_lnfSetTooltip(self, "Check to enable ready check icons. You need to be at least assistant in order to see ready checks anyway.");
							</OnLoad>
						</Scripts>
					</CheckButton>

				</Frames>
			</Frame>

			<Frame name="$parentAnnouncePanel" inherits="VuhDoPanelTemplate">
				<Size>
					<AbsDimension x="445" y="70" />
				</Size>
				<Anchors>
					<Anchor point="TOPLEFT">
						<Offset>
							<AbsDimension x="30" y="-325" />
						</Offset>
					</Anchor>
				</Anchors>
				<Frames>

					<Frame name="$parentTitleLabel" inherits="VuhDoLabelFrameTemplate">
						<Layers>
							<Layer>
								<FontString name="$parentLabel" text="VUHDO_I18N_ANOUNCE_RESURRECTION" inherits="VuDoDefaultTitleFontTemplate">
								</FontString>
							</Layer>
						</Layers>
					</Frame>

					<CheckButton name="$parenEnableCheckButton" text="VUHDO_I18N_ENABLE" inherits="VuhDoCheckButtonTemplate">
						<Anchors>
							<Anchor point="TOPLEFT">
								<Offset>
									<AbsDimension x="10" y="-30" />
								</Offset>
							</Anchor>
						</Anchors>
						<Scripts>
							<OnLoad>
								VUHDO_lnfSetModel(self, "VUHDO_CONFIG.RES_IS_SHOW_TEXT");
								VUHDO_lnfSetTooltip(self, VUHDO_I18N_TT.K211);
							</OnLoad>
						</Scripts>
					</CheckButton>

					<EditBox name="$parentAnnounceEditBox" inherits="VuhDoEditBoxTemplate">
						<Size>
							<AbsDimension x="300" y="32" />
						</Size>
						<Anchors>
							<Anchor point="TOPLEFT">
								<Offset>
									<AbsDimension x="130" y="-30" />
								</Offset>
							</Anchor>
						</Anchors>
						<Scripts>
							<OnLoad>
								VUHDO_lnfSetModel(self, "VUHDO_CONFIG.RES_ANNOUNCE_TEXT");
								VUHDO_lnfSetTooltip(self, VUHDO_I18N_TT.K210);
								VUHDO_lnfAddConstraint(self, VUHDO_LF_CONSTRAINT_DISABLE, "VUHDO_CONFIG.RES_IS_SHOW_TEXT", false);
							</OnLoad>
						</Scripts>
					</EditBox>

				</Frames>
			</Frame>

			<Frame name="$parentCustomAddonsPanel" inherits="VuhDoPanelTemplate">
				<Size>
					<AbsDimension x="126" y="112" />
				</Size>
				<Anchors>
					<Anchor point="TOPLEFT">
						<Offset>
							<AbsDimension x="270" y="-127" />
						</Offset>
					</Anchor>
				</Anchors>
				<Frames>

					<CheckButton name="$parentCliqueButton" text="VUHDO_I18N_CLIQUE" inherits="VuhDoCheckButtonTemplate">
						<Anchors>
							<Anchor point="TOPLEFT">
								<Offset>
									<AbsDimension x="13" y="-31" />
								</Offset>
							</Anchor>
						</Anchors>
						<Scripts>
							<OnLoad>
								VUHDO_lnfSetModel(self, "VUHDO_CONFIG.IS_CLIQUE_COMPAT_MODE");
								VUHDO_lnfSetTooltip(self, VUHDO_I18N_TT.K465);
							</OnLoad>
							<OnClick>
								VUHDO_lnfCheckButtonUpdateModel(self);
								VUHDO_lnfCheckButtonClicked(self);
								local _, tProfile = VUHDO_getProfileNamedCompressed(VUHDO_CONFIG["CURRENT_PROFILE"]);
								if (tProfile ~= nil and not tProfile["LOCKED"]) then
									VUHDO_saveCurrentProfile();
								end
								ReloadUI();
							</OnClick>
						</Scripts>
					</CheckButton>

					<CheckButton name="$parentFacadeButton" text="VUHDO_I18N_BUTTON_FACADE" inherits="VuhDoCheckButtonTemplate">
						<Anchors>
							<Anchor point="TOPLEFT">
								<Offset>
									<AbsDimension x="13" y="-69" />
								</Offset>
							</Anchor>
						</Anchors>
						<Scripts>
							<OnLoad>
								VUHDO_lnfSetModel(self, "VUHDO_CONFIG.IS_USE_BUTTON_FACADE");
								VUHDO_lnfSetTooltip(self, VUHDO_I18N_TT.K501);
							</OnLoad>
							<OnClick>
								VUHDO_lnfCheckButtonUpdateModel(self);
								local _, tProfile = VUHDO_getProfileNamedCompressed(VUHDO_CONFIG["CURRENT_PROFILE"]);
								if (tProfile ~= nil and not tProfile["LOCKED"]) then
									VUHDO_saveCurrentProfile();
								end
								ReloadUI();
							</OnClick>
						</Scripts>
					</CheckButton>


					<Frame name="$parentTitleLabel" inherits="VuhDoLabelFrameTemplate">
						<Layers>
							<Layer>
								<FontString name="$parentLabel" text="VUHDO_I18N_CUSTOM_ADDONS" inherits="VuDoDefaultTitleFontTemplate">
								</FontString>
							</Layer>
						</Layers>
					</Frame>
				</Frames>
			</Frame>

		</Frames>
	</Frame>
</Ui>
