<Bindings>
  <Binding name="TOTEMUSFEU1" header="TOTEMUSHEADER">
    -- Feu1;
  </Binding>
  <Binding name="TOTEMUSFEU2">
    -- Feu2;
  </Binding>
  <Binding name="TOTEMUSTERRE1">
    -- Terre1;
  </Binding>
  <Binding name="TOTEMUSTERRE2">
    -- Terre2;
  </Binding>
  <Binding name="TOTEMUSAIR1">
    -- Air1;
  </Binding>
  <Binding name="TOTEMUSAIR2">
    -- Air2;
  </Binding>
  <Binding name="TOTEMUSEAU1">
    -- Eau1;
  </Binding>
  <Binding name="TOTEMUSEAU2">
    -- Eau2;
  </Binding>
</Bindings>

