<Ui xmlns="http://www.blizzard.com/wow/ui/" xmlns:xsi="http://www.w3.org/2001/XMLSchema-instance" xsi:schemaLocation="http://www.blizzard.com/wow/ui/
..\FrameXML\UI.xsd">
  <Button name="TotemusTimersTemplate" virtual="true">
    <Size>
      <AbsDimension x="30" y="30" />
    </Size>
    <Layers>
      <Layer level="ARTWORK">
        <Texture name="$parentIcon"/>
        <FontString name="$parentTime" inherits="GameFontNormalSmall" justifyH="CENTER">
          <Size>
            <AbsDimension x="36" y="10"/>
          </Size>
          <Anchors>
            <Anchor point="CENTER">
              <Offset>
                <AbsDimension x="-1" y="-20"/>
              </Offset>
            </Anchor>
          </Anchors>
        </FontString>
        <FontString name="$parentUnit" inherits="GameFontNormalLarge" justifyH="CENTER">
          <Size>
            <AbsDimension x="36" y="10"/>
          </Size>
	  <Color r="0.9" g="0.9" b="1.0" a="1"/>
          <Anchors>
            <Anchor point="CENTER">
              <Offset>
                <AbsDimension x="" y="0"/>
              </Offset>
            </Anchor>
          </Anchors>
        </FontString>
	<FontString name="$parentBuff" inherits="GameFontNormalSmall" justifyH="CENTER">
          <Size>
            <AbsDimension x="30" y="15"/>
          </Size>
          <Anchors>
            <Anchor point="CENTER">
              <Offset>
                <AbsDimension x="-3" y="-19"/>
              </Offset>
            </Anchor>
          </Anchors>
        </FontString>
      </Layer>
    </Layers>
    <Scripts>
      <OnLoad>
	TotemusTimers_OnLoad();
      </OnLoad>
      <OnUpdate>
        TotemusTimers_OnUpdate(arg1);
      </OnUpdate>
      <OnMouseDown>
        TotemusTimers_OnDragStart();
      </OnMouseDown>
      <OnMouseUp>
        TotemusTimers_OnDragStop();
      </OnMouseUp>
      <!-- <OnClick>
        TotemusTimers_ReCast();
      </OnClick>-->
      <OnEnter>
        TotemusTimers_OnEnter();
      </OnEnter>
      <OnLeave>
        GameTooltip:Hide();
      </OnLeave>
    </Scripts>
  </Button>
	<!-- temporary, create frame to handle initialization; once complete, destroy frame -->
	<Frame name="TotemusTimersFrame" parent="UIParent" toplevel="true" frameStrata="LOW" enableMouse="true" movable="true" hidden="false">
    <Size>
      <AbsDimension x="155" y="50"/>
    </Size>
    <Anchors>
      <Anchor point="TOPRIGHT" relativePoint="TOPRIGHT">
        <Offset>
          <AbsDimension x="-200" y="-120"/>
        </Offset>
      </Anchor>
    </Anchors>
    <Frames>
    <!--
<Frame name="ExpirationBackdrop" setAllPoints="true" frameStrata="BACKGROUND" hidden="false">
<Backdrop bgFile="Interface\Tooltips\UI-Tooltip-Background" edgeFile="Interface\Tooltips\UI-Tooltip-Border" tile="true">
<EdgeSize>
<AbsValue val="4"/>
</EdgeSize>
<TileSize>
<AbsValue val="16"/>
</TileSize>
<BackgroundInsets>
<AbsInset left="4" right="4" top="4" bottom="4"/>
</BackgroundInsets>
</Backdrop>
<Scripts>
<OnLoad>
this:SetBackdropBorderColor(TOOLTIP_DEFAULT_COLOR.r, TOOLTIP_DEFAULT_COLOR.g, TOOLTIP_DEFAULT_COLOR.b);
this:SetBackdropColor(TOOLTIP_DEFAULT_BACKGROUND_COLOR.r, TOOLTIP_DEFAULT_BACKGROUND_COLOR.g, TOOLTIP_DEFAULT_BACKGROUND_COLOR.b);
</OnLoad>
</Scripts>
</Frame>
-->
    </Frames>
		<Scripts>
			<OnLoad>
				TotemusTimers_OnLoad();
			</OnLoad>
			<OnEvent>
				TotemusTimers_OnEvent(event);
			</OnEvent>
      <!-- Disabled
      <OnUpdate>
        Expiration_OnUpdate(arg1);
      </OnUpdate>
      -->
		</Scripts>
	</Frame>
  <Button name="TotemusTimers1" parent="TotemusTimersFrame" inherits="TotemusTimersTemplate" id="0">
    <Anchors>
      <Anchor point="TOPRIGHT">
        <Offset>
          <AbsDimension x="-10" y="-6"/>
        </Offset>
      </Anchor>
    </Anchors>
  </Button>
  <Button name="TotemusTimers2" parent="TotemusTimersFrame" inherits="TotemusTimersTemplate" id="1">
    <Anchors>
      <Anchor point="RIGHT" relativeTo="TotemusTimers1" relativePoint="LEFT">
        <Offset>
          <AbsDimension x="-5" y="0"/>
        </Offset>
      </Anchor>
    </Anchors>
  </Button>
  <Button name="TotemusTimers3" parent="TotemusTimersFrame" inherits="TotemusTimersTemplate" id="2">
    <Anchors>
      <Anchor point="RIGHT" relativeTo="TotemusTimers2" relativePoint="LEFT">
        <Offset>
          <AbsDimension x="-5" y="0"/>
        </Offset>
      </Anchor>
    </Anchors>
  </Button>
  <Button name="TotemusTimers4" parent="TotemusTimersFrame" inherits="TotemusTimersTemplate" id="3">
    <Anchors>
      <Anchor point="RIGHT" relativeTo="TotemusTimers3" relativePoint="LEFT">
        <Offset>
          <AbsDimension x="-5" y="0"/>
        </Offset>
      </Anchor>
    </Anchors>
  </Button>
 <GameTooltip name="TotemusTimersTooltip" frameStrata="BACKGROUND" hidden="true" inherits="GameTooltipTemplate" clampToScreen="false">
<Scripts>
<OnLoad>
this:SetOwner(UIParent, "ANCHOR_NONE");
</OnLoad>
</Scripts>
</GameTooltip>
  
</Ui>
