﻿<Ui xmlns="http://www.blizzard.com/wow/ui/" xmlns:xsi="http://www.w3.org/2001/XMLSchema-instance" xsi:schemaLocation="http://www.blizzard.com/wow/ui/..\FrameXML\UI.xsd">

    <Button name="TotemusButtonTemplate" parent="UIParent" inherits="SecureActionButtonTemplate" virtual="true" enableMouse="true" toplevel="true" movable="true" hidden="false">
        <Size>
			<AbsDimension x="30" y="30"/>
		</Size>
		<Anchors>
			<Anchor point="CENTER" relativeTo="TotemusSphere" relativePoint="CENTER">
				<Offset>
					<AbsDimension x="-100" y="-50"/>
				</Offset>
			</Anchor>
		</Anchors>
		<HitRectInsets>
			<AbsInset left="3" right="3" top="3" bottom="3"/>
		</HitRectInsets>
		<Layers>
			<Layer level="BACKGROUND">
				<Texture name="$parent_Icon" file="Interface\AddOns\Totemus\UI\Icons\WoWUnknownItem01" />
			</Layer>
			<Layer level="OVERLAY">
				<FontString name="$parent_Caption" inherits="GameFontNormalSmall" text="">
					<Color r="0.9" g="0.9" b="1.0" a="1"/>
					<Anchors>
						<Anchor point="CENTER" relativeTo="$parent" relativeFrom="CENTER">
							<Offset>
								<AbsDimension x="0" y="0"/>
							</Offset>
						</Anchor>
					</Anchors>
				</FontString>
			</Layer>
		</Layers>
        <Scripts>
			<OnLeave>
				GameTooltip:Hide();
			</OnLeave>
			<OnDragStart>
				Totemus:OnDragStart(this);
			</OnDragStart>
			<OnDragStop>
				Totemus:OnDragStop(this);
			</OnDragStop>
			<OnMouseUp>
				Totemus:OnDragStop(this);
			</OnMouseUp>
        </Scripts>
		<NormalTexture file="Interface\AddOns\Totemus\UI\Solid\ButtonNormal" />
		<HighlightTexture file="Interface\AddOns\Totemus\UI\Solid\ButtonHighlight" />
		<PushedTexture file="Interface\AddOns\Totemus\UI\Solid\ButtonDisable" />
    </Button>
    
    <Button name="TotemusMenuButtonTemplate" parent="UIParent" inherits="SecureAnchorUpDownTemplate,SecureActionButtonTemplate" virtual="true" enableMouse="true" toplevel="true" movable="true" hidden="false">
        <Size>
			<AbsDimension x="30" y="30"/>
		</Size>
		<Anchors>
			<Anchor point="CENTER" relativeTo="TotemusSphere" relativePoint="CENTER">
				<Offset>
					<AbsDimension x="-100" y="-50"/>
				</Offset>
			</Anchor>
		</Anchors>
		<HitRectInsets>
			<AbsInset left="3" right="3" top="3" bottom="3"/>
		</HitRectInsets>
		<Layers>
			<Layer level="BACKGROUND">
				<Texture name="$parent_Icon" file="Interface\AddOns\Totemus\UI\Icons\WoWUnknownItem01" />
			</Layer>
			<Layer level="OVERLAY">
				<FontString name="$parent_Caption" inherits="GameFontNormalSmall" text="">
					<Color r="0.9" g="0.9" b="1.0" a="1"/>
					<Anchors>
						<Anchor point="CENTER" relativeTo="$parent" relativeFrom="CENTER">
							<Offset>
								<AbsDimension x="0" y="0"/>
							</Offset>
						</Anchor>
					</Anchors>
				</FontString>
			</Layer>
		</Layers>
        <Scripts>
			<OnLeave>
				GameTooltip:Hide();
			</OnLeave>
			<OnDragStart>
				Totemus:OnDragStart(this);
			</OnDragStart>
			<OnDragStop>
				Totemus:OnDragStop(this);
			</OnDragStop>
        </Scripts>
		<NormalTexture file="Interface\AddOns\Totemus\UI\Solid\ButtonNormal" />
		<HighlightTexture file="Interface\AddOns\Totemus\UI\Solid\ButtonHighlight" />
		<PushedTexture file="Interface\AddOns\Totemus\UI\Solid\ButtonDisable" />
    </Button>
    
    <Button name="TotemusDynamicButtonTemplate" parent="UIParent" inherits="TotemusButtonTemplate" virtual="true">
        <Size>
			<AbsDimension x="36" y="36"/>
		</Size>
        <Scripts>
			<OnEnter>
				Totemus:ShowTooltip(this, "ATTRIBUTES", "ANCHOR_LEFT");
			</OnEnter>
		</Scripts>
    </Button>
    
    <Button name="TotemusSphere" inherits="SecureActionButtonTemplate" hidden="false" enableMouse="true" parent="UIParent" movable="true">
		<Size>
			<AbsDimension x="64" y="64"/>
		</Size>
		<Anchors>
			<Anchor point="CENTER" relativeTo="UIParent" relativePoint="CENTER">
				<Offset>
					<AbsDimension x="0" y="-100"/>
				</Offset>
			</Anchor>
		</Anchors>
		<HitRectInsets>
			<AbsInset left="10" right="10" top="10" bottom="10"/>
		</HitRectInsets>
		<Layers>
			<Layer level="BORDER">
				<Texture file="Interface\AddOns\Totemus\UI\Solid\SphereBorder" />
			</Layer>
			<Layer level="ARTWORK">
				<Texture name="$parent_Icon" file="Interface\AddOns\Totemus\UI\Solid\SphereIcon" />
                                                      	<FontString name="TotemusSphereCaption" inherits="GameFontNormalLarge" text="Totemus">
					<Color r="0.9" g="0.9" b="1.0" a="1"/>
					<Anchors>
						<Anchor point="CENTER" relativeTo="TotemusSphere" relativeFrom="CENTER">
							<Offset>
								<AbsDimension x="0" y="0"/>
							</Offset>
						</Anchor>
					</Anchors>
				</FontString>
			</Layer>
		</Layers>
		<Scripts>
			<OnEnter>
				Totemus:ShowTooltip(this, "MAIN", "ANCHOR_LEFT");
			</OnEnter>
			<OnLeave>
				GameTooltip:Hide();
			</OnLeave>
			<OnDragStart>
				Totemus:OnDragStart(this);
			</OnDragStart>
			<OnDragStop>
				Totemus:OnDragStop(this);
			</OnDragStop>
			<OnMouseUp>
				Totemus:OnDragStop(this);
			</OnMouseUp>
		</Scripts>
	</Button>  
    
    <Button name="TotemusCircle" hidden="false" enableMouse="false" parent="UIParent" alpha="0.9">
		<Size>
			<AbsDimension x="64" y="64"/>
		</Size>
		<Anchors>
			<Anchor point="CENTER" relativeTo="TotemusSphere" relativePoint="CENTER">
				<Offset>
					<AbsDimension x="0" y="0"/>
				</Offset>
			</Anchor>
		</Anchors>
        <Layers>
            <Layer level="BACKGROUND">
                <Texture name="$parentShards" file="Interface\AddOns\Totemus\UI\Solid\Shards\Shard12" />
            </Layer>
        </Layers>
    </Button>
    
    <Button name="TotemusButtonDrink" inherits="TotemusButtonTemplate">
		<Scripts>
			<OnEnter>
				Totemus:ShowTooltip(this, "DRINK", "ANCHOR_LEFT");
			</OnEnter>
		</Scripts>
	</Button>
    <Button name="TotemusButtonPotion" inherits="TotemusButtonTemplate">
		<Scripts>
			<OnEnter>
				Totemus:ShowTooltip(this, "POTION", "ANCHOR_LEFT");
			</OnEnter>
		</Scripts>
	</Button>  
    <Button name="TotemusButtonAirMenu" inherits="TotemusMenuButtonTemplate">
        <Scripts>
			<OnEnter>
				Totemus:ShowTooltip(this, "AIRMENU", "ANCHOR_LEFT");
			</OnEnter>
		</Scripts>
	</Button>
    <Button name="TotemusButtonEauMenu" inherits="TotemusMenuButtonTemplate">
        <Scripts>
			<OnEnter>
				Totemus:ShowTooltip(this, "EAUMENU", "ANCHOR_LEFT");
			</OnEnter>
		</Scripts>
	</Button>
    <Button name="TotemusButtonFeuMenu" inherits="TotemusMenuButtonTemplate">
        <Scripts>
			<OnEnter>
				Totemus:ShowTooltip(this, "FEUMENU", "ANCHOR_LEFT");
			</OnEnter>
		</Scripts>
	</Button>
    <Button name="TotemusButtonTerreMenu" inherits="TotemusMenuButtonTemplate">
        <Scripts>
			<OnEnter>
				Totemus:ShowTooltip(this, "TERREMENU", "ANCHOR_LEFT");
			</OnEnter>
		</Scripts>
	</Button>
    <Button name="TotemusButtonBuffMenu" inherits="TotemusMenuButtonTemplate">
        <Scripts>
			<OnEnter>
				Totemus:ShowTooltip(this, "BUFFMENU", "ANCHOR_LEFT");
			</OnEnter>
		</Scripts>
	</Button>
    <Button name="TotemusButtonActionOne" inherits="TotemusButtonTemplate">
        <Scripts>
			<OnEnter>
				Totemus:ShowTooltip(this, "ACTION_ONE", "ANCHOR_LEFT");
			</OnEnter>
		</Scripts>
	</Button>
    <Button name="TotemusButtonActionTwo" inherits="TotemusButtonTemplate">
        <Scripts>
			<OnEnter>
				Totemus:ShowTooltip(this, "ACTION_TWO", "ANCHOR_LEFT");
			</OnEnter>
		</Scripts>
	</Button>  
    <Button name="TotemusButtonMount" inherits="TotemusButtonTemplate">
        <Scripts>
			<OnEnter>
				Totemus:ShowTooltip(this, "MOUNT", "ANCHOR_LEFT");
			</OnEnter>
		</Scripts>
	</Button>
    
	<GameTooltip name="SphereInfoTooltip" frameStrata="LOW" toplevel="true" movable="true" parent="UIParent" inherits="GameTooltipTemplate" />
</Ui>