<Ui xmlns="http://www.blizzard.com/wow/ui/" xmlns:xsi="http://www.w3.org/2001/XMLSchema-instance" xsi:schemaLocation="http://www.blizzard.com/wow/ui/
..\FrameXML\UI.xsd">

<Script file="libs\LibStub-1.0\LibStub.lua"/>
<Include file="libs\CallbackHandler-1.0\CallbackHandler-1.0.xml"/>
<Include file="libs\Ace3\AceAddon-3.0\AceAddon-3.0.xml"/>
<Include file="libs\Ace3\AceEvent-3.0\AceEvent-3.0.xml"/>
<Include file="libs\Ace3\AceDB-3.0\AceDB-3.0.xml"/>
<Include file="libs\Ace3\AceLocale-3.0\AceLocale-3.0.xml"/>
<Include file="libs\LibSharedMedia-3.0\lib.xml"/>
<Script file="libs\LibDualSpec-1.0\LibDualSpec-1.0.lua"/>
<Script file="libs\LibDataBroker-1.1\LibDataBroker-1.1.lua"/>

</Ui>

