﻿<Ui xmlns:xsi="http://www.w3.org/2001/XMLSchema-instance" xmlns:xsd="http://www.w3.org/2001/XMLSchema" xmlns="http://www.blizzard.com/wow/ui/">
	<Script file="Grid_Equipment.lua"></Script>
	<Script file="Grid_Reputations.lua"></Script>
	<Script file="Grid_Currencies.lua"></Script>
	<Script file="Grid_Tabards.lua"></Script>
	<Script file="Grid_Mounts.lua"></Script>
	<Script file="Grid_Tradeskills.lua"></Script>
	<Script file="Grid_Archeology.lua"></Script>
	
	<Frame name="AltoholicFrameGrids" parent="AltoholicTabGrids" hidden="true">
		<Size>
			<AbsDimension x="615" y="306"/>
		</Size>
		<Anchors>
			<Anchor point="TOPRIGHT">
				<Offset>
					<AbsDimension x="39" y="-105"/>
				</Offset>
			</Anchor>
		</Anchors>
		<Frames>
			<Frame name="$parentRightClickMenu" inherits="UIDropDownMenuTemplate" id="1" hidden="true">
				<Size>
					<AbsDimension x="100" y="40"/>
				</Size>
			</Frame>
			<ScrollFrame name="$parentScrollFrame" inherits="FauxScrollFrameTemplate">
				<Anchors>
					<Anchor point="TOPLEFT" />
					<Anchor point="BOTTOMRIGHT" />
				</Anchors>
				<Layers>
					<Layer level="ARTWORK">
						<Texture file="Interface\PaperDollInfoFrame\UI-Character-ScrollBar">
							<Size>
								<AbsDimension x="31" y="256"/>
							</Size>
							<Anchors>
								<Anchor point="TOPLEFT" relativePoint="TOPRIGHT">
									<Offset>
										<AbsDimension x="-2" y="5"/>
									</Offset>
								</Anchor>
							</Anchors>
							<TexCoords left="0" right="0.484375" top="0" bottom="1.0"/>
						</Texture>
						<Texture file="Interface\PaperDollInfoFrame\UI-Character-ScrollBar">
							<Size>
								<AbsDimension x="31" y="106"/>
							</Size>
							<Anchors>
								<Anchor point="BOTTOMLEFT" relativePoint="BOTTOMRIGHT">
									<Offset>
										<AbsDimension x="-2" y="0"/>
									</Offset>
								</Anchor>
							</Anchors>
							<TexCoords left="0.515625" right="1.0" top="0" bottom="0.4140625"/>
						</Texture>
					</Layer>
				</Layers>
				<Scripts>
					<OnVerticalScroll>
						FauxScrollFrame_OnVerticalScroll(self, offset, 41, Altoholic.Tabs.Grids.Update)
					</OnVerticalScroll>
				</Scripts>
			</ScrollFrame>
			
			<Button name="$parentEntry1" inherits="AltoIconListtEntryTemplate" id="1">
				<Anchors>
					<Anchor point="TOPLEFT" relativeTo="$parentScrollFrame" relativePoint="TOPLEFT">
						<Offset>
							<AbsDimension x="3" y="3"/>
						</Offset>
					</Anchor>
				</Anchors>
			</Button>
			<Button name="$parentEntry2" inherits="AltoIconListtEntryTemplate" id="2">
				<Anchors>
					<Anchor point="TOPLEFT" relativeTo="$parentEntry1" relativePoint="BOTTOMLEFT" />
				</Anchors>
			</Button>
			<Button name="$parentEntry3" inherits="AltoIconListtEntryTemplate" id="3">
				<Anchors>
					<Anchor point="TOPLEFT" relativeTo="$parentEntry2" relativePoint="BOTTOMLEFT" />
				</Anchors>
			</Button>
			<Button name="$parentEntry4" inherits="AltoIconListtEntryTemplate" id="4">
				<Anchors>
					<Anchor point="TOPLEFT" relativeTo="$parentEntry3" relativePoint="BOTTOMLEFT" />
				</Anchors>
			</Button>
			<Button name="$parentEntry5" inherits="AltoIconListtEntryTemplate" id="5">
				<Anchors>
					<Anchor point="TOPLEFT" relativeTo="$parentEntry4" relativePoint="BOTTOMLEFT" />
				</Anchors>
			</Button>
			<Button name="$parentEntry6" inherits="AltoIconListtEntryTemplate" id="6">
				<Anchors>
					<Anchor point="TOPLEFT" relativeTo="$parentEntry5" relativePoint="BOTTOMLEFT" />
				</Anchors>
			</Button>
			<Button name="$parentEntry7" inherits="AltoIconListtEntryTemplate" id="7">
				<Anchors>
					<Anchor point="TOPLEFT" relativeTo="$parentEntry6" relativePoint="BOTTOMLEFT" />
				</Anchors>
			</Button>
			<Button name="$parentEntry8" inherits="AltoIconListtEntryTemplate" id="8">
				<Anchors>
					<Anchor point="TOPLEFT" relativeTo="$parentEntry7" relativePoint="BOTTOMLEFT" />
				</Anchors>
			</Button>
		</Frames>
	</Frame>

</Ui>