﻿<Ui xmlns:xsi="http://www.w3.org/2001/XMLSchema-instance" xmlns="http://www.blizzard.com/wow/ui/" xsi:schemaLocation="http://www.blizzard.com/wow/ui/ http://www.blizzard.com/wow/ui/../../FrameXML/UI.xsd">
<Script file="libs\LibStub\LibStub.lua"/>
<Include file="libs\CallbackHandler-1.0\CallbackHandler-1.0.xml"/>
<Include file="libs\AceDB-3.0\AceDB-3.0.xml"/>
<Include file="libs\AceDBOptions-3.0\AceDBOptions-3.0.xml"/>
<Include file="libs\AceGUI-3.0\AceGUI-3.0.xml"/>
<Include file="libs\AceConfig-3.0\AceConfig-3.0.xml"/>
<Include file="libs\AceComm-3.0\AceComm-3.0.xml"/>
<Include file="libs\AceLocale-3.0\AceLocale-3.0.xml"/>
<Include file="libs\LibAdvancedIconSelector-1.0\LibAdvancedIconSelector-1.0.xml"/>
<Include file="libs\LibSharedMedia-3.0\lib.xml"/>
<Include file="libs\AceGUI-3.0-SharedMediaWidgets\widget.xml"/>
</Ui>