<Ui xmlns:xsi="http://www.w3.org/2001/XMLSchema-instance" xmlns:xsd="http://www.w3.org/2001/XMLSchema" xsi:schemaLocation="http://www.blizzard.com/wow/ui/ ..\FrameXML\UI.xsd" xmlns="http://www.blizzard.com/wow/ui/">
	<Script file="RSO-Options.lua" />
	<Frame name="RareSpawnOverlayOptionsFrame" hidden="true">
		<Layers>
			<Layer>
				<FontString inherits="GameFontNormalLarge" text="Rare Spawn Overlay">
					<Anchors>
						<Anchor point="TOPLEFT">
							<Offset>
								<AbsDimension x="15" y="-15" />
							</Offset>
						</Anchor>
					</Anchors>
				</FontString>
			</Layer>
		</Layers>
		<Scripts>
			<OnLoad>
        RareSpawnOverlayOptions_OnLoad(self);
      </OnLoad>
		</Scripts>
	</Frame>
</Ui>