<Ui xmlns="http://www.blizzard.com/wow/ui/" xmlns:xsi="http://www.w3.org/2001/XMLSchema-instance" xsi:schemaLocation="http://www.blizzard.com/wow/ui/
..\FrameXML\UI.xsd">
	<Include file="LibStub\LibStub.lua" />
	<Include file="LibCrayon-3.0\lib.xml" />
	<Include file="LibBabble-Zone-3.0\lib.xml" />
	<Include file="LibBabble-SubZone-3.0\lib.xml" />
	<Include file="LibTourist-3.0\lib.xml" />
	<Include file="LibFishing-1.0\lib.xml" />
	<Include file="LibTabbedFrame-1.0\lib.xml" />
	<Include file="Astrolabe\Load.xml" />
</Ui>
