<Ui xmlns:xsi="http://www.w3.org/2001/XMLSchema-instance" xmlns:xsd="http://www.w3.org/2001/XMLSchema" xsi:schemaLocation="http://www.blizzard.com/wow/ui/ C:\Projects\WoW\Bin\Interface\FrameXML\UI.xsd" xmlns="http://www.blizzard.com/wow/ui/">
    <Script file="SaySapped.lua" />
    <Frame name="SaySapped" parent="UIParent" enableMouse="true" movable="true" hidden="true">
        <Scripts>
            <OnLoad>
			SaySapped_OnLoad()
            </OnLoad>
            <OnEvent>
            SaySapped_OnEvent(event)
            </OnEvent>
        </Scripts>
    </Frame>
</Ui>
