<Ui xmlns="http://www.blizzard.com/wow/ui/" xmlns:xsi="http://www.w3.org/2001/XMLSchema-instance" xsi:schemaLocation="http://www.blizzard.com/wow/ui/..\FrameXML\UI.xsd">
	<Script file="Poisoner.lua"/>

	<GameTooltip name="PoisonerTooltip" frameStrata="TOOLTIP" hidden="true" parent="UIParent" inherits="GameTooltipTemplate" />
	<GameTooltip name="PoisonerScannerTooltip" inherits="GameTooltipTemplate"/>

	<Frame name="PoisonerStateHeader" parent="UIParent" inherits="SecureStateHeaderTemplate" hidden="false">
		<!-- tiny and offscreen -->
		<Size><AbsDimension x="1" y="1"/></Size>
		<Anchors>
			<Anchor point="BOTTOMLEFT" relativePoint="TOPRIGHT" relativeTo="UIParent"><Offset><AbsDimension x="0" y="0"/></Offset></Anchor>
		</Anchors>
		<Attributes>
			<Attribute name="statemap-anchor-click" value="0:1;1:0"/>
			<Attribute name="statemap-anchor-enter" value="0:1"/>
			<Attribute name="statemap-anchor-leave" value=";"/>
			<Attribute name="delaystatemap-anchor-leave" value="1:0"/>
			<Attribute name="delaytimemap-anchor-leave" value="1:1"/>
			<Attribute name="delayhovermap-anchor-leave" value="1:true"/>
		</Attributes>
	
	</Frame>

	<Button name="PoisonerMinimapButton" parent="PoisonerStateHeader" inherits="SecureAnchorEnterTemplate" toplevel="true" hidden="true" frameStrata="LOW" enableMouse="true" movable="true">
		<NormalTexture file="Interface\AddOns\Poisoner\images\Poisoner_MMButton"/>
		<HighlightTexture alphaMode="ADD" file="Interface\AddOns\Poisoner\images\Poisoner_MMButton"/>
		<Size>
			<AbsDimension x="30" y="30"/>
		</Size>
		<Anchors>
			<Anchor point="BOTTOM" relativeTo="Minimap">
				<Offset>
					<AbsDimension x="-72" y="112"/>
				</Offset>
			</Anchor>
		</Anchors>
		<Scripts>
			<OnLoad>
				Poisoner_OnLoad(self);
			</OnLoad>
			<OnEvent>
				Poisoner_OnEvent(self, event);
			</OnEvent>
			<OnMouseUp>
				Poisoner_OnDragStop(self);
			</OnMouseUp>
			<OnDragStart>
				Poisoner_OnDragStart(self);
			</OnDragStart>
			<OnDragStop>
				Poisoner_OnDragStop(self);
			</OnDragStop>
			<OnMouseUp>
			PoisonerMenu_Toggle();
			</OnMouseUp>
		</Scripts>
		<Attributes>
			<Attribute name="anchorchild" value="$parent"/>
			<Attribute name="childstate-OnEnter" value="enter"/>
			<Attribute name="childstate-OnLeave" value="leave"/>
		</Attributes>
	</Button>




	<!-- Poisoner Menu -->
	<Frame name="PoisonerMenu" parent="PoisonerStateHeader" inherits="SecureFrameTemplate" frameStrata="MEDIUM" toplevel="true" hidden="true">
		<Size>
			<AbsDimension x="240" y="36"/>
		</Size>
		<Anchors>
			<Anchor point="TOPRIGHT" relativeTo="PoisonerMinimapButton" relativePoint="LEFT"/>
		</Anchors>
		<Frames>
			<!-- Child button frames are created dynamically -->
		</Frames>
		<Scripts>
			<OnLoad>
				self:GetParent():SetAttribute("addchild", self);
			</OnLoad>
			<OnShow>
				Poisoner_OnMenuShow();
			</OnShow>
		</Scripts>
		<Attributes>
			<Attribute name="showstates" value="1"/>
			<Attribute name="delaystate" value="1:0"/>
			<Attribute name="delaytime" value="1:1"/>
			<Attribute name="delayhover" value="1:true"/>
		</Attributes>

	</Frame>
	
	<CheckButton name="PoisonerItemButtonTemplate" parent="PoisonerMenu" inherits="SecureActionButtonTemplate,SecureHandlerEnterLeaveTemplate" frameStrata="HIGH" toplevel="true" virtual="true">
		<Size><AbsDimension x="36" y="36"/></Size>
		<Scripts>
			<OnLoad>
				self.elapsed = 0;
				self.updateDelay = 2;
				self.needUpdate = false;
				self:RegisterForClicks("LeftButtonDown", "RightButtonDown", "MiddleButtonDown");
			</OnLoad>
			<OnUpdate>
				Poisoner_OnItemButtonUpdate(self, elapsed);
			</OnUpdate>
			<PostClick>
				Poisoner_OnItemButtonClick(self);
			</PostClick>
		</Scripts>
		
	</CheckButton>
	
	<CheckButton name="PoisonerItemButtonTemplate2" parent="PoisonerMenu" inherits="SecureActionButtonTemplate,SecureHandlerEnterLeaveTemplate" frameStrata="HIGH" toplevel="true" virtual="true">
		<NormalTexture file="Interface\Icons\Spell_Nature_Reincarnation"/>
		<HighlightTexture alphaMode="ADD" file="Interface\Icons\Spell_Nature_Reincarnation"/>
		<Size><AbsDimension x="36" y="36"/></Size>
		<Scripts>
			<OnLoad>
				self.elapsed = 0;
				self.updateDelay = 2;
				self.needUpdate = false;
				self:RegisterForClicks("LeftButtonDown", "RightButtonDown", "MiddleButtonDown");
			</OnLoad>
			<OnUpdate>
			</OnUpdate>
			<PostClick>
			</PostClick>
		</Scripts>
		
	</CheckButton>

</Ui>
