<Ui>
	<Button name="RematchBrowserListButtonTemplate" virtual="true">
		<Size x="166" y="28"/>
		<Layers>
			<Layer level="BACKGROUND">
				<Texture file="Interface\PetBattles\PetJournal" setAllPoints="true">
					<TexCoords left="0.49804688" right="0.90625000" top="0.12792969" bottom="0.17285156"/>
				</Texture>
			</Layer>
			<Layer level="BORDER">
				<Texture parentKey="rarity" file="Interface\ChatFrame\ChatFrameBackground">
					<Anchors>
						<Anchor point="TOPLEFT" x="31" y="-3"/>
						<Anchor point="BOTTOMRIGHT" x="-3" y="3"/>
					</Anchors>
				</Texture>
			</Layer>
			<Layer level="ARTWORK">
				<Texture file="Interface\Common\ShadowOverlay-Corner">
					<Anchors>
						<Anchor point="TOPLEFT" x="31" y="-3"/>
						<Anchor point="BOTTOMRIGHT" x="-3" y="3"/>
					</Anchors>
					<TexCoords left="0" right="1" top="1" bottom="0"/>
				</Texture>
				<Texture parentKey="icon">
					<Size x="25" y="25"/>
					<Anchors>
						<Anchor point="TOPLEFT" x="3" y="-1"/>
					</Anchors>
					<TexCoords left="0.075" right="0.925" top="0.075" bottom="0.925"/>
				</Texture>
			</Layer>
			<Layer level="ARTWORK" textureSubLevel="1">
				<Texture parentKey="dead" file="Interface\PetBattles\DeadPetIcon" hidden="true">
					<Size x="26" y="26"/>
					<Anchors>
						<Anchor point="TOPLEFT" x="3" y="-2"/>
					</Anchors>
				</Texture>
			</Layer>
			<Layer level="OVERLAY">
				<Texture parentKey="type">
					<Size x="18" y="18"/>
					<Anchors>
						<Anchor point="LEFT" x="33" y="2"/>
					</Anchors>
					<TexCoords left="0.4921875" right="0.796875" top="0.50390625" bottom="0.65625"/>
				</Texture>
				<Texture parentKey="favorite" file="Interface\PetBattles\PetJournal" hidden="true">
					<Size x="20" y="20"/>
					<Anchors>
						<Anchor point="TOPLEFT" x="-4" y="4"/>
					</Anchors>
					<TexCoords left="0.11328125" right="0.16210938" top="0.02246094" bottom="0.04687500"/>	
				</Texture>
				<FontString parentKey="name" font="RematchListFont" justifyH="LEFT" justifyV="CENTER">
					<Anchors>
						<Anchor point="TOPLEFT" x="57" y="-2"/>
						<Anchor point="BOTTOMRIGHT" x="-17" y="2"/>
					</Anchors>
				</FontString>
				<FontString parentKey="level" inherits="SystemFont_Outline_Small">
					<Anchors>
						<Anchor point="BOTTOM" relativePoint="BOTTOMLEFT" x="47" y="3"/>
					</Anchors>
					<FontHeight>
						<AbsValue val="9"/>
					</FontHeight>
					<Color r=".9" g=".9" b=".9"/>
				</FontString>
				<FontString parentKey="breed" inherits="SystemFont_Tiny">
					<Anchors>
						<Anchor point="BOTTOMRIGHT" x="-5" y="4"/>
					</Anchors>
				</FontString>
				<Texture parentKey="leveling" file="Interface\AddOns\Rematch\textures\marker">
					<Size x="18" y="18"/>
					<Anchors>
						<Anchor point="TOPRIGHT" x="-2" y="-2"/>
					</Anchors>
				</Texture>
			</Layer>
		</Layers>
		<HighlightTexture file="Interface\PetBattles\PetJournal" setAllPoints="true" alphaMode="BLEND">
			<Anchors>
				<Anchor point="TOPLEFT" x="30" y="-1"/>
				<Anchor point="BOTTOMRIGHT" x="0" y="0"/>
			</Anchors>
			<TexCoords left="0.49804688" right="0.90625000" top="0.17480469" bottom="0.21972656"/>
		</HighlightTexture>
		<Scripts>
			<OnLoad>
				self:RegisterForDrag("LeftButton")
				self:RegisterForClicks("AnyUp")
				self.menu = "browserPet"
			</OnLoad>
			<OnEnter>
				Rematch.PetOnEnter(self)
			</OnEnter>
			<OnLeave>
				Rematch.PetOnLeave(self)
			</OnLeave>
			<OnDragStart>
				Rematch.BrowserPetOnDrag(self)
			</OnDragStart>
			<OnClick>
				Rematch.PetOnClick(self,button)
			</OnClick>
			<OnDoubleClick>
				Rematch.PetOnDoubleClick(self,button)
			</OnDoubleClick>
		</Scripts>
	</Button>

	<Button name="RematchTypeTabTemplate" inherits="RematchTabTemplate" virtual="true">
		<Layers>
			<Layer level="OVERLAY">
				<Texture parentKey="hasStuff" file="Interface\PaperDollInfoFrame\UI-Character-Tab-Highlight" alphaMode="ADD" alpha=".75" hidden="true">
					<Anchors>
						<Anchor point="TOPLEFT" x="5" y="-4"/>
						<Anchor point="BOTTOMRIGHT" x="-5" y="0"/>
					</Anchors>
					<TexCoords left="0" right="1" top="0.40625" bottom="0.75"/>
					<Color r="1" g="1" b=".75"/>
				</Texture>
			</Layer>
		</Layers>
		<Scripts>
			<OnClick>
				Rematch.TypeBarTabOnClick(self)
			</OnClick>
		</Scripts>
	</Button>

	<CheckButton name="RematchBrowserTypeButtonTemplate" virtual="true">
		<Size x="19" y="19"/>
		<Layers>
			<Layer level="BACKGROUND">
				<Texture parentKey="icon">
					<Size x="17" y="17"/>
					<Anchors>
						<Anchor point="CENTER"/>
					</Anchors>
					<TexCoords left="0.075" right="0.925" top="0.075" bottom="0.925"/>
				</Texture>
			</Layer>
		</Layers>
		<HighlightTexture file="Interface\Buttons\UI-ActionButton-Border" alphaMode="ADD">
			<TexCoords left="0.203125" right="0.796875" top="0.21875" bottom="0.8125"/>
			<Color r=".5" g=".75" b="1" a=".5"/>
		</HighlightTexture>
		<CheckedTexture file="Interface\Buttons\CheckButtonHilight" alphaMode="ADD"/>
		<Scripts>
			<OnClick>
				Rematch.TypeBarTypeButtonOnClick(self)
			</OnClick>
		</Scripts>
	</CheckButton>

	<Frame name="RematchBrowser" parentKey="browser" parent="RematchDrawer" useParentLevel="true" inherits="RematchDragTemplate" hidden="false">
		<Anchors>
			<Anchor point="TOPLEFT" x="3" y="-3"/>
			<Anchor point="BOTTOMRIGHT" relativePoint="BOTTOMLEFT" x="203" y="3"/>
		</Anchors>
		<Layers>
			<Layer level="BORDER">
				<Texture file="Interface\PetBattles\!BattleSlotFrame-Left" vertTile="true">
					<Anchors>
						<Anchor point="TOPLEFT" relativePoint="TOPRIGHT" x="-4" y="2"/>
						<Anchor point="BOTTOMRIGHT" relativePoint="BOTTOMRIGHT" x="12" y="-2"/>
					</Anchors>
				</Texture>
			</Layer>
		</Layers>
		<Frames>

			<EditBox parentKey="searchBox" name="$parentSearchBox" inherits="RematchSearchBoxTemplate">
				<Size x="140" y="20"/>
				<Anchors>
					<Anchor point="TOPLEFT" x="31" y="-1"/>
				</Anchors>
				<Scripts>
					<OnTextChanged>
						Rematch.SearchBoxOnTextChanged(self)
					</OnTextChanged>
					<OnEnterPressed>
						self:ClearFocus()
					</OnEnterPressed>
					<OnEditFocusGained>
						Rematch.SearchBoxOnEditFocusGained(self)
					</OnEditFocusGained>
					<OnEditFocusLost>
						Rematch.SearchBoxOnEditFocusLost(self)
					</OnEditFocusLost>
				</Scripts>
			</EditBox>

			<Button parentKey="filter" inherits="RematchToolbarButtonTemplate">
				<Anchors>
					<Anchor point="TOPRIGHT" x="1" y="4"/>
				</Anchors>
				<Scripts>
					<PreClick>
						-- remove template PreClick to hide menu
					</PreClick>
					<OnClick>
						Rematch.BrowserFilterButtonOnClick(self)
					</OnClick>
				</Scripts>
			</Button>

			<Button parentKey="toggle" inherits="RematchToolbarButtonTemplate">
				<Anchors>
					<Anchor point="TOPLEFT" x="-3" y="4"/>
				</Anchors>
				<Scripts>
					<OnClick>
						Rematch.ToggleTypeBar(self)
					</OnClick>
				</Scripts>
			</Button>

			<Frame parentKey="typeBar">
				<Size x="197" y="30"/>
				<Anchors>
					<Anchor point="TOPLEFT" x="0" y="-40"/>
				</Anchors>
				<Backdrop edgeFile="Interface\Tooltips\UI-Tooltip-Border" tile="true">
					<EdgeSize val="12"/>
					<BorderColor r="1" g=".82" b="0"/>
				</Backdrop>
				<Layers>
					<Layer level="BACKGROUND">
						<Texture>
							<Anchors>
								<Anchor point="TOPLEFT" x="3" y="-3"/>
								<Anchor point="BOTTOMRIGHT" x="-3" y="3"/>
							</Anchors>
							<Color r="0.075" g="0.075" b="0.075"/>
						</Texture>
					</Layer>
				</Layers>
				<Frames>
					<!-- the clear button in topright corner of typebar -->
					<Button parentKey="clear" inherits="RematchClearButtonTemplate">
						<Anchors>
							<Anchor point="BOTTOMRIGHT" relativePoint="TOPRIGHT" x="-3" y="-1"/>
						</Anchors>
						<Scripts>
							<OnClick>
								Rematch.TypeBarClearOnClick(self)
							</OnClick>
						</Scripts>
					</Button>
					<CheckButton parentArray="buttons" inherits="RematchBrowserTypeButtonTemplate" id="1"/>
					<CheckButton parentArray="buttons" inherits="RematchBrowserTypeButtonTemplate" id="2"/>
					<CheckButton parentArray="buttons" inherits="RematchBrowserTypeButtonTemplate" id="3"/>
					<CheckButton parentArray="buttons" inherits="RematchBrowserTypeButtonTemplate" id="4"/>
					<CheckButton parentArray="buttons" inherits="RematchBrowserTypeButtonTemplate" id="5"/>
					<CheckButton parentArray="buttons" inherits="RematchBrowserTypeButtonTemplate" id="6"/>
					<CheckButton parentArray="buttons" inherits="RematchBrowserTypeButtonTemplate" id="7"/>
					<CheckButton parentArray="buttons" inherits="RematchBrowserTypeButtonTemplate" id="8"/>
					<CheckButton parentArray="buttons" inherits="RematchBrowserTypeButtonTemplate" id="9"/>
					<CheckButton parentArray="buttons" inherits="RematchBrowserTypeButtonTemplate" id="10"/>
					<!-- the type/strong/tough tabs across top of typebar -->
					<Button parentArray="tabs" inherits="RematchTypeTabTemplate" text="TYPE" id="1">
						<Size x="54" y="16"/>
						<Anchors>
							<Anchor point="BOTTOMLEFT" relativePoint="TOPLEFT" x="2" y="-2"/>
						</Anchors>
					</Button>
					<Button parentArray="tabs" inherits="RematchTypeTabTemplate" id="2">
						<Size x="66" y="16"/>
						<Anchors>
							<Anchor point="BOTTOMLEFT" relativePoint="TOPLEFT" x="51" y="-2"/>
						</Anchors>
					</Button>
					<Button parentArray="tabs" inherits="RematchTypeTabTemplate" id="3">
						<Size x="66" y="16"/>
						<Anchors>
							<Anchor point="BOTTOMLEFT" relativePoint="TOPLEFT" x="112" y="-2"/>
						</Anchors>
					</Button>
				</Frames>
			</Frame>

			<!-- bar across bottom with Pets: Owned/Filtered status -->
			<Frame parentKey="resultsBar" inherits="RematchInsetTemplate">
				<Size x="194" y="20"/>
				<Anchors>
					<Anchor point="BOTTOMLEFT" x="1" y="1"/>
				</Anchors>
				<Layers>
					<Layer level="ARTWORK">
						<FontString parentKey="petsLabel" inherits="GameFontNormalSmall">
							<Anchors>
								<Anchor point="LEFT" x="10" y="0"/>
							</Anchors>
						</FontString>
						<FontString parentKey="petCount" inherits="GameFontHighlightSmall">
							<Anchors>
								<Anchor point="LEFT" relativeKey="$parent.petsLabel" relativePoint="RIGHT" x="1" y="0"/>
							</Anchors>
						</FontString>
						<FontString parentKey="filters" inherits="GameFontNormalSmall" justifyH="RIGHT">
							<Anchors>
								<Anchor point="LEFT" relativeKey="$parent.petCount" relativePoint="RIGHT" x="2" y="0"/>
								<Anchor point="RIGHT" x="-22" y="0"/>
							</Anchors>
						</FontString>
						<FontString parentKey="ownedCount" inherits="GameFontHighlightSmall">
							<Anchors>
								<Anchor point="RIGHT" x="-10" y="0"/>
							</Anchors>
						</FontString>
						<FontString parentKey="ownedLabel" inherits="GameFontNormalSmall">
							<Anchors>
								<Anchor point="RIGHT" relativeKey="$parent.ownedCount" relativePoint="LEFT" x="-2" y="0"/>
							</Anchors>
						</FontString>
					</Layer>
				</Layers>
				<Frames>
					<Button parentKey="clear" inherits="RematchClearButtonTemplate">
						<Anchors>
							<Anchor point="TOPRIGHT" x="-4" y="-1"/>
						</Anchors>
						<Scripts>
							<OnClick>
								Rematch.ResetAllBrowserFilters(self)
							</OnClick>
						</Scripts>
					</Button>
				</Frames>
			</Frame>

			<!-- the browser list of pets -->
			<Frame parentKey="list" inherits="RematchListTemplate">
				<Anchors>
					<Anchor point="BOTTOMRIGHT" relativeKey="$parent.resultsBar" relativePoint="TOPRIGHT" x="0" y="3"/>
				</Anchors>
			</Frame>

		</Frames>
	</Frame>

</Ui>