<Ui>

	<Button name="RematchQueueListButtonTemplate" virtual="true">
		<Size x="57" y="28"/>
		<Layers>
			<Layer level="BACKGROUND">
				<Texture file="Interface\PetBattles\PetJournal" setAllPoints="true">
					<TexCoords left="0.49804688" right="0.90625000" top="0.12792969" bottom="0.17285156"/>
				</Texture>
			</Layer>
			<Layer level="BORDER">
				<Texture parentKey="rarity" file="Interface\ChatFrame\ChatFrameBackground">
					<Anchors>
						<Anchor point="TOPLEFT" x="31" y="-3"/>
						<Anchor point="BOTTOMRIGHT" x="-3" y="3"/>
					</Anchors>
				</Texture>
			</Layer>
			<Layer level="ARTWORK">
				<Texture file="Interface\Common\ShadowOverlay-Corner">
					<Anchors>
						<Anchor point="TOPLEFT" x="31" y="-3"/>
						<Anchor point="BOTTOMRIGHT" x="-3" y="3"/>
					</Anchors>
					<TexCoords left="0" right="1" top="1" bottom="0"/>
				</Texture>
				<Texture parentKey="icon">
					<Size x="25" y="25"/>
					<Anchors>
						<Anchor point="TOPLEFT" x="2" y="-1"/>
					</Anchors>
					<TexCoords left="0.075" right="0.925" top="0.075" bottom="0.925"/>
				</Texture>
			</Layer>
			<Layer level="OVERLAY">
				<Texture parentKey="type">
					<Size x="18" y="18"/>
					<Anchors>
						<Anchor point="LEFT" x="31" y="2"/>
					</Anchors>
					<TexCoords left="0.4921875" right="0.796875" top="0.50390625" bottom="0.65625"/>
				</Texture>
				<FontString parentKey="level" inherits="SystemFont_Outline_Small">
					<Anchors>
						<Anchor point="BOTTOM" relativePoint="BOTTOMLEFT" x="45" y="3"/>
					</Anchors>
					<FontHeight>
						<AbsValue val="9"/>
					</FontHeight>
					<Color r=".9" g=".9" b=".9"/>
				</FontString>
			</Layer>
		</Layers>
		<Frames>
			<Frame parentKey="selected" useParentLevel="true" setAllPoints="true" hidden="true">
				<Layers>
					<Layer level="OVERLAY">
						<Texture file="Interface\PetBattles\PetBattle-GoldSpeedFrame">
							<Size x="30" y="30"/>
							<Anchors>
								<Anchor point="TOPLEFT" x="-1" y="1"/>
							</Anchors>
							<TexCoords left="0.1171875" right="0.7421875" top="0.1171875" bottom="0.734375"/>
						</Texture>
					</Layer>
				</Layers>
			</Frame>
		</Frames>
		<HighlightTexture file="Interface\PetBattles\PetJournal" alphaMode="BLEND">
			<Anchors>
				<Anchor point="TOPLEFT" x="31" y="-1"/>
				<Anchor point="BOTTOMRIGHT" x="-3" y="1"/>
			</Anchors>
			<TexCoords left="0.49804688" right="0.90625000" top="0.17480469" bottom="0.21972656"/>
		</HighlightTexture>
		<Scripts>
			<OnLoad>
				self:RegisterForClicks("AnyUp")
				self:RegisterForDrag("LeftButton")
				self.menu="levelingQueueList"
			</OnLoad>
			<OnEnter>
				Rematch.QueueListOnEnter(self)
			</OnEnter>
			<OnLeave>
				Rematch.QueueListOnLeave(self)
			</OnLeave>
			<OnClick>
				Rematch.PetOnClick(self,button)
			</OnClick>
			<OnDragStart>
				Rematch.PetOnDragStart(self)
			</OnDragStart>
			<OnReceiveDrag>
				Rematch.QueueListOnReceiveDrag(self)
			</OnReceiveDrag>
			<OnDoubleClick>
				Rematch.QueueListOnDoubleClick(self,button)
			</OnDoubleClick>
		</Scripts>
	</Button>

	<Frame name="RematchQueue" parentKey="queue" parent="RematchDrawer" useParentLevel="true" inherits="RematchDragTemplate" hidden="false">
		<Anchors>
			<Anchor point="TOPLEFT" relativePoint="TOPRIGHT" x="-84" y="-2"/>
			<Anchor point="BOTTOMRIGHT" x="-2" y="2"/>
		</Anchors>
		<Layers>
			<Layer level="ARTWORK">
				<!-- doodad to fill space -->
				<Texture file="Interface\Archeology\ArchaeologyParts" alpha="0.65">
					<Size x="25" y="18"/>
					<Anchors>
						<Anchor point="TOPRIGHT" x="-2" y="-28"/>
					</Anchors>
					<TexCoords left="0.005859375" right="0.1015625" top="0.5546875" bottom="0.69140625"/>
				</Texture>
			</Layer>
		</Layers>
		<Frames>

			<Button parentKey="filter" inherits="RematchToolbarButtonTemplate">
				<Anchors>
					<Anchor point="TOPRIGHT" x="3" y="3"/>
				</Anchors>
				<Scripts>
					<PreClick>
						-- remove template PreClick to hide menu
					</PreClick>
					<OnClick>
						Rematch.LevelingQueueFilterButtonOnClick(self)
					</OnClick>
				</Scripts>
			</Button>

			<Button parentKey="levelingSlot" inherits="RematchActivePetSlotTemplate">
				<Size x="44" y="44"/>
				<Anchors>
					<Anchor point="TOPLEFT" x="6" y="-3"/>
				</Anchors>
				<Frames>
					<!-- level button over the lower right of the pet icon -->
					<Frame parentKey="level">
						<Size x="18" y="18"/>
						<Anchors>
							<Anchor point="BOTTOMRIGHT" x="1" y="-1"/>
						</Anchors>
						<Layers>
							<Layer level="BACKGROUND">
								<Texture parentKey="levelBG" file="Interface\PetBattles\PetJournal" setAllPoints="true">
									<TexCoords left="0.06835938" right="0.10937500" top="0.02246094" bottom="0.04296875"/>	
								</Texture>
								<FontString parentKey="text" font="Fonts\FRIZQT__.TTF" justifyH="CENTER" justifyV="CENTER">
									<Size x="0" y="12"/>
									<Anchors>
										<Anchor point="CENTER" x="1" y="0"/>
									</Anchors>
									<Color r="1" g=".82" b="0"/>
									<Shadow>
										<Offset x="1" y="-1"/>
										<Color r="0" g="0" b="0"/>
									</Shadow>
									<FontHeight>
										<AbsValue val="9"/>
									</FontHeight>
								</FontString>
							</Layer>
						</Layers>
					</Frame>
				</Frames>
				<Scripts>
					<OnEnter>
						Rematch.LevelingSlotOnEnter(self)
					</OnEnter>
					<OnLeave>
						Rematch.LevelingSlotOnLeave(self)
					</OnLeave>
					<OnReceiveDrag>
						Rematch.LevelingSlotOnReceiveDrag(self)
					</OnReceiveDrag>
				</Scripts>
			</Button>

			<!-- bar at bottom of queue to show how many pets queued -->
			<Frame parentKey="resultsBar" inherits="RematchInsetTemplate">
				<Size x="80" y="20"/>
				<Anchors>
					<Anchor point="BOTTOMLEFT" x="1" y="2"/>
				</Anchors>
				<Layers>
					<Layer level="ARTWORK">
						<FontString parentKey="label" inherits="GameFontNormalSmall">
							<Anchors>
								<Anchor point="LEFT" x="8" y="0"/>
							</Anchors>
						</FontString>
						<FontString parentKey="count" inherits="GameFontHighlightSmall" text="0">
							<Anchors>
								<Anchor point="CENTER" relativeKey="$parent.label" relativePoint="RIGHT" x="11" y="0"/>
							</Anchors>
						</FontString>
					</Layer>
				</Layers>
			</Frame>

			<Frame parentKey="title" inherits="RematchInsetTemplate">
				<Size x="80" y="18"/>
				<Anchors>
					<Anchor point="TOPLEFT" x="1" y="-51"/>
				</Anchors>
				<Layers>
					<Layer level="ARTWORK">
						<FontString parentKey="label" inherits="GameFontNormalSmall" setAllPoints="true" hidden="true"/>
						<FontString parentKey="sortLabel" inherits="GameFontHighlightSmall" text="Sort:">
							<Anchors>
								<Anchor point="LEFT" x="7" y="0"/>
							</Anchors>
						</FontString>
						<Texture parentKey="sorted" file="Interface\Common\UI-ModelControlPanel">
							<Size x="14" y="14"/>
							<Anchors>
								<Anchor point="LEFT" relativeKey="$parent.sortLabel" relativePoint="RIGHT" x="-1" y="0"/>
							</Anchors>
							<TexCoords left="0.01562500" right="0.26562500" top="0.13281250" bottom="0.00781250"/>
						</Texture>
						<Texture parentKey="rotate" file="Interface\Common\UI-ModelControlPanel">
							<Size x="14" y="14"/>
							<Anchors>
								<Anchor point="CENTER" x="6" y="0"/>
							</Anchors>
							<TexCoords left="0.01562500" right="0.26562500" top="0.13281250" bottom="0.00781250"/>
						</Texture>
					</Layer>
				</Layers>
				<Frames>
					<Button parentKey="clear" inherits="RematchClearButtonTemplate">
						<Anchors>
							<Anchor point="RIGHT" x="-4" y="0"/>
						</Anchors>
						<Scripts>
							<OnClick>
								Rematch:HideMenu()
								Rematch.ClearQueueSortAndRotate(self)
							</OnClick>
						</Scripts>
					</Button>
				</Frames>
			</Frame>

			<Frame parentKey="list" inherits="RematchListTemplate">
				<Anchors>
					<Anchor point="TOPLEFT" relativeKey="$parent.title" relativePoint="BOTTOMLEFT" x="0" y="-4"/>
					<Anchor point="BOTTOMRIGHT" relativeKey="$parent.resultsBar" relativePoint="TOPRIGHT" x="0" y="3"/>
				</Anchors>
				<Frames>
					<!-- this is the line that appears between pets when a battlepet on cursor that can drop into queue -->
					<!-- note the explicit parent: this is actually rematch.drawer.queue.list.scrollFrame.insertLine -->
					<Frame parentKey="insertLine" parent="RematchQueueScrollFrame" hidden="true">
						<Size x="54" y="6"/>
						<Animations>
							<AnimationGroup parentKey="animation" looping="REPEAT">
								<Alpha change="-1.0" duration="0.5" order="1"/>
								<Alpha change="1.0" duration="0.5" order="2"/>
							</AnimationGroup>
						</Animations>
						<Layers>
							<Layer level="OVERLAY">
								<Texture file="Interface\Archeology\Arch-FlareEffect" setAllPoints="true">
									<TexCoords left="0.04296875" right="0.892578125" top="0.703125" bottom="0.794921875"/>
								</Texture>
							</Layer>
						</Layers>
						<Scripts>
							<OnShow>
								self.animation:Play()
							</OnShow>
							<OnUpdate>
								Rematch.QueueListInsertLineOnUpdate(self,elapsed)
							</OnUpdate>
						</Scripts>
					</Frame>
					<!-- a scrollframe can't receive clicks/drags; this invisible button will capture clicks/drags to empty area of scrollframe -->
					<Button parentKey="emptyCapture" parent="RematchQueueScrollFrame">
						<Size x="54" y="16"/>
						<Anchors>
							<!-- top will be anchored in UpdateQueueList() -->
							<Anchor point="BOTTOMLEFT" x="0" y="-2"/>
						</Anchors>
<!--						<Layers>
							<Layer level="OVERLAY">
								<Texture setAllPoints="true">
									<Color r="1" g="1" b="1" a=".25"/>
								</Texture>
							</Layer>
						</Layers> -->
						<Scripts>
							<OnEnter>
								Rematch.QueueListOnEnter(self)
							</OnEnter>
							<OnLeave>
								Rematch.QueueListOnLeave(self)
							</OnLeave>
							<OnClick>
								Rematch.EmptyCaptureOnClick(self)
							</OnClick>
							<OnReceiveDrag>
								Rematch.QueueListOnReceiveDrag(self)
							</OnReceiveDrag>
						</Scripts>
					</Button>

				</Frames>
			</Frame>

		</Frames>
	</Frame>

</Ui>