<Ui>

	<Button name="RematchOptionsListTemplate" virtual="true">
		<Size x="224" y="20"/>
		<Frames>
			<CheckButton parentKey="check" inherits="UICheckButtonTemplate">
				<Size x="24" y="24"/>
				<Anchors>
					<Anchor point="LEFT" x="6" y="0"/>
				</Anchors>
				<HitRectInsets>
					<AbsInset left="-24" right="-190" top="0" bottom="0"/>
				</HitRectInsets>
				<Scripts>
					<OnEnter>
						Rematch.OptionOnEnter(self)
					</OnEnter>
					<OnLeave>
						RematchTooltip:Hide()
					</OnLeave>
					<OnClick>
						Rematch.OptionOnClick(self)
					</OnClick>
				</Scripts>
			</CheckButton>
			<Button parentKey="button" inherits="UIPanelButtonTemplate">
				<Size x="172" y="20"/>
				<Anchors>
					<Anchor point="CENTER"/>
				</Anchors>
				<NormalFont style="RematchListFont"/>
				<PushedFont style="RematchListFont"/>
				<HighlightFont style="RematchListFont"/>
				<Scripts>
					<OnEnter>
						Rematch.OptionOnEnter(self)
					</OnEnter>
					<OnLeave>
						RematchTooltip:Hide()
					</OnLeave>
					<OnClick>
						Rematch.OptionOnClick(self)
					</OnClick>
				</Scripts>
			</Button>
		</Frames>
		<Layers>
			<Layer level="BACKGROUND">
				<Texture parentKey="back" file="Interface\BlackMarket\_WoodFrame-TileHorizontal">
					<Anchors>
						<Anchor point="TOPLEFT" x="0" y="-2"/>
						<Anchor point="BOTTOMRIGHT"/>
					</Anchors>
					<TexCoords left="0" right="1" top="0" bottom=".375"/>
				</Texture>
			</Layer>
			<Layer level="ARTWORK">
				<FontString parentKey="name" inherits="RematchListFont">
					<Anchors>
						<Anchor point="LEFT" relativeKey="$parent.check" relativePoint="RIGHT" x="2" y="0"/>
					</Anchors>
				</FontString>
			</Layer>
		</Layers>
	</Button>

	<Frame name="RematchOptions" parentKey="options" parent="RematchDrawer" useParentLevel="true" inherits="RematchDragTemplate">
		<Anchors>
			<Anchor point="TOPLEFT" x="20" y="-20"/> <!-- y="-6" -->
			<Anchor point="BOTTOMRIGHT" x="-20" y="6"/>
		</Anchors>
		<Layers>
			<Layer level="ARTWORK">
				<FontString parentKey="title" inherits="GameFontNormalSmall">
					<Anchors>
						<Anchor point="TOP" relativeTo="RematchDrawer" x="0" y="-6"/>
					</Anchors>
					<Color r=".75" g=".75" b=".75"/>	
				</FontString>
			</Layer>
		</Layers>
		<Frames>

			<Button parentKey="clear" inherits="RematchClearButtonTemplate">
				<Anchors>
					<Anchor point="TOPRIGHT" relativeTo="RematchDrawer" x="0" y="-1"/>
				</Anchors>
				<Scripts>
					<OnClick>
						Rematch:ToggleOptions()
					</OnClick>
				</Scripts>
			</Button>

			<!-- the actual list of teams -->
			<Frame parentKey="list" inherits="RematchListTemplate">
				<Anchors>
					<Anchor point="TOPLEFT"/>
					<Anchor point="BOTTOMRIGHT"/>
				</Anchors>
			</Frame>
		</Frames>

	</Frame>

</Ui>