<Ui>

	<Button name="RematchTeamListButtonTemplate" virtual="true">
		<Size x="215" y="28"/>
		<Layers>
			<Layer level="BACKGROUND">
				<Texture file="Interface\PetBattles\PetJournal" setAllPoints="true">
					<TexCoords left="0.49804688" right="0.90625000" top="0.12792969" bottom="0.17285156"/>
				</Texture>
			</Layer>
			<Layer level="BORDER">
				<Texture parentKey="back" file="Interface\ChatFrame\ChatFrameBackground">
					<Anchors>
						<Anchor point="TOPLEFT" x="76" y="-3"/>
						<Anchor point="BOTTOMRIGHT" x="-3" y="3"/>
					</Anchors>
					<Gradient orientation="VERTICAL">
						<MinColor r="0.35" g="0.35" b="0.35" a="1"/>
						<MaxColor r="0.35" g="0.35" b="0.35" a="0"/>
					</Gradient>
				</Texture>
			</Layer>
			<Layer level="ARTWORK">
				<Texture file="Interface\Common\ShadowOverlay-Corner">
					<Anchors>
						<Anchor point="TOPLEFT" x="76" y="-3"/>
						<Anchor point="BOTTOMRIGHT" x="-3" y="3"/>
					</Anchors>
					<TexCoords left="0" right="1" top="1" bottom="0"/>
				</Texture>
				<Texture parentArray="pets" file="Interface\Icons\INV_Misc_QuestionMark">
					<Size x="22" y="22"/>
					<Anchors>
						<Anchor point="LEFT" x="2" y="0"/>
					</Anchors>
					<TexCoords left="0.075" right="0.925" top="0.075" bottom="0.925"/>
				</Texture>
				<Texture parentArray="pets" file="Interface\Icons\INV_Misc_QuestionMark">
					<Size x="22" y="22"/>
					<Anchors>
						<Anchor point="LEFT" x="26" y="0"/>
					</Anchors>
					<TexCoords left="0.075" right="0.925" top="0.075" bottom="0.925"/>
				</Texture>
				<Texture parentArray="pets" file="Interface\Icons\INV_Misc_QuestionMark">
					<Size x="22" y="22"/>
					<Anchors>
						<Anchor point="LEFT" x="50" y="0"/>
					</Anchors>
					<TexCoords left="0.075" right="0.925" top="0.075" bottom="0.925"/>
				</Texture>
				<FontString parentKey="name" inherits="RematchListFont" justifyH="LEFT" justifyV="CENTER">
					<Anchors>
						<Anchor point="TOPLEFT" x="78" y="-2"/>
						<Anchor point="BOTTOMRIGHT" x="-10" y="1"/>
					</Anchors>
				</FontString>
			</Layer>
		</Layers>
		<HighlightTexture file="Interface\PetBattles\PetJournal" setAllPoints="true" alphaMode="BLEND">
			<Anchors>
				<Anchor point="TOPLEFT" x="74" y="-1"/>
				<Anchor point="BOTTOMRIGHT" x="-1" y="0"/>
			</Anchors>
			<TexCoords left="0.49804688" right="0.90625000" top="0.17480469" bottom="0.21972656"/>
		</HighlightTexture>
		<Scripts>
			<OnLoad>
				self:RegisterForClicks("AnyUp")
			</OnLoad>
			<OnEnter>
				Rematch.TeamListOnEnter(self)
			</OnEnter>
			<OnLeave>
				Rematch.TeamListOnLeave(self)
			</OnLeave>
			<OnClick>
				Rematch.TeamListOnClick(self,button)
			</OnClick>
			<OnDoubleClick>
				Rematch.TeamListOnDoubleClick(self)
			</OnDoubleClick>
		</Scripts>
	</Button>

	<Button name="RematchTabIconPickerIconTemplate" virtual="true">
		<Size x="32" y="32"/>
		<Layers>
			<Layer level="BACKGROUND">
				<Texture parentKey="icon" setAllPoints="true"/>
			</Layer>
			<Layer level="ARTWORK">
				<Texture parentKey="selected" file="Interface\Buttons\CheckButtonHilight" alphaMode="ADD" setAllPoints="true" hidden="true"/>
			</Layer>
		</Layers>
		<HighlightTexture file="Interface\Buttons\ButtonHilight-Square" alphaMode="ADD" setAllPoints="true"/>
		<Scripts>
			<OnClick>
				Rematch.TeamTabIconPickerOnClick(self)
			</OnClick>
		</Scripts>
	</Button>

	<!-- the row of 6 icons in the tab dialog -->
	<Button name="RematchTabIconPickerTemplate" virtual="true">
		<Size x="196" y="32"/>
		<Frames>
			<Button parentArray="icons" inherits="RematchTabIconPickerIconTemplate">
				<Anchors>
					<Anchor point="LEFT" x="2" y="0"/>
				</Anchors>
			</Button>
			<Button parentArray="icons" inherits="RematchTabIconPickerIconTemplate">
				<Anchors>
					<Anchor point="LEFT" x="34" y="0"/>
				</Anchors>
			</Button>
			<Button parentArray="icons" inherits="RematchTabIconPickerIconTemplate">
				<Anchors>
					<Anchor point="LEFT" x="66" y="0"/>
				</Anchors>
			</Button>
			<Button parentArray="icons" inherits="RematchTabIconPickerIconTemplate">
				<Anchors>
					<Anchor point="LEFT" x="98" y="0"/>
				</Anchors>
			</Button>
			<Button parentArray="icons" inherits="RematchTabIconPickerIconTemplate">
				<Anchors>
					<Anchor point="LEFT" x="130" y="0"/>
				</Anchors>
			</Button>
			<Button parentArray="icons" inherits="RematchTabIconPickerIconTemplate">
				<Anchors>
					<Anchor point="LEFT" x="162" y="0"/>
				</Anchors>
			</Button>
		</Frames>
	</Button>

	<!-- the tabs along the right of the team list -->
	<CheckButton name="RematchTeamTabButtonTemplate" virtual="true">
		<Size x="32" y="32"/>
		<Layers>
			<Layer level="BACKGROUND">
				<Texture file="Interface\SpellBook\SpellBook-SkillLineTab">
					<Size x="64" y="64"/>
					<Anchors>
						<Anchor point="TOPLEFT" x="-3" y="11"/>
					</Anchors>
					<Color r="0.75" g="0.75" b="0.75"/>
				</Texture>
			</Layer>
			<Layer level="ARTWORK" textureSubLevel="2">
				<Texture parentKey="icon" file="Interface\Icons\PetJournalPortrait" setAllPoints="true">
					<Size x="32" y="32"/>
					<Anchors>
						<Anchor point="CENTER"/>
					</Anchors>
					<TexCoords left="0.075" right="0.925" top="0.075" bottom="0.925"/>
				</Texture>
			</Layer>
		</Layers>
		<NormalTexture/>
		<HighlightTexture file="Interface\Buttons\ButtonHilight-Square" alphaMode="ADD">
			<Anchors>
				<Anchor point="TOPLEFT" x="-2" y="2"/>
				<Anchor point="BOTTOMRIGHT" x="2" y="-2"/>
			</Anchors>
		</HighlightTexture>
		<CheckedTexture file="Interface\Buttons\CheckButtonHilight" alphaMode="ADD">
			<Anchors>
				<Anchor point="TOPLEFT" x="-2" y="2"/>
				<Anchor point="BOTTOMRIGHT" x="2" y="-2"/>
			</Anchors>
		</CheckedTexture>
		<Scripts>
			<OnMouseDown>
				Rematch.TeamTabButtonOnMouseDown(self,button)
			</OnMouseDown>
			<OnMouseUp>
				self.icon:SetSize(32,32)
			</OnMouseUp>
			<OnClick>
				Rematch.TeamTabButtonOnClick(self,button)
			</OnClick>
			<OnEnter>
				Rematch.TeamTabButtonOnEnter(self)
			</OnEnter>
			<OnLeave>
				RematchTooltip:Hide()
			</OnLeave>
		</Scripts>
	</CheckButton>

	<Frame name="RematchTeams" parentKey="teams" parent="RematchDrawer" useParentLevel="true" inherits="RematchDragTemplate">
		<Anchors>
			<Anchor point="TOPLEFT" x="5" y="-28"/> <!-- y="-6" -->
			<Anchor point="BOTTOMRIGHT" x="-43" y="6"/>
		</Anchors>
		<Frames>

			<EditBox parentKey="searchBox" name="$parentSearchBox" inherits="RematchSearchBoxTemplate">
				<Size x="232" y="20"/>
				<Anchors>
					<Anchor point="BOTTOMLEFT" relativePoint="TOPLEFT" x="6" y="4"/>
				</Anchors>
				<Scripts>
					<OnTextChanged>
						Rematch.TeamSearchBoxOnTextChanged(self)
					</OnTextChanged>
				</Scripts>
			</EditBox>

			<Button parentKey="import" inherits="RematchToolbarButtonTemplate">
				<Anchors>
					<Anchor point="TOPRIGHT" relativeTo="RematchDrawer" x="-6" y="0"/>
				</Anchors>
				<Scripts>
					<OnClick>
						Rematch:ShowImportDialog()
					</OnClick>
				</Scripts>
			</Button>

			<!-- the actual list of teams -->
			<Frame parentKey="list" inherits="RematchListTemplate">
				<Anchors>
					<Anchor point="TOPLEFT"/>
					<Anchor point="BOTTOMRIGHT"/>
				</Anchors>
			</Frame>

			<!-- this is not used for scrolling; it's to use a scrollChild so tabs clip at the bottom -->
			<ScrollFrame parentKey="tabScrollFrame">
				<Anchors>
					<Anchor point="TOPLEFT" relativePoint="TOPRIGHT" x="0" y="0"/>
					<Anchor point="BOTTOMRIGHT" x="64" y="0"/>
				</Anchors>
				<ScrollChild>
					<Frame parentKey="tabChildFrame">
						<Size x="48" y="100"/>
						<Frames>
							<CheckButton parentArray="tabs" inherits="RematchTeamTabButtonTemplate" id="1">
								<Anchors>
									<Anchor point="TOPLEFT" x="2" y="-10"/>
								</Anchors>
							</CheckButton>
							<CheckButton parentArray="tabs" inherits="RematchTeamTabButtonTemplate" id="2">
								<Anchors>
									<Anchor point="TOPLEFT" x="2" y="-58"/>
								</Anchors>
							</CheckButton>
							<CheckButton parentArray="tabs" inherits="RematchTeamTabButtonTemplate" id="3">
								<Anchors>
									<Anchor point="TOPLEFT" x="2" y="-106"/>
								</Anchors>
							</CheckButton>
							<CheckButton parentArray="tabs" inherits="RematchTeamTabButtonTemplate" id="4">
								<Anchors>
									<Anchor point="TOPLEFT" x="2" y="-154"/>
								</Anchors>
							</CheckButton>
							<CheckButton parentArray="tabs" inherits="RematchTeamTabButtonTemplate" id="5">
								<Anchors>
									<Anchor point="TOPLEFT" x="2" y="-202"/>
								</Anchors>
							</CheckButton>
							<CheckButton parentArray="tabs" inherits="RematchTeamTabButtonTemplate" id="6">
								<Anchors>
									<Anchor point="TOPLEFT" x="2" y="-250"/>
								</Anchors>
							</CheckButton>
							<CheckButton parentArray="tabs" inherits="RematchTeamTabButtonTemplate" id="7">
								<Anchors>
									<Anchor point="TOPLEFT" x="2" y="-298"/>
								</Anchors>
							</CheckButton>
							<CheckButton parentArray="tabs" inherits="RematchTeamTabButtonTemplate" id="8">
								<Anchors>
									<Anchor point="TOPLEFT" x="2" y="-346"/>
								</Anchors>
							</CheckButton>
						</Frames>
					</Frame>
				</ScrollChild>
			</ScrollFrame>
		</Frames>
	</Frame>

	<Button name="RematchTeamCardPetTemplate" inherits="RematchPetSlotTemplate" virtual="true">
		<Size x="44" y="44"/>
		<Frames>
			<Button parentArray="abilities" inherits="RematchAbilitySlotTemplate" id="1">
				<Size x="30" y="30"/>
				<Anchors>
					<Anchor point="LEFT" relativePoint="RIGHT" x="2" y="0"/>
				</Anchors>
			</Button>
			<Button parentArray="abilities" inherits="RematchAbilitySlotTemplate" id="2">
				<Size x="30" y="30"/>
				<Anchors>
					<Anchor point="LEFT" relativePoint="RIGHT" x="34" y="0"/>
				</Anchors>
			</Button>
			<Button parentArray="abilities" inherits="RematchAbilitySlotTemplate" id="3">
				<Size x="30" y="30"/>
				<Anchors>
					<Anchor point="LEFT" relativePoint="RIGHT" x="68" y="0"/>
				</Anchors>
			</Button>
		</Frames>
	</Button>

	<Frame name="RematchTeamCard" frameStrata="HIGH" parent="Rematch" clampedToScreen="true" hidden="true">
		<Size x="180" y="212"/>
		<Anchors>
			<Anchor point="CENTER" relativeTo="UIParent"/>
		</Anchors>
		<Backdrop edgeFile="Interface\Tooltips\UI-Tooltip-Border" tile="true">
			<EdgeSize>
				<AbsValue val="16"/>
			</EdgeSize>
			<BorderColor r="1" g=".82" b="0"/>
		</Backdrop>
		<Layers>
			<Layer level="BACKGROUND">
				<!-- the brown background to title area -->
				<Texture file="Interface\PetBattles\PetJournal">
					<Anchors>
						<Anchor point="TOPLEFT" x="3" y="-3"/>
						<Anchor point="BOTTOMRIGHT" relativePoint="TOPRIGHT" x="-3" y="-40"/>
					</Anchors>
					<TexCoords left="0.189453125" right="0.658203125" top="0.486328125" bottom="0.5658203125"/>
				</Texture>
				<!-- wood background to main area -->
				<Texture file="Interface\Store\Store-Main">
					<Anchors>
						<Anchor point="TOPLEFT" x="3" y="-40"/>
						<Anchor point="BOTTOMRIGHT" x="-3" y="3"/>
					</Anchors>
					<TexCoords left="0" right="0.1826171875" top="0.6455078125" bottom="0.462890625"/>
				</Texture>
			</Layer>
			<Layer level="BORDER">
				<!-- line below title area -->
				<Texture file="Interface\PetBattles\_PetJournalHorizTile" tile="horiz">
					<Size x="0" y="6"/>
					<Anchors>
						<Anchor point="TOPLEFT" x="3" y="-37"/>
						<Anchor point="TOPRIGHT" x="-3" y="-37"/>
					</Anchors>
					<TexCoords left="0" right="1" top="0.0078125" bottom="0.078125"/>
				</Texture>
			</Layer>
			<Layer level="ARTWORK">
				<!-- tab icon in topleft (will be SetPortraitToTexture'ed) -->
				<Texture parentKey="icon">
					<Size x="32" y="32"/>
					<Anchors>
						<Anchor point="TOPLEFT" x="6" y="-5"/>
					</Anchors>
				</Texture>
				<!-- name of team in title area -->
				<FontString parentKey="name" inherits="SystemFont_Shadow_Med1_Outline" justifyH="CENTER" justifyV="CENTER">
					<Color r="1" g=".82" b=".5"/>
					<Size x="132" y="34"/>
					<Anchors>
						<Anchor point="TOPLEFT" x="40" y="-4"/>
					</Anchors>
				</FontString>
			</Layer>
			<Layer level="OVERLAY">
				<!-- circle overlay over tab icon -->
				<Texture file="Interface\PetBattles\PetBattleHUD">
					<Size x="32" y="32"/>
					<Anchors>
						<Anchor point="TOPLEFT" x="6" y="-5"/>
					</Anchors>
					<TexCoords left="0.884765625" right="0.943359375" top="0.681640625" bottom="0.798828125"/>
				</Texture>
			</Layer>
		</Layers>
		<Frames>
			<Button parentArray="pets" inherits="RematchTeamCardPetTemplate">
				<Anchors>
					<Anchor point="TOPLEFT" x="20" y="-52"/>
				</Anchors>
			</Button>
			<Button parentArray="pets" inherits="RematchTeamCardPetTemplate">
				<Anchors>
					<Anchor point="TOPLEFT" x="20" y="-102"/>
				</Anchors>
			</Button>
			<Button parentArray="pets" inherits="RematchTeamCardPetTemplate">
				<Anchors>
					<Anchor point="TOPLEFT" x="20" y="-152"/>
				</Anchors>
			</Button>

			<!-- this is the wooden frame that borders the card to indicate it's locked -->
			<Frame parentKey="lockFrame" hidden="true">
				<Anchors>
					<Anchor point="TOPLEFT" x="-15" y="15"/>
					<Anchor point="BOTTOMRIGHT" x="15" y="-15"/>
				</Anchors>
				<Backdrop edgeFile="Interface\AchievementFrame\UI-Achievement-WoodBorder" tile="true">
					<EdgeSize>
						<AbsValue val="52"/>
					</EdgeSize>
					<TileSize>
						<AbsValue val="26"/>
					</TileSize>
					<BackgroundInsets>
						<AbsInset left="0" right="0" top="0" bottom="0"/>
					</BackgroundInsets>
					<BorderColor r="1" g=".82" b="0"/>
				</Backdrop>
				<Frames>
					<!-- these cancel buttons conveniently look like screws, to unlock the card -->
					<Button inherits="RematchCardUnlockTemplate">
						<Anchors>
							<Anchor point="TOPLEFT" x="4" y="-4"/>
						</Anchors>
					</Button>
					<Button inherits="RematchCardUnlockTemplate">
						<Anchors>
							<Anchor point="TOPRIGHT" x="-4" y="-4"/>
						</Anchors>
					</Button>
					<Button inherits="RematchCardUnlockTemplate">
						<Anchors>
							<Anchor point="BOTTOMLEFT" x="4" y="4"/>
						</Anchors>
					</Button>
					<Button inherits="RematchCardUnlockTemplate">
						<Anchors>
							<Anchor point="BOTTOMRIGHT" x="-4" y="4"/>
						</Anchors>
					</Button>
				</Frames>
			</Frame>

		</Frames>
		<Scripts>
			<OnHide>
				Rematch.TeamCardOnHide(self)
			</OnHide>
		</Scripts>
	</Frame>

</Ui>