<!-- templates used by other modules -->

<Ui>

	<!-- adds drag-ability of main frame to any sub-frame. -->
	<Frame name="RematchDragTemplate" enableMouse="true" virtual="true">
		<Scripts>
			<OnMouseDown>
				Rematch.FrameStartMoving(Rematch)
			</OnMouseDown>
			<OnMouseUp>
				Rematch.FrameStopMoving(Rematch)
			</OnMouseUp>
		</Scripts>
	</Frame>

	<!-- frame with a gold border -->
	<Frame name="RematchBaseFrameTemplate" virtual="true">
		<Backdrop edgeFile="Interface\Tooltips\UI-Tooltip-Border" tile="true">
			<EdgeSize val="16"/>
			<BorderColor r="1" g=".82" b="0"/>
		</Backdrop>
	</Frame>

	<!-- gold title header template that stretches to fit its .text fontstring -->
	<Frame name="RematchHeaderTemplate" virtual="true">
		<Size x="140" y="28"/>
		<Layers>
			<Layer level="OVERLAY">
				<FontString parentKey="text" inherits="GameFontNormal" justifyH="CENTER" text=" ">
					<Size x="0" y="28"/>
					<Anchors>
						<Anchor point="CENTER"/>
					</Anchors>
				</FontString>
				<Texture file="Interface\PetBattles\_PetJournalHorizTile" horizTile="true">
					<Size y="17"/>
					<Anchors>
						<Anchor point="LEFT" relativePoint="LEFT" relativeKey="$parent.text" x="-10" y="0"/>
						<Anchor point="RIGHT" relativePoint="RIGHT" relativeKey="$parent.text" x="10" y="0"/>
					</Anchors>
					<TexCoords left="0.00000000" right="1.00000000" top="0.23437500" bottom="0.42187500"/>	
				</Texture>
			</Layer>
			<Layer level="OVERLAY" textureSubLevel="1">
				<Texture parentKey="headerF" file="Interface\PetBattles\_PetJournalHorizTile" horizTile="true">
					<Anchors>
						<Anchor point="TOPLEFT" relativePoint="TOPLEFT" relativeKey="$parent.text"/>
						<Anchor point="BOTTOMRIGHT" relativePoint="BOTTOMRIGHT" relativeKey="$parent.text"/>
					</Anchors>
					<TexCoords left="0.00000000" right="1.00000000" top="0.43750000" bottom="0.75000000"/>	
				</Texture>
				<Texture parentKey="leftCap" file="Interface\PetBattles\PetJournal">
					<Anchors>
						<Anchor point="RIGHT" relativePoint="LEFT" relativeKey="$parent.headerF" x="0" y="0"/>
					</Anchors>
					<Size x="28" y="28"/>	
					<TexCoords left="0.23437500" right="0.31250000" top="0.06347656" bottom="0.10253906"/>	
				</Texture>
				<Texture parentKey="rightCap" file="Interface\PetBattles\PetJournal">
					<Anchors>
						<Anchor point="LEFT" relativePoint="RIGHT" relativeKey="$parent.headerF" x="0" y="0"/>
					</Anchors>
					<Size x="28" y="28"/>	
					<TexCoords left="0.23437500" right="0.31250000" top="0.02246094" bottom="0.06152344"/>	
				</Texture>
			</Layer>
		</Layers>
	</Frame>		

	<!-- base slot is the empty slot background and highlight texture -->
	<Button name="RematchBaseSlotTemplate" virtual="true">
		<Layers>
			<Layer level="BACKGROUND">
				<!-- background/border of pet or ability -->
				<Texture file="Interface\Buttons\UI-EmptySlot" setAllPoints="true">
					<TexCoords left="0.15625" right="0.84375" top="0.15625" bottom="0.84375"/>
				</Texture>
			</Layer>
			<Layer level="BORDER">
				<Texture parentKey="icon" file="Interface\Icons\INV_Misc_QuestionMark">
					<TexCoords left=".075" right=".925" top=".075" bottom=".925"/>
				</Texture>
			</Layer>
		</Layers>
		<HighlightTexture file="Interface\Buttons\UI-ActionButton-Border" alphaMode="ADD">
			<TexCoords left="0.203125" right="0.796875" top="0.21875" bottom="0.8125"/>
			<Color r=".5" g=".75" b="1" a=".5"/>
		</HighlightTexture>
		<Scripts>
			<OnSizeChanged>
				Rematch.ResizeSlotIcon(self)
			</OnSizeChanged>
		</Scripts>
	</Button>

	<Button name="RematchPetSlotTemplate" inherits="RematchBaseSlotTemplate" virtual="true">
		<Layers>
			<Layer level="OVERLAY">
				<!-- red X for dead pets -->
				<Texture parentKey="dead" file="Interface\PetBattles\DeadPetIcon" hidden="true">
					<Size x="38" y="38"/>
					<Anchors>
						<Anchor point="CENTER"/>
					</Anchors>
				</Texture>
				<!-- gold border shown if pet is the leveling pet -->
				<Texture parentKey="leveling" file="Interface\PetBattles\PetBattle-GoldSpeedFrame" hidden="true">
					<Anchors>
						<Anchor point="TOPLEFT" x="-1" y="1"/>
						<Anchor point="BOTTOMRIGHT" x="1" y="-1"/>
					</Anchors>
					<TexCoords left="0.1171875" right="0.7421875" top="0.1171875" bottom="0.734375"/>
				</Texture>
			</Layer>
		</Layers>
		<Scripts>
			<OnEnter>
				Rematch.PetOnEnter(self)
			</OnEnter>
			<OnLeave>
				Rematch.PetOnLeave(self)
			</OnLeave>
			<OnClick>
				Rematch.PetOnClick(self,button)
			</OnClick>
			<OnDoubleClick>
				Rematch.PetOnDoubleClick(self)
			</OnDoubleClick>
		</Scripts>
	</Button>

	<Button name="RematchActivePetSlotTemplate" inherits="RematchPetSlotTemplate" virtual="true">
		<Frames>
			<!-- shine is the cooldown-ending-like "bling" that will show when a pet is loaded -->
			<Cooldown parentKey="shine" setAllPoints="true" hidden="true" inherits="CooldownFrameTemplate"/>
			<!-- glow is the pulsing border to indicate a slot should receive the pet on the cursor -->
			<Frame parentKey="glow" setAllPoints="true" hidden="true">
				<Animations>
					<AnimationGroup parentKey="animation" looping="REPEAT">
						<Alpha change="-1.0" duration="0.9" order="1"/>
						<Alpha change="1.0" duration="0.9" order="2"/>
					</AnimationGroup>
				</Animations>
				<Layers>
					<Layer level="BACKGROUND">
						<Texture file="Interface/BUTTONS/CheckButtonHilight" alphaMode="ADD">
							<Anchors>
								<Anchor point="TOPLEFT" x="-2" y="2"/>
								<Anchor point="BOTTOMRIGHT" x="2" y="-2"/>
							</Anchors>
						</Texture>
					</Layer>
				</Layers>
				<Scripts>
					<OnShow>
						self.animation:Play()
						self:SetFrameLevel(self:GetParent():GetFrameLevel()+4)
					</OnShow>
				</Scripts>
			</Frame>
		</Frames>
		<Scripts>
			<OnLoad>
				self:RegisterForDrag("LeftButton")
				self:RegisterForClicks("AnyUp")
			</OnLoad>
			<OnDragStart>
				Rematch.PetOnDragStart(self,button)
			</OnDragStart>
		</Scripts>
	</Button>

 	<Button name="RematchToolbarButtonTemplate" motionScriptsWhileDisabled="true" virtual="true">
		<Size x="32" y="32"/>
		<Layers>
			<Layer level="BACKGROUND" textureSubLevel="-1">
				<Texture file="Interface\AddOns\Rematch\textures\button-backdrop" setAllPoints="true"/>
			</Layer>
			<Layer level="BACKGROUND">
				<Texture parentKey="icon" file="Interface\Icons\INV_Misc_QuestionMark">
					<Size x="20" y="20"/>
					<Anchors>
						<Anchor point="CENTER" x="-1" y="0"/>
					</Anchors>
					<TexCoords left="0.075" right="0.925" top="0.075" bottom="0.925"/>
				</Texture>
			</Layer>
			<Layer level="BORDER">
				<Texture file="Interface\AddOns\Rematch\textures\button-border" setAllPoints="true"/>
			</Layer>
			<Layer level="ARTWORK">
				<Texture parentKey="leveling" file="Interface\PetBattles\PetBattle-GoldSpeedFrame" hidden="true">
					<Anchors>
						<Anchor point="TOPLEFT" x="2" y="-2"/>
						<Anchor point="BOTTOMRIGHT" x="-2" y="2"/>
					</Anchors>
					<TexCoords left="0.1171875" right="0.7421875" top="0.1171875" bottom="0.734375"/>
				</Texture>
			</Layer>
		</Layers>
		<HighlightTexture file="Interface\AddOns\Rematch\textures\button-border" alphaMode="ADD"/>
		<Scripts>
			<PreClick>
				Rematch.HideDialogs()
			</PreClick>
			<OnMouseDown>
				Rematch.PushToolbarButton(self)
			</OnMouseDown>
			<OnMouseUp>
				Rematch.ReleaseToolbarButton(self)
			</OnMouseUp>
			<OnShow>
				Rematch.ReleaseToolbarButton(self)
			</OnShow>
			<OnEnter>
				Rematch.ToolbarButtonOnEnter(self)
			</OnEnter>
			<OnLeave>
				RematchTooltip:Hide()
			</OnLeave>
		</Scripts>
	</Button>

	<!-- tabs used for browser and options -->
	<Button name="RematchTabTemplate" virtual="true">
		<Size x="64" y="16"/>
		<Layers>
			<Layer level="BACKGROUND">
				<Texture file="Interface\ChatFrame\ChatFrameTab-BGLeft" parentKey="leftBack">
					<Size x="16" y="16"/>
					<Anchors>
						<Anchor point="TOPLEFT"/>
					</Anchors>
					<TexCoords left="0" right="1" top="0.40625" bottom="0.90625"/>
				</Texture>
				<Texture file="Interface\ChatFrame\ChatFrameTab-BGRight" parentKey="rightBack">
					<Size x="16" y="16"/>
					<Anchors>
						<Anchor point="TOPRIGHT"/>
					</Anchors>
					<TexCoords left="0" right="1" top="0.40625" bottom="0.90625"/>
				</Texture>
				<Texture file="Interface\ChatFrame\ChatFrameTab-BGMid" horizTile="true" parentKey="middleBack">
					<Size x="3" y="16"/>
					<Anchors>
						<Anchor point="LEFT" relativeKey="$parent.leftBack" relativePoint="RIGHT"/>
						<Anchor point="RIGHT" relativeKey="$parent.rightBack" relativePoint="LEFT"/>
					</Anchors>
					<TexCoords left="0" right="1" top="0.40625" bottom="0.90625"/>
				</Texture>
			</Layer>
			<Layer level="HIGHLIGHT">
				<Texture file="Interface\ChatFrame\ChatFrameTab-HighlightLeft" alphaMode="ADD" parentKey="leftHighlight">
					<Size x="16" y="16"/>
					<Anchors>
						<Anchor point="TOPLEFT"/>
					</Anchors>
					<TexCoords left="0" right="1" top="0.40625" bottom="0.90625"/>
					<Color r="0.1" g=".25" b=".5"/>
				</Texture>
				<Texture file="Interface\ChatFrame\ChatFrameTab-HighlightRight" alphaMode="ADD" parentKey="rightHighlight">
					<Size x="16" y="16"/>
					<Anchors>
						<Anchor point="TOPRIGHT"/>
					</Anchors>
					<TexCoords left="0" right="1" top="0.40625" bottom="0.90625"/>
					<Color r="0.1" g=".25" b=".5"/>
				</Texture>
				<Texture file="Interface\ChatFrame\ChatFrameTab-HighlightMid" horizTile="true" alphaMode="ADD" parentKey="middleHighlight">
					<Size x="3" y="16"/>
					<Anchors>
						<Anchor point="LEFT" relativeKey="$parent.leftHighlight" relativePoint="RIGHT"/>
						<Anchor point="RIGHT" relativeKey="$parent.rightHighlight" relativePoint="LEFT"/>
					</Anchors>
					<TexCoords left="0" right="1" top="0.40625" bottom="0.90625"/>
					<Color r="0.1" g=".25" b=".5"/>
				</Texture>
			</Layer>
		</Layers>
		<Frames>
			<Frame parentKey="selected" useParentLevel="true" setAllPoints="true" hidden="true">
				<Layers>
					<Layer level="OVERLAY">
						<Texture file="Interface\ChatFrame\ChatFrameTab-SelectedLeft" alphaMode="ADD" parentKey="left">
							<Size x="16" y="16"/>
							<Anchors>
								<Anchor point="TOPLEFT"/>
							</Anchors>
							<TexCoords left="0" right="1" top="0.40625" bottom="0.90625"/>
							<Color r=".3" g=".246" b="0"/>
						</Texture>
						<Texture file="Interface\ChatFrame\ChatFrameTab-SelectedRight" alphaMode="ADD" parentKey="right">
							<Size x="16" y="16"/>
							<Anchors>
								<Anchor point="TOPRIGHT"/>
							</Anchors>
							<TexCoords left="0" right="1" top="0.40625" bottom="0.90625"/>
							<Color r=".3" g=".246" b="0"/>
						</Texture>
						<Texture file="Interface\ChatFrame\ChatFrameTab-SelectedMid" horizTile="true" alphaMode="ADD" parentKey="middle">
							<Size x="3" y="16"/>
							<Anchors>
								<Anchor point="LEFT" relativeKey="$parent.left" relativePoint="RIGHT"/>
								<Anchor point="RIGHT" relativeKey="$parent.right" relativePoint="LEFT"/>
							</Anchors>
							<TexCoords left="0" right="1" top="0.40625" bottom="0.90625"/>
							<Color r=".3" g=".246" b="0"/>
						</Texture>
					</Layer>
					<Layer level="ARTWORK">
						<!-- nearly-black line along bottom of selected frame to block out portion of top of inset -->
						<Texture file="Interface\ChatFrame\ChatFrameBackground">
							<Anchors>
								<Anchor point="TOPLEFT" relativePoint="BOTTOMLEFT" x="6" y="1"/>
								<Anchor point="BOTTOMRIGHT" relativePoint="BOTTOMRIGHT" x="-6" y="-3"/>
							</Anchors>
							<Color r="0.05" g="0.05" b="0.05"/>
						</Texture>
					</Layer>
				</Layers>
			</Frame>
		</Frames>
		<NormalFont style="GameFontHighlightSmall"/>
		<HighlightFont style="GameFontHighlightSmall"/>
		<DisabledFont style="GameFontDisableSmall"/>
	</Button>

	<!-- little X in a circle to be used for clearing editboxes -->
	<Button name="RematchClearButtonTemplate" virtual="true" forceAlpha="true">
		<Size x="17" y="17"/>
		<Layers>
			<Layer level="ARTWORK">
				<Texture file="Interface\FriendsFrame\ClearBroadcastIcon" alpha="0.5" parentKey="texture" setAllPoints="true"/>
			</Layer>
		</Layers>
		<Scripts>
			<OnEnter>
				self.texture:SetAlpha(1.0)
			</OnEnter>
			<OnLeave>
				self.texture:SetAlpha(0.5)
			</OnLeave>
			<OnMouseDown>
				self.texture:SetPoint("TOPLEFT",1,-1)
			</OnMouseDown>
			<OnMouseUp>
				self.texture:SetPoint("TOPLEFT",0,0)
			</OnMouseUp>
			<OnShow>
				self.texture:SetAlpha(0.5)
				self.texture:SetPoint("TOPLEFT",0,0)
			</OnShow>
		</Scripts>
	</Button>

	<!-- dark background with inset border like behind browser list/results -->
	<Frame name="RematchInsetTemplate" virtual="true">
		<Layers>
			<Layer level="BACKGROUND" textureSubLevel="1">
				<Texture parentKey="InsetBg" file="Interface\FrameGeneral\UI-Background-Marble" horizTile="true" vertTile="true" setAllPoints="true"/>
			</Layer>
			<Layer level="BORDER" textureSubLevel="-1">
				<Texture parentKey="InsetBorderTopLeft" inherits="UI-Frame-InnerTopLeft">
					<Anchors>
						<Anchor point="TOPLEFT" relativeKey="$parent.InsetBg"/>
					</Anchors>
				</Texture>
				<Texture parentKey="InsetBorderTopRight" inherits="UI-Frame-InnerTopRight">
					<Anchors>
						<Anchor point="TOPRIGHT" relativeKey="$parent.InsetBg"/>
					</Anchors>
				</Texture>
				<Texture parentKey="InsetBorderBottomLeft" inherits="UI-Frame-InnerBotLeftCorner">
					<Anchors>
						<Anchor point="BOTTOMLEFT" relativeKey="$parent.InsetBg" y="-1"/>
					</Anchors>
				</Texture>
				<Texture parentKey="InsetBorderBottomRight" inherits="UI-Frame-InnerBotRight">
					<Anchors>
						<Anchor point="BOTTOMRIGHT" relativeKey="$parent.InsetBg" y="-1"/>
					</Anchors>
				</Texture>
				<Texture parentKey="InsetBorderTop" inherits="_UI-Frame-InnerTopTile">
					<Anchors>
						<Anchor point="TOPLEFT" relativeKey="$parent.InsetBorderTopLeft" relativePoint="TOPRIGHT"/>
						<Anchor point="TOPRIGHT" relativeKey="$parent.InsetBorderTopRight" relativePoint="TOPLEFT"/>
					</Anchors>
				</Texture>
				<Texture parentKey="InsetBorderBottom" inherits="_UI-Frame-InnerBotTile">
					<Anchors>
						<Anchor point="BOTTOMLEFT" relativeKey="$parent.InsetBorderBottomLeft" relativePoint="BOTTOMRIGHT"/>
						<Anchor point="BOTTOMRIGHT" relativeKey="$parent.InsetBorderBottomRight" relativePoint="BOTTOMLEFT"/>
					</Anchors>
				</Texture>
				<Texture parentKey="InsetBorderLeft" inherits="!UI-Frame-InnerLeftTile">
					<Anchors>
						<Anchor point="TOPLEFT" relativeKey="$parent.InsetBorderTopLeft" relativePoint="BOTTOMLEFT" x="0" y="0" />
						<Anchor point="BOTTOMLEFT" relativeKey="$parent.InsetBorderBottomLeft" relativePoint="TOPLEFT"/>
					</Anchors>
				</Texture>
				<Texture parentKey="InsetBorderRight" inherits="!UI-Frame-InnerRightTile">
					<Anchors>
						<Anchor point="TOPRIGHT" relativeKey="$parent.InsetBorderTopRight" relativePoint="BOTTOMRIGHT"/>
						<Anchor point="BOTTOMRIGHT" relativeKey="$parent.InsetBorderBottomRight" relativePoint="TOPRIGHT"/>
					</Anchors>
				</Texture>	
			</Layer>
		</Layers>
	</Frame>

	<!-- Template for an inset frame that contains a HybridScrollFrame -->
	<Frame name="RematchListTemplate" inherits="RematchInsetTemplate" virtual="true">
		<Frames>
			<ScrollFrame name="$parentScrollFrame" inherits="HybridScrollFrameTemplate" parentKey="scrollFrame">
				<Size x="32" y="550"/> <!-- 550 is maximum height of scrollFrame -->
				<Anchors>
					<Anchor point="TOPLEFT" x="4" y="-4"/>
					<Anchor point="BOTTOMRIGHT" x="-6" y="5"/>
				</Anchors>
				<Frames>
					<Slider name="$parentScrollBar" inherits="MinimalHybridScrollBarTemplate" parentKey="scrollBar">
						<Anchors>
							<Anchor point="TOPRIGHT" relativePoint="TOPRIGHT" x="-1" y="-27"/>
							<Anchor point="BOTTOMLEFT" relativePoint="BOTTOMRIGHT" x="-13" y="23"/>
						</Anchors>
					</Slider>
					<!-- little button at top of scrollbar to jump to start -->
					<Button>
						<Size x="18" y="11"/>
						<Anchors>
							<Anchor point="TOPRIGHT" x="1" y="0"/>
						</Anchors>
						<NormalTexture file="Interface\Buttons\UI-ScrollBar-Knob">
							<TexCoords left="0.15625" right="0.78128" top="0.15625" bottom="0.78128"/>
						</NormalTexture>
						<HighlightTexture file="Interface\Buttons\UI-Common-MouseHilight" alphaMode="ADD" alpha="0.5"/>
						<PushedTexture file="Interface\Buttons\UI-ScrollBar-Knob"/>
						<Scripts>
							<OnClick>
								Rematch.ListScrollToTop(self)
							</OnClick>
						</Scripts>
					</Button>
					<!-- little button at bottom of scrollbar to jump to end -->
					<Button>
						<Size x="18" y="11"/>
						<Anchors>
							<Anchor point="BOTTOMRIGHT" x="1" y="-2"/>
						</Anchors>
						<NormalTexture file="Interface\Buttons\UI-ScrollBar-Knob">
							<TexCoords left="0.15625" right="0.78128" top="0.15625" bottom="0.78128"/>
						</NormalTexture>
						<HighlightTexture file="Interface\Buttons\UI-Common-MouseHilight" alphaMode="ADD" alpha="0.5"/>
						<PushedTexture file="Interface\Buttons\UI-ScrollBar-Knob"/>
						<Scripts>
							<OnClick>
								Rematch.ListScrollToBottom(self)
							</OnClick>
						</Scripts>
					</Button>
				</Frames>
			</ScrollFrame>
		</Frames>
		<Scripts>
			<OnLoad>
				Rematch.ListOnLoad(self)
			</OnLoad>
			<OnSizeChanged>
				Rematch.ListOnSizeChanged(self)
			</OnSizeChanged>
		</Scripts>
	</Frame>

	<!-- custom tooltip. Rematch:ShowTooltip(title[,body]) RematchTooltip:Hide() -->
	<Frame name="RematchTooltip" parent="UIParent" frameStrata="TOOLTIP" clampedToScreen="true" hidden="true">
		<Size x="60" y="60"/>
		<Backdrop bgFile="Interface\ChatFrame\ChatFrameBackground" edgeFile="Interface\Tooltips\UI-Tooltip-Border" tile="true">
			<BackgroundInsets>
				<AbsInset left="2" right="2" top="2" bottom="2"/>
			</BackgroundInsets>
			<EdgeSize val="16"/>
			<TileSize val="32"/>
			<Color r="0.15" g="0.15" b="0.15"/>
			<BorderColor r="0.5" g="0.42" b="0"/>
		</Backdrop>
		<Layers>
			<Layer level="BORDER">
				<Texture file="Interface\Common\ShadowOverlay-Corner">
					<Anchors>
						<Anchor point="TOPLEFT" x="3" y="-3"/>
						<Anchor point="BOTTOMRIGHT" x="-3" y="3"/>
					</Anchors>
					<TexCoords left="0" right="1" top="1" bottom="0"/>
				</Texture>
			</Layer>
			<Layer level="ARTWORK">
				<FontString parentKey="title" inherits="GameFontNormal" justifyH="LEFT" justifyV="TOP">
					<Anchors>
						<Anchor point="TOPLEFT" x="8" y="-8"/>
					</Anchors>
				</FontString>
				<FontString parentKey="body" inherits="GameFontHighlight" justifyH="LEFT" justifyV="TOP">
					<Anchors>
						<Anchor point="TOPLEFT" relativeKey="$parent.title" relativePoint="BOTTOMLEFT" x="0" y="-4"/>
					</Anchors>
					<Color r=".85" g=".85" b=".85"/>
				</FontString>
			</Layer>
		</Layers>
	</Frame>

	<Button name="RematchAbilitySlotTemplate" inherits="RematchBaseSlotTemplate" virtual="true">
		<Size x="22" y="22"/>
		<Scripts>
			<OnEnter>
				Rematch.AbilityOnEnter(self)
			</OnEnter>
			<OnLeave>
				Rematch.HideAbilityCard(self)
			</OnLeave>
			<OnClick>
				Rematch.AbilityOnClick(self)
			</OnClick>
		</Scripts>
	</Button>

	<Button name="RematchTeamPetTemplate" inherits="RematchPetSlotTemplate" virtual="true">
		<Size x="44" y="44"/>
		<Frames>
			<Button parentArray="abilities" inherits="RematchAbilitySlotTemplate">
				<Anchors>
					<Anchor point="BOTTOMLEFT" relativePoint="RIGHT" x="1" y="11"/>
				</Anchors>
			</Button>
			<Button parentArray="abilities" inherits="RematchAbilitySlotTemplate">
				<Anchors>
					<Anchor point="LEFT" relativePoint="RIGHT" x="1" y="0"/>
				</Anchors>
			</Button>
			<Button parentArray="abilities" inherits="RematchAbilitySlotTemplate">
				<Anchors>
					<Anchor point="TOPLEFT" relativePoint="RIGHT" x="1" y="-11"/>
				</Anchors>
			</Button>
		</Frames>
	</Button>

	<!-- template for teams used in dialogs: 3 pets and their abilities -->
	<Button name="RematchTeamTemplate" virtual="true">
		<Size x="218" y="60"/>
		<Frames>
			<Button parentArray="pets" inherits="RematchTeamPetTemplate">
				<Anchors>
					<Anchor point="LEFT"/>
				</Anchors>
			</Button>
			<Button parentArray="pets" inherits="RematchTeamPetTemplate">
				<Anchors>
					<Anchor point="LEFT" x="76" y="0"/>
				</Anchors>
			</Button>
			<Button parentArray="pets" inherits="RematchTeamPetTemplate">
				<Anchors>
					<Anchor point="LEFT" x="152" y="0"/>
				</Anchors>
			</Button>
		</Frames>
	</Button>

	<Frame name="RematchEditBoxBackdropTemplate" virtual="true">
		<Layers>
			<Layer level="BORDER">
				<Texture parentKey="left" file="Interface\Common\Common-Input-Border">
					<Size x="8" y="20"/>
					<Anchors>
						<Anchor point="RIGHT" relativePoint="LEFT" x="0" y="1"/>
					</Anchors>
					<TexCoords left="0" right="0.0625" top="0" bottom="0.625"/>
					<Color r=".75" g=".75" b=".75"/>
				</Texture>
				<Texture parentKey="right" file="Interface\Common\Common-Input-Border">
					<Size x="8" y="20"/>
					<Anchors>
						<Anchor point="LEFT" relativePoint="RIGHT" x="0" y="1"/>
					</Anchors>
					<TexCoords left="0.9375" right="1.0" top="0" bottom="0.625"/>
					<Color r=".75" g=".75" b=".75"/>
				</Texture>
				<Texture file="Interface\Common\Common-Input-Border">
					<Size x="10" y="20"/>
					<Anchors>
						<Anchor point="LEFT" relativeKey="$parent.left" relativePoint="RIGHT"/>
						<Anchor point="RIGHT" relativeKey="$parent.right" relativePoint="LEFT"/>
					</Anchors>
					<TexCoords left="0.0625" right="0.9375" top="0" bottom="0.625"/>
					<Color r=".75" g=".75" b=".75"/>
				</Texture>
			</Layer>
		</Layers>
	</Frame>

	<EditBox name="RematchInputBoxTemplate" enableMouse="true" autoFocus="false" inherits="RematchEditBoxBackdropTemplate" virtual="true">
		<Scripts>
			<OnEscapePressed>
				EditBox_ClearFocus(self);
			</OnEscapePressed>
			<OnEditFocusLost>
				EditBox_ClearHighlight(self);
			</OnEditFocusLost>
			<OnEditFocusGained>
				EditBox_HighlightText(self);
			</OnEditFocusGained>
		</Scripts>
		<FontString inherits="GameFontHighlight"/>
	</EditBox>

	<!-- tabs in toolbar for Pets and Teams -->
	<Button name="RematchToolbarTabTemplate" virtual="true">
		<Size x="64" y="32"/>
		<Layers>
			<Layer level="BACKGROUND">
				<Texture parentArray="backdrop" file="Interface\AddOns\Rematch\textures\button-backdrop">
					<Size x="16" y="32"/>
					<Anchors>
						<Anchor point="LEFT"/>
					</Anchors>
					<Color r="1" g="1" b="1" a=".5"/>
					<TexCoords left="0" right="0.5" top="0" bottom="1"/>
				</Texture>
				<Texture parentArray="backdrop" file="Interface\AddOns\Rematch\textures\button-backdrop">
					<Size x="16" y="32"/>
					<Anchors>
						<Anchor point="RIGHT"/>
					</Anchors>
					<Color r="1" g="1" b="1" a=".5"/>
					<TexCoords left="0.5" right="1" top="0" bottom="1"/>
				</Texture>
				<Texture parentArray="backdrop" file="Interface\AddOns\Rematch\textures\button-backdrop">
					<Size x="32" y="32"/>
					<Anchors>
						<Anchor point="CENTER"/>
					</Anchors>
					<Color r="1" g="1" b="1" a=".5"/>
					<TexCoords left="0.25" right="0.65" top="0" bottom="1"/>
				</Texture>
			</Layer>
			<Layer level="BORDER">
				<Texture parentKey="selected" file="Interface\PaperDollInfoFrame\UI-Character-Tab-RealHighlight">
					<Size x="64" y="24"/>
					<Anchors>
						<Anchor point="CENTER" x="0" y="4"/>
					</Anchors>
					<TexCoords left="0" right="1" top="0.15625" bottom="0.65625"/>
				</Texture>
			</Layer>
			<Layer level="ARTWORK">
				<Texture parentArray="border" file="Interface\AddOns\Rematch\textures\button-border">
					<Size x="16" y="32"/>
					<Anchors>
						<Anchor point="LEFT"/>
					</Anchors>
					<TexCoords left="0" right="0.5" top="0" bottom="1"/>
				</Texture>
				<Texture parentArray="border" file="Interface\AddOns\Rematch\textures\button-border">
					<Size x="16" y="32"/>
					<Anchors>
						<Anchor point="RIGHT"/>
					</Anchors>
					<TexCoords left="0.5" right="1" top="0" bottom="1"/>
				</Texture>
				<Texture parentArray="border" file="Interface\AddOns\Rematch\textures\button-border">
					<Size x="32" y="32"/>
					<Anchors>
						<Anchor point="CENTER"/>
					</Anchors>
					<TexCoords left=".25" right=".65" top="0" bottom="1"/>
				</Texture>
			</Layer>
			<Layer level="HIGHLIGHT">
				<Texture parentArray="highlight" file="Interface\AddOns\Rematch\textures\button-border" alphaMode="ADD">
					<Size x="16" y="32"/>
					<Anchors>
						<Anchor point="LEFT"/>
					</Anchors>
					<TexCoords left="0" right="0.5" top="0" bottom="1"/>
				</Texture>
				<Texture parentArray="highlight" file="Interface\AddOns\Rematch\textures\button-border" alphaMode="ADD">
					<Size x="16" y="32"/>
					<Anchors>
						<Anchor point="RIGHT"/>
					</Anchors>
					<TexCoords left="0.5" right="1" top="0" bottom="1"/>
				</Texture>
				<Texture parentArray="highlight" file="Interface\AddOns\Rematch\textures\button-border" alphaMode="ADD">
					<Size x="32" y="32"/>
					<Anchors>
						<Anchor point="CENTER"/>
					</Anchors>
					<TexCoords left=".25" right=".65" top="0" bottom="1"/>
				</Texture>
			</Layer>
		</Layers>
		<NormalFont style="GameFontNormalSmall"/>
		<HighlightFont style="GameFontHighlightSmall"/>
		<Scripts>
			<OnClick>
				Rematch.ToolbarTabOnClick(self)
			</OnClick>
		</Scripts>
	</Button>

	<!-- this font is used in Browser, Teams and Options; used to toggle between
			 SystemFont_Shadow_Small2 or SystemFont_Shadow_Small  -->
	<Font name="RematchListFont" inherits="SystemFont_Shadow_Small" virtual="true"/>


	<EditBox name="RematchSearchBoxTemplate" inherits="SearchBoxTemplate" virtual="true">
		<Scripts>
			<OnLoad>
				SearchBoxTemplate_OnLoad(self)
				Rematch.SearchBoxOnLoad(self)
			</OnLoad>
			<OnTextChanged>
				Rematch.SearchBoxOnTextChanged(self)
			</OnTextChanged>
			<OnEnterPressed>
				self:ClearFocus()
			</OnEnterPressed>
			<OnEditFocusGained>
				Rematch.SearchBoxOnEditFocusGained(self)
			</OnEditFocusGained>
			<OnEditFocusLost>
				Rematch.SearchBoxOnEditFocusLost(self)
			</OnEditFocusLost>
		</Scripts>
	</EditBox>

</Ui>
