<Ui xmlns="http://www.blizzard.com/wow/ui/" xmlns:xsi="http://www.w3.org/2001/XMLSchema-instance" xsi:schemaLocation="http://www.blizzard.com/wow/ui/
..\FrameXML\UI.xsd">
    <Script file="FishingBuddyFrame.lua"/>
	<Frame name="FishingBuddyDropDownMenuTemplate" inherits="UIDropDownMenuTemplate" virtual="true">
		<Layers>
			<Layer level="BACKGROUND">
				<FontString name="$parentLabel" inherits="GameFontNormalSmall">
					<Anchors>
						<Anchor point="RIGHT" relativePoint="LEFT">
							<Offset>
								<AbsDimension x="10" y="0"/>
							</Offset>
						</Anchor>
						<Anchor point="CENTER" relativePoint="CENTER">
							<Offset>
								<AbsDimension x="0" y="4"/>
							</Offset>
						</Anchor>
					</Anchors>
				</FontString>
			</Layer>
		</Layers>
	</Frame>
</Ui>
