<Ui xsi:schemaLocation="http://www.blizzard.com/wow/ui/ ..\FrameXML\UI.xsd">
    <Script file="Libs\LibStub\LibStub.lua"/>
	<Script file="Libs\CallbackHandler\CallbackHandler-1.0.lua" />

	<Include file="Externals\Ace3\AceAddon-3.0\AceAddon-3.0.xml" />
	<Include file="Externals\Ace3\AceConsole-3.0\AceConsole-3.0.xml" />
	<Include file="Externals\Ace3\AceGUI-3.0\AceGUI-3.0.xml" />
	<Include file="Externals\Ace3\AceConfig-3.0\AceConfig-3.0.xml" />
	<Include file="Externals\Ace3\AceDB-3.0\AceDB-3.0.xml" />
	<Include file="Externals\Ace3\AceDBOptions-3.0\AceDBOptions-3.0.xml" />
	<Include file="Externals\Ace3\AceLocale-3.0\AceLocale-3.0.xml" />
	<Include file="Externals\Ace3\AceHook-3.0\AceHook-3.0.xml" />
	<Include file="Externals\Ace3\AceEvent-3.0\AceEvent-3.0.xml" />
	<Include file="Externals\Ace3\AceTimer-3.0\AceTimer-3.0.xml" />
	<Include file="Externals\Ace3\AceBucket-3.0\AceBucket-3.0.xml" />

</Ui>
