<Ui xmlns="http://www.blizzard.com/wow/ui/" xmlns:xsi="http://www.w3.org/2001/XMLSchema-instance" xsi:schemaLocation="http://www.blizzard.com/wow/ui/
..\FrameXML\UI.xsd">

<Script file="localization.en.lua"/>
<Script file="localization.es.lua"/>
<Script file="localization.de.lua"/>
<Script file="localization.fr.lua"/>
<Script file="localization.tw.lua"/>
<Script file="XPortalsBar.lua"/>

<Frame name="XPortalsBar" inherits="XBarTemplate">
	<Anchors>
		<Anchor point="CENTER"/>
	</Anchors>
	<Scripts>
		<OnLoad>
			XPortalsBar_OnLoad();
		</OnLoad>
		<OnEvent>
			XBar_StdEventHandler("XPortalsBar",event,arg1);
		</OnEvent>
	</Scripts>
</Frame>
</Ui>