<Bindings>
	<!-- Bar visibility toggles -->
	<Binding name="BMENUBAR_TOGGLE" header="BBARS">
		if(BMenuBar:IsShown()) then
			BMenuBar:Hide();
		else
			BMenuBar:Show();
		end
	</Binding>
	<Binding name="BBAGBAR_TOGGLE">
		if(BBagBar:IsShown()) then
			BBagBar:Hide();
		else
			BBagBar:Show();
		end
	</Binding>
	<!-- Paging -->
	<Binding name="BongosPage7" header="BGPAGE">
		if ( CURRENT_ACTIONBAR_PAGE ~= 7 ) then
			CURRENT_ACTIONBAR_PAGE = 7;
			ChangeActionBarPage();
		end
	</Binding>
	<Binding name="BongosPage8">
		if ( CURRENT_ACTIONBAR_PAGE ~= 8 ) then
			CURRENT_ACTIONBAR_PAGE = 8;
			ChangeActionBarPage();
		end
	</Binding>
	<Binding name="BongosPage9">
		if ( CURRENT_ACTIONBAR_PAGE ~= 9 ) then
			CURRENT_ACTIONBAR_PAGE = 9;
			ChangeActionBarPage();
		end
	</Binding>
	<Binding name="BongosPage10">
		if ( CURRENT_ACTIONBAR_PAGE ~= 10 ) then
			CURRENT_ACTIONBAR_PAGE = 10;
			ChangeActionBarPage();
		end
	</Binding>
	<!-- Action Buttons -->
	<Binding name="ActionButton13" runOnUp="true" header="BACTIONBAR2">
		if ( keystate == "down" ) then
			ActionButtonDown(13);
		else
			ActionButtonUp(13);
		end
	</Binding>
	<Binding name="ActionButton14" runOnUp="true">
		if ( keystate == "down" ) then
			ActionButtonDown(14);
		else
			ActionButtonUp(14);
		end
	</Binding>
	<Binding name="ActionButton15" runOnUp="true">
		if ( keystate == "down" ) then
			ActionButtonDown(15);
		else
			ActionButtonUp(15);
		end
	</Binding>
	<Binding name="ActionButton16" runOnUp="true">
		if ( keystate == "down" ) then
			ActionButtonDown(16);
		else
			ActionButtonUp(16);
		end
	</Binding>
	<Binding name="ActionButton17" runOnUp="true">
		if ( keystate == "down" ) then
			ActionButtonDown(17);
		else
			ActionButtonUp(17);
		end
	</Binding>
	<Binding name="ActionButton18" runOnUp="true">
		if ( keystate == "down" ) then
			ActionButtonDown(18);
		else
			ActionButtonUp(18);
		end
	</Binding>
	<Binding name="ActionButton19" runOnUp="true">
		if ( keystate == "down" ) then
			ActionButtonDown(19);
		else
			ActionButtonUp(19);
		end
	</Binding>
	<Binding name="ActionButton20" runOnUp="true">
		if ( keystate == "down" ) then
			ActionButtonDown(20);
		else
			ActionButtonUp(20);
		end
	</Binding>
	<Binding name="ActionButton21" runOnUp="true">
		if ( keystate == "down" ) then
			ActionButtonDown(21);
		else
			ActionButtonUp(21);
		end
	</Binding>
	<Binding name="ActionButton22" runOnUp="true">
		if ( keystate == "down" ) then
			ActionButtonDown(22);
		else
			ActionButtonUp(22);
		end
	</Binding>
	<Binding name="ActionButton23" runOnUp="true">
		if ( keystate == "down" ) then
			ActionButtonDown(23);
		else
			ActionButtonUp(23);
		end
	</Binding>
	<Binding name="ActionButton24" runOnUp="true" >
		if ( keystate == "down" ) then
			ActionButtonDown(24);
		else
			ActionButtonUp(24);
		end
	</Binding>
	<Binding name="ActionButton25" runOnUp="true" header="BACTIONBAR3">
		if ( keystate == "down" ) then
			ActionButtonDown(25);
		else
			ActionButtonUp(25);
		end
	</Binding>
	<Binding name="ActionButton26" runOnUp="true">
		if ( keystate == "down" ) then
			ActionButtonDown(26);
		else
			ActionButtonUp(26);
		end
	</Binding>
	<Binding name="ActionButton27" runOnUp="true">
		if ( keystate == "down" ) then
			ActionButtonDown(27);
		else
			ActionButtonUp(27);
		end
	</Binding>
	<Binding name="ActionButton28" runOnUp="true">
		if ( keystate == "down" ) then
			ActionButtonDown(28);
		else
			ActionButtonUp(28);
		end
	</Binding>
	<Binding name="ActionButton29" runOnUp="true">
		if ( keystate == "down" ) then
			ActionButtonDown(29);
		else
			ActionButtonUp(29);
		end
	</Binding>
	<Binding name="ActionButton30" runOnUp="true">
		if ( keystate == "down" ) then
			ActionButtonDown(30);
		else
			ActionButtonUp(30);
		end
	</Binding>
	<Binding name="ActionButton31" runOnUp="true">
		if ( keystate == "down" ) then
			ActionButtonDown(31);
		else
			ActionButtonUp(31);
		end
	</Binding>
	<Binding name="ActionButton32" runOnUp="true">
		if ( keystate == "down" ) then
			ActionButtonDown(32);
		else
			ActionButtonUp(32);
		end
	</Binding>
	<Binding name="ActionButton33" runOnUp="true">
		if ( keystate == "down" ) then
			ActionButtonDown(33);
		else
			ActionButtonUp(33);
		end
	</Binding>
	<Binding name="ActionButton34" runOnUp="true">
		if ( keystate == "down" ) then
			ActionButtonDown(34);
		else
			ActionButtonUp(34);
		end
	</Binding>
	<Binding name="ActionButton35" runOnUp="true">
		if ( keystate == "down" ) then
			ActionButtonDown(35);
		else
			ActionButtonUp(35);
		end
	</Binding>
	<Binding name="ActionButton36" runOnUp="true" >
		if ( keystate == "down" ) then
			ActionButtonDown(36);
		else
			ActionButtonUp(36);
		end
	</Binding>
	<Binding name="ActionButton37" runOnUp="true" header="BACTIONBAR4">
		if ( keystate == "down" ) then
			ActionButtonDown(37);
		else
			ActionButtonUp(37);
		end
	</Binding>
	<Binding name="ActionButton38" runOnUp="true">
		if ( keystate == "down" ) then
			ActionButtonDown(38);
		else
			ActionButtonUp(38);
		end
	</Binding>
	<Binding name="ActionButton39" runOnUp="true">
		if ( keystate == "down" ) then
			ActionButtonDown(39);
		else
			ActionButtonUp(39);
		end
	</Binding>
	<Binding name="ActionButton40" runOnUp="true">
		if ( keystate == "down" ) then
			ActionButtonDown(40);
		else
			ActionButtonUp(40);
		end
	</Binding>
	<Binding name="ActionButton41" runOnUp="true">
		if ( keystate == "down" ) then
			ActionButtonDown(41);
		else
			ActionButtonUp(41);
		end
	</Binding>
	<Binding name="ActionButton42" runOnUp="true">
		if ( keystate == "down" ) then
			ActionButtonDown(42);
		else
			ActionButtonUp(42);
		end
	</Binding>
	<Binding name="ActionButton43" runOnUp="true">
		if ( keystate == "down" ) then
			ActionButtonDown(43);
		else
			ActionButtonUp(43);
		end
	</Binding>
	<Binding name="ActionButton44" runOnUp="true">
		if ( keystate == "down" ) then
			ActionButtonDown(44);
		else
			ActionButtonUp(44);
		end
	</Binding>
	<Binding name="ActionButton45" runOnUp="true">
		if ( keystate == "down" ) then
			ActionButtonDown(45);
		else
			ActionButtonUp(45);
		end
	</Binding>
	<Binding name="ActionButton46" runOnUp="true">
		if ( keystate == "down" ) then
			ActionButtonDown(46);
		else
			ActionButtonUp(46);
		end
	</Binding>
	<Binding name="ActionButton47" runOnUp="true">
		if ( keystate == "down" ) then
			ActionButtonDown(47);
		else
			ActionButtonUp(47);
		end
	</Binding>
	<Binding name="ActionButton48" runOnUp="true" >
		if ( keystate == "down" ) then
			ActionButtonDown(48);
		else
			ActionButtonUp(48);
		end
	</Binding>
	<Binding name="ActionButton49" runOnUp="true" header="BACTIONBAR5">
		if ( keystate == "down" ) then
			ActionButtonDown(49);
		else
			ActionButtonUp(49);
		end
	</Binding>
	<Binding name="ActionButton50" runOnUp="true">
		if ( keystate == "down" ) then
			ActionButtonDown(50);
		else
			ActionButtonUp(50);
		end
	</Binding>
	<Binding name="ActionButton51" runOnUp="true">
		if ( keystate == "down" ) then
			ActionButtonDown(51);
		else
			ActionButtonUp(51);
		end
	</Binding>
	<Binding name="ActionButton52" runOnUp="true">
		if ( keystate == "down" ) then
			ActionButtonDown(52);
		else
			ActionButtonUp(52);
		end
	</Binding>
	<Binding name="ActionButton53" runOnUp="true">
		if ( keystate == "down" ) then
			ActionButtonDown(53);
		else
			ActionButtonUp(53);
		end
	</Binding>
	<Binding name="ActionButton54" runOnUp="true">
		if ( keystate == "down" ) then
			ActionButtonDown(54);
		else
			ActionButtonUp(54);
		end
	</Binding>
	<Binding name="ActionButton55" runOnUp="true">
		if ( keystate == "down" ) then
			ActionButtonDown(55);
		else
			ActionButtonUp(55);
		end
	</Binding>
	<Binding name="ActionButton56" runOnUp="true">
		if ( keystate == "down" ) then
			ActionButtonDown(56);
		else
			ActionButtonUp(56);
		end
	</Binding>
	<Binding name="ActionButton57" runOnUp="true">
		if ( keystate == "down" ) then
			ActionButtonDown(57);
		else
			ActionButtonUp(57);
		end
	</Binding>
	<Binding name="ActionButton58" runOnUp="true">
		if ( keystate == "down" ) then
			ActionButtonDown(58);
		else
			ActionButtonUp(58);
		end
	</Binding>
	<Binding name="ActionButton59" runOnUp="true">
		if ( keystate == "down" ) then
			ActionButtonDown(59);
		else
			ActionButtonUp(59);
		end
	</Binding>
	<Binding name="ActionButton60" runOnUp="true" >
		if ( keystate == "down" ) then
			ActionButtonDown(60);
		else
			ActionButtonUp(60);
		end
	</Binding>
	<Binding name="ActionButton61" runOnUp="true" header="BACTIONBAR6">
		if ( keystate == "down" ) then
			ActionButtonDown(61);
		else
			ActionButtonUp(61);
		end
	</Binding>
	<Binding name="ActionButton62" runOnUp="true">
		if ( keystate == "down" ) then
			ActionButtonDown(62);
		else
			ActionButtonUp(62);
		end
	</Binding>
	<Binding name="ActionButton63" runOnUp="true">
		if ( keystate == "down" ) then
			ActionButtonDown(63);
		else
			ActionButtonUp(63);
		end
	</Binding>
	<Binding name="ActionButton64" runOnUp="true">
		if ( keystate == "down" ) then
			ActionButtonDown(64);
		else
			ActionButtonUp(64);
		end
	</Binding>
	<Binding name="ActionButton65" runOnUp="true">
		if ( keystate == "down" ) then
			ActionButtonDown(65);
		else
			ActionButtonUp(65);
		end
	</Binding>
	<Binding name="ActionButton66" runOnUp="true">
		if ( keystate == "down" ) then
			ActionButtonDown(66);
		else
			ActionButtonUp(66);
		end
	</Binding>
	<Binding name="ActionButton67" runOnUp="true">
		if ( keystate == "down" ) then
			ActionButtonDown(67);
		else
			ActionButtonUp(67);
		end
	</Binding>
	<Binding name="ActionButton68" runOnUp="true">
		if ( keystate == "down" ) then
			ActionButtonDown(68);
		else
			ActionButtonUp(68);
		end
	</Binding>
	<Binding name="ActionButton69" runOnUp="true">
		if ( keystate == "down" ) then
			ActionButtonDown(69);
		else
			ActionButtonUp(69);
		end
	</Binding>
	<Binding name="ActionButton70" runOnUp="true">
		if ( keystate == "down" ) then
			ActionButtonDown(70);
		else
			ActionButtonUp(70);
		end
	</Binding>
	<Binding name="ActionButton71" runOnUp="true">
		if ( keystate == "down" ) then
			ActionButtonDown(71);
		else
			ActionButtonUp(71);
		end
	</Binding>
	<Binding name="ActionButton72" runOnUp="true" >
		if ( keystate == "down" ) then
			ActionButtonDown(72);
		else
			ActionButtonUp(72);
		end
	</Binding>
	<Binding name="ActionButton73" runOnUp="true" header="BACTIONBAR7">
		if ( keystate == "down" ) then
			ActionButtonDown(73);
		else
			ActionButtonUp(73);
		end
	</Binding>
	<Binding name="ActionButton74" runOnUp="true">
		if ( keystate == "down" ) then
			ActionButtonDown(74);
		else
			ActionButtonUp(74);
		end
	</Binding>
	<Binding name="ActionButton75" runOnUp="true">
		if ( keystate == "down" ) then
			ActionButtonDown(75);
		else
			ActionButtonUp(75);
		end
	</Binding>
	<Binding name="ActionButton76" runOnUp="true">
		if ( keystate == "down" ) then
			ActionButtonDown(76);
		else
			ActionButtonUp(76);
		end
	</Binding>
	<Binding name="ActionButton77" runOnUp="true">
		if ( keystate == "down" ) then
			ActionButtonDown(77);
		else
			ActionButtonUp(77);
		end
	</Binding>
	<Binding name="ActionButton78" runOnUp="true">
		if ( keystate == "down" ) then
			ActionButtonDown(78);
		else
			ActionButtonUp(78);
		end
	</Binding>
	<Binding name="ActionButton79" runOnUp="true">
		if ( keystate == "down" ) then
			ActionButtonDown(79);
		else
			ActionButtonUp(79);
		end
	</Binding>
	<Binding name="ActionButton80" runOnUp="true">
		if ( keystate == "down" ) then
			ActionButtonDown(80);
		else
			ActionButtonUp(80);
		end
	</Binding>
	<Binding name="ActionButton81" runOnUp="true">
		if ( keystate == "down" ) then
			ActionButtonDown(81);
		else
			ActionButtonUp(81);
		end
	</Binding>
	<Binding name="ActionButton82" runOnUp="true">
		if ( keystate == "down" ) then
			ActionButtonDown(82);
		else
			ActionButtonUp(82);
		end
	</Binding>
	<Binding name="ActionButton83" runOnUp="true">
		if ( keystate == "down" ) then
			ActionButtonDown(83);
		else
			ActionButtonUp(83);
		end
	</Binding>
	<Binding name="ActionButton84" runOnUp="true" >
		if ( keystate == "down" ) then
			ActionButtonDown(84);
		else
			ActionButtonUp(84);
		end
	</Binding>
	<Binding name="ActionButton85" runOnUp="true" header="BACTIONBAR8">
		if ( keystate == "down" ) then
			ActionButtonDown(85);
		else
			ActionButtonUp(85);
		end
	</Binding>
	<Binding name="ActionButton86" runOnUp="true">
		if ( keystate == "down" ) then
			ActionButtonDown(86);
		else
			ActionButtonUp(86);
		end
	</Binding>
	<Binding name="ActionButton87" runOnUp="true">
		if ( keystate == "down" ) then
			ActionButtonDown(87);
		else
			ActionButtonUp(87);
		end
	</Binding>
	<Binding name="ActionButton88" runOnUp="true">
		if ( keystate == "down" ) then
			ActionButtonDown(88);
		else
			ActionButtonUp(88);
		end
	</Binding>
	<Binding name="ActionButton89" runOnUp="true">
		if ( keystate == "down" ) then
			ActionButtonDown(89);
		else
			ActionButtonUp(89);
		end
	</Binding>
	<Binding name="ActionButton90" runOnUp="true">
		if ( keystate == "down" ) then
			ActionButtonDown(90);
		else
			ActionButtonUp(90);
		end
	</Binding>
	<Binding name="ActionButton91" runOnUp="true">
		if ( keystate == "down" ) then
			ActionButtonDown(91);
		else
			ActionButtonUp(91);
		end
	</Binding>
	<Binding name="ActionButton92" runOnUp="true">
		if ( keystate == "down" ) then
			ActionButtonDown(92);
		else
			ActionButtonUp(92);
		end
	</Binding>
	<Binding name="ActionButton93" runOnUp="true">
		if ( keystate == "down" ) then
			ActionButtonDown(93);
		else
			ActionButtonUp(93);
		end
	</Binding>
	<Binding name="ActionButton94"	runOnUp="true">
		if ( keystate == "down" ) then
			ActionButtonDown(94);
		else
			ActionButtonUp(94);
		end
	</Binding>
	<Binding name="ActionButton95" runOnUp="true">
		if ( keystate == "down" ) then
			ActionButtonDown(95);
		else
			ActionButtonUp(95);
		end
	</Binding>
	<Binding name="ActionButton96" runOnUp="true" >
		if ( keystate == "down" ) then
			ActionButtonDown(96);
		else
			ActionButtonUp(96);
		end
	</Binding>
	<Binding name="ActionButton97" runOnUp="true" header="BACTIONBAR9">
		if ( keystate == "down" ) then
			ActionButtonDown(97);
		else
			ActionButtonUp(97);
		end
	</Binding>
	<Binding name="ActionButton98" runOnUp="true">
		if ( keystate == "down" ) then
			ActionButtonDown(98);
		else
			ActionButtonUp(98);
		end
	</Binding>
	<Binding name="ActionButton99" runOnUp="true">
		if ( keystate == "down" ) then
			ActionButtonDown(99);
		else
			ActionButtonUp(99);
		end
	</Binding>
	<Binding name="ActionButton100" runOnUp="true">
		if ( keystate == "down" ) then
			ActionButtonDown(100);
		else
			ActionButtonUp(100);
		end
	</Binding>
	<Binding name="ActionButton101" runOnUp="true">
		if ( keystate == "down" ) then
			ActionButtonDown(101);
		else
			ActionButtonUp(101);
		end
	</Binding>
	<Binding name="ActionButton102" runOnUp="true">
		if ( keystate == "down" ) then
			ActionButtonDown(102);
		else
			ActionButtonUp(102);
		end
	</Binding>
	<Binding name="ActionButton103" runOnUp="true">
		if ( keystate == "down" ) then
			ActionButtonDown(103);
		else
			ActionButtonUp(103);
		end
	</Binding>
	<Binding name="ActionButton104" runOnUp="true">
		if ( keystate == "down" ) then
			ActionButtonDown(104);
		else
			ActionButtonUp(104);
		end
	</Binding>
	<Binding name="ActionButton105" runOnUp="true">
		if ( keystate == "down" ) then
			ActionButtonDown(105);
		else
			ActionButtonUp(105);
		end
	</Binding>
	<Binding name="ActionButton106"	runOnUp="true">
		if ( keystate == "down" ) then
			ActionButtonDown(106);
		else
			ActionButtonUp(106);
		end
	</Binding>
	<Binding name="ActionButton107" runOnUp="true">
		if ( keystate == "down" ) then
			ActionButtonDown(107);
		else
			ActionButtonUp(107);
		end
	</Binding>
	<Binding name="ActionButton108" runOnUp="true" >
		if ( keystate == "down" ) then
			ActionButtonDown(108);
		else
			ActionButtonUp(108);
		end
	</Binding>
	<Binding name="ActionButton109" runOnUp="true" header="BACTIONBAR10">
		if ( keystate == "down" ) then
			ActionButtonDown(109);
		else
			ActionButtonUp(109);
		end
	</Binding>
	<Binding name="ActionButton110" runOnUp="true">
		if ( keystate == "down" ) then
			ActionButtonDown(110);
		else
			ActionButtonUp(110);
		end
	</Binding>
	<Binding name="ActionButton111" runOnUp="true">
		if ( keystate == "down" ) then
			ActionButtonDown(111);
		else
			ActionButtonUp(111);
		end
	</Binding>
	<Binding name="ActionButton112" runOnUp="true">
		if ( keystate == "down" ) then
			ActionButtonDown(112);
		else
			ActionButtonUp(112);
		end
	</Binding>
	<Binding name="ActionButton113" runOnUp="true">
		if ( keystate == "down" ) then
			ActionButtonDown(113);
		else
			ActionButtonUp(113);
		end
	</Binding>
	<Binding name="ActionButton114" runOnUp="true">
		if ( keystate == "down" ) then
			ActionButtonDown(114);
		else
			ActionButtonUp(114);
		end
	</Binding>
	<Binding name="ActionButton115" runOnUp="true">
		if ( keystate == "down" ) then
			ActionButtonDown(115);
		else
			ActionButtonUp(115);
		end
	</Binding>
	<Binding name="ActionButton116" runOnUp="true">
		if ( keystate == "down" ) then
			ActionButtonDown(116);
		else
			ActionButtonUp(116);
		end
	</Binding>
	<Binding name="ActionButton117" runOnUp="true">
		if ( keystate == "down" ) then
			ActionButtonDown(117);
		else
			ActionButtonUp(117);
		end
	</Binding>
	<Binding name="ActionButton118"	runOnUp="true">
		if ( keystate == "down" ) then
			ActionButtonDown(118);
		else
			ActionButtonUp(118);
		end
	</Binding>
	<Binding name="ActionButton119" runOnUp="true">
		if ( keystate == "down" ) then
			ActionButtonDown(119);
		else
			ActionButtonUp(119);
		end
	</Binding>
	<Binding name="ActionButton120" runOnUp="true" >
		if ( keystate == "down" ) then
			ActionButtonDown(120);
		else
			ActionButtonUp(120);
		end
	</Binding>
</Bindings>