<Bindings>
	<Binding name="SAYMESSAGE" header="SCCNKEY" runOnUp="true">
		SCCN_SET_CHAT_TO("s")
	</Binding>
	<Binding name="YELLMESSAGE">
		SCCN_SET_CHAT_TO("yell")
	</Binding>
	<Binding name="PARTYMESSAGE">
			SCCN_SET_CHAT_TO("p")
	</Binding>
	<Binding name="GUILDMESSAGE">
		if (IsInGuild()) then
			SCCN_SET_CHAT_TO("g")
		end
	</Binding>
	<Binding name="RAIDMESSAGE">
	    if(UnitInRaid("player") ~= nil) then
				 SCCN_SET_CHAT_TO("ra")
			end
	</Binding>
	<Binding name="BATTLEGROUND">
 	    if(UnitInRaid("player") ~= nil) then
			   SCCN_SET_CHAT_TO("bg")
	    end;
	</Binding>
	<Binding name="OFFICERMESSAGE">
		SCCN_SET_CHAT_TO("o")
	</Binding>
		<Binding name="CC1_MESSAGE">
		SCCN_SET_CHAT_TO("1")
	</Binding>
		<Binding name="CC2_MESSAGE">
		SCCN_SET_CHAT_TO("2")
	</Binding>
		<Binding name="CC3_MESSAGE">
		SCCN_SET_CHAT_TO("3")
	</Binding>
		<Binding name="CC4_MESSAGE">
		SCCN_SET_CHAT_TO("4")
	</Binding>
		<Binding name="CC5_MESSAGE">
		SCCN_SET_CHAT_TO("5")
	</Binding>
	<Binding name="CC6_MESSAGE">
		SCCN_SET_CHAT_TO("6")
	</Binding>
	<Binding name="CC7_MESSAGE">
		SCCN_SET_CHAT_TO("7")
	</Binding>
	<Binding name="CC8_MESSAGE">
		SCCN_SET_CHAT_TO("8")
	</Binding>
	<Binding name="CC9_MESSAGE">
		SCCN_SET_CHAT_TO("9")
	</Binding>
	<Binding name="CC10_MESSAGE">
		SCCN_SET_CHAT_TO("10")
	</Binding>	
	<Binding name="WT_MESSAGE">
		if( UnitName("target") == nil ) then
			SCCN_write("No Target for /tt");
		else
			SCCN_KeyBinding_ChatFrameEditBox("/w "..UnitName("target"));
		end
	</Binding>
	<Binding name="SELECT_CHATWINDOW1">SCCN_SELECT_CHAT_WINDOW("1")</Binding>
	<Binding name="SELECT_CHATWINDOW2">SCCN_SELECT_CHAT_WINDOW("2")</Binding>
	<Binding name="SELECT_CHATWINDOW3">SCCN_SELECT_CHAT_WINDOW("3")</Binding>
	<Binding name="SELECT_CHATWINDOW4">SCCN_SELECT_CHAT_WINDOW("4")</Binding>
	<Binding name="SELECT_CHATWINDOW5">SCCN_SELECT_CHAT_WINDOW("5")</Binding>
	<Binding name="SELECT_CHATWINDOW6">SCCN_SELECT_CHAT_WINDOW("6")</Binding>
	<Binding name="SELECT_CHATWINDOW7">SCCN_SELECT_CHAT_WINDOW("7")</Binding>
</Bindings>