<Ui xmlns="http://www.blizzard.com/wow/ui/" xmlns:xsi="http://www.w3.org/2001/XMLSchema-instance" xsi:schemaLocation="http://www.blizzard.com/wow/ui/
	..\FrameXML\UI.xsd">

	<Script file="localization.en.lua"/>
	<Script file="localization.de.lua"/>
	<Script file="localization.fr.lua"/>
	<Script file="localization.ru.lua"/>
	<Script file="localization.cn.lua"/>
	<Script file="localization.tw.lua"/>

	<Script file="QuestAnnounce.lua"/>
	<Frame name="QuestAnnounce" parent="UIParent" hidden="true">
		<Scripts>
			<OnLoad>
				QuestAnnounce_OnLoad();
			</OnLoad>
			<OnEvent>
				QuestAnnounce_OnEvent(event, arg1, arg2, arg3, arg4, arg5);
			</OnEvent>
		</Scripts>
	</Frame>

</Ui>