<Ui xmlns="http://www.blizzard.com/wow/ui/" xmlns:xsi="http://www.w3.org/2001/XMLSchema-instance" xsi:schemaLocation="http://www.blizzard.com/wow/ui/ ..\FrameXML\UI.xsd">

<Button name="YayMountsButton" inherits="SecureActionButtonTemplate" parent="UIParent">
	<Attributes>
		<Attribute name="type" type="string" value="macro"/>
	</Attributes>
	<Scripts>
		<PreClick>
			YayMounts:PreClick()
		</PreClick>
	</Scripts>  
</Button>

<Button name="YayMountsButton2" inherits="SecureActionButtonTemplate" parent="UIParent">
	<Attributes>
		<Attribute name="type" type="string" value="macro"/>
	</Attributes>
	<Scripts>
		<PreClick>
			YayMounts:SetMacroButton(true, 2)
		</PreClick>
	</Scripts>  
</Button>

<Button name="YayMountsButton3" inherits="SecureActionButtonTemplate" parent="UIParent">
	<Attributes>
		<Attribute name="type" type="string" value="macro"/>
	</Attributes>
	<Scripts>
		<PreClick>
			YayMounts:CallPet(false)
		</PreClick>
	</Scripts>  
</Button>

<Button name="YayMountsButton4" inherits="SecureActionButtonTemplate" parent="UIParent">
	<Attributes>
		<Attribute name="type" type="string" value="macro"/>
	</Attributes>
	<Scripts>
		<PreClick>
			YayMounts:ForcePassengerMount()
		</PreClick>
	</Scripts>  
</Button>

</Ui>