<Ui xmlns="http://www.blizzard.com/wow/ui/" xmlns:xsi="http://www.w3.org/2001/XMLSchema-instance" xsi:schemaLocation="http://www.blizzard.com/wow/ui/ ..\FrameXML\UI.xsd">
<!--
	Gatherer Addon for World of Warcraft(tm).
	Version: 4.4.1 (<%codename%>)
	Revision: $Id: GatherMain.xml 955 2012-08-28 16:39:14Z Esamynn $

	License:
		This program is free software; you can redistribute it and/or
		modify it under the terms of the GNU General Public License
		as published by the Free Software Foundation; either version 2
		of the License, or (at your option) any later version.

		This program is distributed in the hope that it will be useful,
		but WITHOUT ANY WARRANTY; without even the implied warranty of
		MERCHANTABILITY or FITNESS FOR A PARTICULAR PURPOSE.  See the
		GNU General Public License for more details.

		You should have received a copy of the GNU General Public License
		along with this program(see GPL.txt); if not, write to the Free Software
		Foundation, Inc., 51 Franklin Street, Fifth Floor, Boston, MA  02110-1301, USA.

	Note:
		This AddOn's source code is specifically designed to work with
		World of Warcraft's interpreted AddOn system.
		You have an implicit licence to use this AddOn with these facilities
		since that is it's designated purpose as per:
		http://www.fsf.org/licensing/licenses/gpl-faq.html#InterpreterIncompat
-->
	<Script>Gatherer_RegisterRevision("$URL: http://svn.norganna.org/gatherer/tags/REL_4.4.1/Gatherer/GatherMain.xml $", "$Rev: 955 $")</Script>
	<Frame name="GathererFrame" hidden="true">
		<Scripts>
			<OnLoad>
				Gatherer.Event.RegisterEvents(self)
			</OnLoad>
			<OnEvent>
				Gatherer.Event.OnEvent(event, ...)
			</OnEvent>
			<OnUpdate>
				Gatherer.Event.OnUpdate(elapsed)
			</OnUpdate>
		</Scripts>
	</Frame>
	<Font name="GameFontHighlightHuge" inherits="GameFontNormalHuge" virtual="true">
		<Color r="1.0" g="1.0" b="1.0"/>
	</Font>

	<GameTooltip name="GathererTooltipTemplate" virtual="true" frameStrata="TOOLTIP" hidden="true" inherits="GameTooltipTemplate">
		<Scripts>
			<OnLoad>
				self:SetBackdropBorderColor(TOOLTIP_DEFAULT_COLOR.r, TOOLTIP_DEFAULT_COLOR.g, TOOLTIP_DEFAULT_COLOR.b);
				self:SetBackdropColor(TOOLTIP_DEFAULT_BACKGROUND_COLOR.r, TOOLTIP_DEFAULT_BACKGROUND_COLOR.g, TOOLTIP_DEFAULT_BACKGROUND_COLOR.b);
			</OnLoad>
		</Scripts>
	</GameTooltip>
</Ui>
