<Ui xmlns="http://www.blizzard.com/wow/ui/" xmlns:xsi="http://www.w3.org/2001/XMLSchema-instance" xsi:schemaLocation="http://www.blizzard.com/wow/ui/ ..\FrameXML\UI.xsd">
<!--
	Gatherer Addon for World of Warcraft(tm).
	Version: 4.4.1 (<%codename%>)
	Revision: $Id: GatherMiniNotes.xml 1056 2012-12-10 04:10:54Z Esamynn $

	License:
	This program is free software; you can redistribute it and/or
	modify it under the terms of the GNU General Public License
	as published by the Free Software Foundation; either version 2
	of the License, or (at your option) any later version.

	This program is distributed in the hope that it will be useful,
	but WITHOUT ANY WARRANTY; without even the implied warranty of
	MERCHANTABILITY or FITNESS FOR A PARTICULAR PURPOSE.  See the
	GNU General Public License for more details.

	You should have received a copy of the GNU General Public License
	along with this program(see GPL.txt); if not, write to the Free Software
	Foundation, Inc., 51 Franklin Street, Fifth Floor, Boston, MA  02110-1301, USA.

	Note:
		This AddOn's source code is specifically designed to work with
		World of Warcraft's interpreted AddOn system.
		You have an implicit licence to use this AddOn with these facilities
		since that is it's designated purpose as per:
		http://www.fsf.org/licensing/licenses/gpl-faq.html#InterpreterIncompat
-->
	<Script>Gatherer_RegisterRevision("$URL: http://svn.norganna.org/gatherer/tags/REL_4.4.1/Gatherer/GatherMiniNotes.xml $", "$Rev: 1056 $")</Script>
	<Script file = "GatherMiniNotes.lua"/>
	
	<Frame name="GatherMiniNoteUpdateFrame" hidden="true" parent="Minimap">
		<Scripts>
			<OnLoad>
				Gatherer.MiniNotes.OnLoad(self)
			</OnLoad>
			<OnUpdate>
				Gatherer.MiniNotes.UpdateMinimapNotes(elapsed)
			</OnUpdate>
			<OnShow>
				Gatherer.MiniNotes.UpdateMinimapNotes(0, true)
			</OnShow>
		</Scripts>
	</Frame>
	
	<!-- Minimap Note Template -->
	<Button name="GatherNoteTemplate" hidden="true"  parent="Minimap" virtual="true">
		<Size>
			<AbsDimension x="12" y="12"/>
		</Size>
		<Scripts>
			<OnLoad>
				Gatherer.MiniNotes.OnNoteCreation(self)
			</OnLoad>
			<OnEnter>
				Gatherer.MiniNotes.MiniNoteOnEnter(self)
			</OnEnter>
			<OnLeave>
				Gatherer.Tooltip.HideTooltips()
			</OnLeave>
			<OnMouseUp>
				Gatherer.MiniNotes.MiniNoteOnClick()
			</OnMouseUp>
		</Scripts>
		<NormalTexture file="Interface/AddOns/Gatherer/Original/Test"/>
	</Button>
	<Button name="GatherArchNoteTemplate" inherits="GatherNoteTemplate" hidden="true"  parent="Minimap" virtual="true">
		<NormalTexture file="Interface/MINIMAP/TRACKING/OBJECTICONS">
			<!--                5/256             29/256           3/64              27/64 -->
			<TexCoords left="0.01953125" right="0.11328125" top="0.046875" bottom="0.421875" />
		</NormalTexture>
	</Button>
</Ui>


