<Ui xmlns="http://www.blizzard.com/wow/ui/" xmlns:xsi="http://www.w3.org/2001/XMLSchema-instance" xsi:schemaLocation="http://www.blizzard.com/wow/ui/
C:\Projects\WoW\Bin\Interface\FrameXML\UI.xsd">
	<Script file="localization.lua"/>
	<Script file="localization.ge.lua"/>
	<Script file="localization.fr.lua"/>
	<Script file="CT_MapMod.lua"/>
	<Button name="CT_MapMod_GroupButtonTemplate" virtual="true">
		<Size>
			<AbsDimension x="170" y="16"/>
		</Size>
		<Scripts>
			<OnLoad>
				self:RegisterForClicks("LeftButtonUp", "RightButtonUp");
				self:SetFrameLevel(self:GetFrameLevel() + 1);
			</OnLoad>
			<OnClick>
				CT_MapMod_GroupButton_OnClick(self, button);
			</OnClick>
		</Scripts>
		<NormalText name="$parentNormalText" inherits="GameFontNormal" justifyH="LEFT" nonspacewrap="true">
			<Size>
				<AbsDimension x="275" y="10"/>
			</Size>
			<Anchors>
				<Anchor point="LEFT">
					<Offset>
						<AbsDimension x="20" y="0"/>
					</Offset>
				</Anchor>
			</Anchors> 
		</NormalText>
		<HighlightText name="$parentHighlightText" inherits="GameFontHighlight" justifyH="LEFT" nonspacewrap="true">
			<Size>
				<AbsDimension x="275" y="10"/>
			</Size>
			<Anchors>
				<Anchor point="LEFT">
					<Offset>
						<AbsDimension x="20" y="0"/>
					</Offset>
				</Anchor>
			</Anchors>
		</HighlightText>
	</Button>
	<EditBox name="CT_MapMod_EditBoxTemplate" virtual="true">
		<Layers>
			<Layer level="BACKGROUND">
				<Texture name="$parentLeft" file="Interface\ChatFrame\UI-ChatInputBorder-Left">
					<Size>
						<AbsDimension x="65" y="32"/>
					</Size>
					<Anchors>
						<Anchor point="LEFT">
							<Offset>
								<AbsDimension x="-10" y="0"/>
							</Offset>
						</Anchor>
					</Anchors>
					<TexCoords left="0" right="0.2539" top="0" bottom="1.0"/>
				</Texture>
				<Texture name="$parentRight" file="Interface\ChatFrame\UI-ChatInputBorder-Right">
					<Size>
						<AbsDimension x="25" y="32"/>
					</Size>
					<Anchors>
						<Anchor point="RIGHT">
							<Offset>
								<AbsDimension x="10" y="0"/>
							</Offset>
						</Anchor>
					</Anchors>
					<TexCoords left="0.9" right="1.0" top="0" bottom="1.0"/>
				</Texture>
				<Texture file="Interface\ChatFrame\UI-ChatInputBorder-Left">
					<Size>
						<AbsDimension x="5" y="32"/>
					</Size>
					<Anchors>
						<Anchor point="LEFT" relativeTo="$parentLeft" relativePoint="RIGHT">
							<Offset>
								<AbsDimension x="0" y="0"/>
							</Offset>
						</Anchor>
						<Anchor point="RIGHT" relativeTo="$parentRight" relativePoint="LEFT">
							<Offset>
								<AbsDimension x="0" y="0"/>
							</Offset>
						</Anchor>
					</Anchors>
					<TexCoords left="0.29296875" right="1.0" top="0" bottom="1.0"/>
				</Texture>
			</Layer>
		</Layers>
		<FontString inherits="ChatFontNormal"/>
	</EditBox>
	<Button name="CT_MapMod_NoteTemplate" inherits="WorldMapUnitTemplate" virtual="true">
		<Scripts>
			<OnLoad>
				self.unit = "player";
				self:RegisterForClicks("LeftButtonUp", "RightButtonUp");
			</OnLoad>
			<OnEnter>
				CT_MapMod_OnNoteOver(self);
			</OnEnter>
			<OnLeave>
				CT_MapMod_OnNoteLeave(self);
			</OnLeave>
			<OnClick>
				CT_MapMod_OnClick(self, button);
			</OnClick>
		</Scripts>
	</Button>
	<Frame name="CT_MapMod_MapButtonFrame" hidden="false" parent="WorldMapButton" enableMouse="true">
	</Frame>
	<Frame name="CT_MapMod_NoteWindow" enableMouse="true" hidden="true" parent="WorldMapFrame" frameStrata="DIALOG">
		<Size>
			<AbsDimension x="450" y="215"/>
		</Size>
		<Anchors>
			<Anchor point="CENTER" relativeTo="WorldMapDetailFrame"/>
		</Anchors>
		<Backdrop bgFile="Interface\DialogFrame\UI-DialogBox-Background" edgeFile="Interface\DialogFrame\UI-DialogBox-Border" tile="true">
			<BackgroundInsets>
				<AbsInset left="11" right="12" top="12" bottom="11"/>
			</BackgroundInsets>
			<TileSize>
				<AbsValue val="32"/>
			</TileSize>
			<EdgeSize>
				<AbsValue val="32"/>
			</EdgeSize>
		</Backdrop>
		<Anchors>
			<Anchor point="CENTER" relativeTo="WorldMapDetailFrame" relativePoint="CENTER">
				<Offset>
					<AbsDimension x="0" y="0"/>
				</Offset>
			</Anchor>
		</Anchors>
		<Layers>
			<Layer level="ARTWORK">
				<Texture name="$parentHeaderTexture" file="Interface\DialogFrame\UI-DialogBox-Header">
					<Size>
						<AbsDimension x="256" y="64"/>
					</Size>
					<Anchors>
						<Anchor point="TOP">
							<Offset>
								<AbsDimension x="0" y="12"/>
							</Offset>
						</Anchor>
					</Anchors>
				</Texture>
				<FontString name="$parentTitle" inherits="GameFontNormal">
					<Anchors>
						<Anchor point="TOP" relativeTo="$parentHeaderTexture">
							<Offset>
								<AbsDimension x="0" y="-14"/>
							</Offset>
						</Anchor>
					</Anchors>
				</FontString>
				<FontString name="$parentNameText" inherits="GameFontNormal">
					<Anchors>
						<Anchor point="TOPLEFT" relativePoint="TOPLEFT">
							<Offset>
								<AbsDimension x="25" y="-40"/>
							</Offset>
						</Anchor>
					</Anchors>
				</FontString>
				<FontString name="$parentDescriptText" inherits="GameFontNormal">
					<Anchors>
						<Anchor point="TOPLEFT" relativePoint="TOPLEFT" relativeTo="$parentNameText">
							<Offset>
								<AbsDimension x="0" y="-35"/>
							</Offset>
						</Anchor>
					</Anchors>
				</FontString>
				<FontString name="$parentGroupText" inherits="GameFontNormal">
					<Anchors>
						<Anchor point="TOPLEFT" relativePoint="TOPLEFT" relativeTo="$parentDescriptText">
							<Offset>
								<AbsDimension x="0" y="-35"/>
							</Offset>
						</Anchor>
					</Anchors>
				</FontString>
				<FontString name="$parentSendText" inherits="GameFontNormal">
					<Anchors>
						<Anchor point="TOPLEFT" relativePoint="TOPLEFT" relativeTo="$parentGroupText">
							<Offset>
								<AbsDimension x="0" y="-35"/>
							</Offset>
						</Anchor>
					</Anchors>
				</FontString>
			</Layer>
		</Layers>
		<Frames>
			<Button name="$parentOkayButton" hidden="false" inherits="GameMenuButtonTemplate">
				<Size>
					<AbsDimension x="80" y="25"/>
				</Size>
				<Anchors>
					<Anchor point="BOTTOMRIGHT" relativePoint="BOTTOM">
						<Offset>
							<AbsDimension x="-42" y="16"/>
						</Offset>
					</Anchor>
				</Anchors>
				<Scripts>
					<OnClick>
						CT_MapMod_NoteWindow_Accept();
					</OnClick>
				</Scripts>
			</Button>
			<Button name="$parentCancelButton" hidden="false" inherits="GameMenuButtonTemplate">
				<Size>
					<AbsDimension x="80" y="25"/>
				</Size>
				<Anchors>
					<Anchor point="BOTTOM" relativePoint="BOTTOM">
						<Offset>
							<AbsDimension x="0" y="16"/>
						</Offset>
					</Anchor>
				</Anchors>
				<Scripts>
					<OnClick>
						CT_MapMod_NoteWindow_Cancel();
					</OnClick>
				</Scripts>
			</Button>
			<Button name="$parentDeleteButton" hidden="false" inherits="GameMenuButtonTemplate">
				<Size>
					<AbsDimension x="80" y="25"/>
				</Size>
				<Anchors>
					<Anchor point="BOTTOMLEFT" relativePoint="BOTTOM">
						<Offset>
							<AbsDimension x="42" y="16"/>
						</Offset>
					</Anchor>
				</Anchors>
				<Scripts>
					<OnClick>
						CT_MapMod_NoteWindow_Delete();
					</OnClick>
				</Scripts>
			</Button>
			<EditBox name="$parentNameEB" inherits="CT_MapMod_EditBoxTemplate" historyLines="0" letters="50">
				<Size>
					<AbsDimension x="200" y="32"/>
				</Size>
				<Anchors>
					<Anchor point="LEFT" relativePoint="LEFT" relativeTo="$parentNameText">
						<Offset>
							<AbsDimension x="100" y="0"/>
						</Offset>
					</Anchor>
				</Anchors>
				<Scripts>
					<OnTabPressed>
						_G[self:GetParent():GetName() .. "DescriptEB"]:SetFocus();
					</OnTabPressed>
					<OnEscapePressed>
						CT_MapMod_NoteWindow_Cancel();
					</OnEscapePressed>
					<OnEnterPressed>
						CT_MapMod_NoteWindow_Accept();
					</OnEnterPressed>
				</Scripts>
			</EditBox>
			<EditBox name="$parentDescriptEB" inherits="CT_MapMod_EditBoxTemplate" historyLines="0" letters="200">
				<Size>
					<AbsDimension x="200" y="32"/>
				</Size>
				<Anchors>
					<Anchor point="LEFT" relativePoint="LEFT" relativeTo="$parentDescriptText">
						<Offset>
							<AbsDimension x="100" y="0"/>
						</Offset>
					</Anchor>
				</Anchors>
				<Scripts>
					<OnTabPressed>
						_G[self:GetParent():GetName() .. "SendEB"]:SetFocus();
					</OnTabPressed>
					<OnEscapePressed>
						CT_MapMod_NoteWindow_Cancel();
					</OnEscapePressed>
					<OnEnterPressed>
						CT_MapMod_NoteWindow_Accept();
					</OnEnterPressed>
				</Scripts>
			</EditBox>
			<EditBox name="$parentSendEB" inherits="CT_MapMod_EditBoxTemplate" historyLines="0" letters="100">
				<Size>
					<AbsDimension x="200" y="32"/>
				</Size>
				<Anchors>
					<Anchor point="LEFT" relativePoint="LEFT" relativeTo="$parentSendText">
						<Offset>
							<AbsDimension x="100" y="0"/>
						</Offset>
					</Anchor>
				</Anchors>
				<Scripts>
					<OnTextChanged>
						if ( self.lastsend == self:GetText() or self:GetText() == "" ) then
							_G[self:GetParent():GetName() .. "SendButton"]:Disable();
						else
							_G[self:GetParent():GetName() .. "SendButton"]:Enable();
						end
						self.lastsend = "";
					</OnTextChanged>
					<OnTabPressed>
						_G[self:GetParent():GetName() .. "NameEB"]:SetFocus();
					</OnTabPressed>
					<OnEscapePressed>
						CT_MapMod_NoteWindow_Cancel();
					</OnEscapePressed>
				</Scripts>
			</EditBox>
			<Frame name="$parentGroupDropDown" inherits="UIDropDownMenuTemplate" hidden="false">
				<Size>
					<AbsDimension x="128" y="16"/>
				</Size>
				<Anchors>
					<Anchor point="LEFT" relativePoint="LEFT" relativeTo="$parentGroupText">
						<Offset>
							<AbsDimension x="75" y="-3"/>
						</Offset>
					</Anchor>
				</Anchors>
				<Scripts>
					<OnShow>
						--CT_MapMod_NoteWindow_GroupDropDown_OnShow(self);
					</OnShow>
					<OnLoad>
						CT_MapMod_NoteWindow_GroupDropDown_OnLoad(self);
					</OnLoad>
				</Scripts>
			</Frame>
			<Button name="$parentEditButton" hidden="true" inherits="GameMenuButtonTemplate">
				<Size>
					<AbsDimension x="90" y="25"/>
				</Size>
				<Anchors>
					<Anchor point="LEFT" relativePoint="RIGHT" relativeTo="$parentGroupDropDown">
						<Offset>
							<AbsDimension x="16" y="0"/>
						</Offset>
					</Anchor>
				</Anchors>
				<Scripts>
					<OnClick>
						CT_MapMod_GroupWindow_Show();
					</OnClick>
				</Scripts>
			</Button>
			<Button name="$parentSendButton" hidden="false" inherits="GameMenuButtonTemplate">
				<Size>
					<AbsDimension x="80" y="25"/>
				</Size>
				<Anchors>
					<Anchor point="LEFT" relativePoint="RIGHT" relativeTo="$parentSendEB">
						<Offset>
							<AbsDimension x="15" y="0"/>
						</Offset>
					</Anchor>
				</Anchors>
				<Scripts>
					<OnClick>
						CT_MapMod_SendNote();
					</OnClick>
				</Scripts>
			</Button>
		</Frames>
		<Scripts>
			<OnShow>
				CT_MapMod_NoteWindow_OnShow(self);
				CT_MapMod_NoteWindow_GroupDropDown_OnShow(self);
			</OnShow>
			<OnHide>
				CT_MapMod_NoteWindow_OnHide(self);
			</OnHide>
			<OnLoad>
				CT_MapMod_NoteWindow_OnLoad(self);
			</OnLoad>
		</Scripts>
	</Frame>
	<Frame name="CT_MapMod_GroupWindow" enableMouse="true" hidden="true" parent="CT_MapMod_NoteWindow">
		<Size>
			<AbsDimension x="300" y="200"/>
		</Size>
		<Anchors>
			<Anchor point="CENTER"/>
		</Anchors>
		<Backdrop bgFile="Interface\DialogFrame\UI-DialogBox-Background" edgeFile="Interface\DialogFrame\UI-DialogBox-Border" tile="true">
			<BackgroundInsets>
				<AbsInset left="11" right="12" top="12" bottom="11"/>
			</BackgroundInsets>
			<TileSize>
				<AbsValue val="32"/>
			</TileSize>
			<EdgeSize>
				<AbsValue val="32"/>
			</EdgeSize>
		</Backdrop>
		<Anchors>
			<Anchor point="CENTER" relativePoint="CENTER"/>
		</Anchors>
		<Layers>
			<Layer level="ARTWORK">
				<Texture name="$parentHeaderTexture" file="Interface\DialogFrame\UI-DialogBox-Header">
					<Size>
						<AbsDimension x="256" y="64"/>
					</Size>
					<Anchors>
						<Anchor point="TOP">
							<Offset>
								<AbsDimension x="0" y="12"/>
							</Offset>
						</Anchor>
					</Anchors>
				</Texture>
				<FontString inherits="GameFontNormal" text="Edit Groups">
					<Anchors>
						<Anchor point="TOP" relativeTo="$parentHeaderTexture">
							<Offset>
								<AbsDimension x="0" y="-14"/>
							</Offset>
						</Anchor>
					</Anchors>
				</FontString>
			</Layer>
		</Layers>
		<Scripts>
			<OnShow>
				self:SetFrameLevel(self:GetParent():GetFrameLevel() + 2);
				PlaySound("UChatScrollButton");
				CT_MapMod_GroupWindow_Update();
			</OnShow>
			<OnHide>
				PlaySound("UChatScrollButton");
			</OnHide>
		</Scripts>
		<Frames>
			<Button name="$parentGroup1" inherits="CT_MapMod_GroupButtonTemplate" id="1" hidden="true">
				<Anchors>
					<Anchor point="TOPLEFT" relativeTo="$parent">
						<Offset>
							<AbsDimension x="19" y="-75"/>
						</Offset>
					</Anchor>
				</Anchors>
			</Button>
			<Button name="$parentGroup2" inherits="CT_MapMod_GroupButtonTemplate" id="2" hidden="true">
				<Anchors>
					<Anchor point="TOPLEFT" relativeTo="$parentGroup1" relativePoint="BOTTOMLEFT">
						<Offset>
							<AbsDimension x="0" y="1"/>
						</Offset>
					</Anchor>
				</Anchors>
			</Button>
			<Button name="$parentGroup3" inherits="CT_MapMod_GroupButtonTemplate" id="3" hidden="true">
				<Anchors>
					<Anchor point="TOPLEFT" relativeTo="$parentGroup2" relativePoint="BOTTOMLEFT">
						<Offset>
							<AbsDimension x="0" y="1"/>
						</Offset>
					</Anchor>
				</Anchors>
			</Button>
			<Button name="$parentGroup4" inherits="CT_MapMod_GroupButtonTemplate" id="4" hidden="true">
				<Anchors>
					<Anchor point="TOPLEFT" relativeTo="$parentGroup3" relativePoint="BOTTOMLEFT">
						<Offset>
							<AbsDimension x="0" y="1"/>
						</Offset>
					</Anchor>
				</Anchors>
			</Button>
			<Button name="$parentGroup5" inherits="CT_MapMod_GroupButtonTemplate" id="5" hidden="true">
				<Anchors>
					<Anchor point="TOPLEFT" relativeTo="$parentGroup4" relativePoint="BOTTOMLEFT">
						<Offset>
							<AbsDimension x="0" y="1"/>
						</Offset>
					</Anchor>
				</Anchors>
			</Button>
			<Button name="$parentGroup6" inherits="CT_MapMod_GroupButtonTemplate" id="6" hidden="true">
				<Anchors>
					<Anchor point="TOPLEFT" relativeTo="$parentGroup5" relativePoint="BOTTOMLEFT">
						<Offset>
							<AbsDimension x="0" y="1"/>
						</Offset>
					</Anchor>
				</Anchors>
			</Button>
			<ScrollFrame name="$parentScrollFrame" inherits="FauxScrollFrameTemplate">
				<Size>
					<AbsDimension x="300" y="93"/>
				</Size>
				<Anchors>
					<Anchor point="TOPRIGHT">
						<Offset>
							<AbsDimension x="-5" y="0"/>
						</Offset>
					</Anchor>
				</Anchors>
				<Scripts>
					<OnVerticalScroll>
						FauxScrollFrame_OnVerticalScroll(self, offset, 16, CT_MapMod_GroupWindow_Update);
					</OnVerticalScroll>
				</Scripts>
			</ScrollFrame>
		</Frames>
	</Frame>
	<Frame name="CT_MapMod_FilterWindow" enableMouse="true" hidden="true" parent="WorldMapFrame" frameStrata="DIALOG">
		<Size>
			<AbsDimension x="400" y="165"/>
		</Size>
		<Anchors>
			<Anchor point="CENTER" relativeTo="WorldMapDetailFrame"/>
		</Anchors>
		<Backdrop bgFile="Interface\DialogFrame\UI-DialogBox-Background" edgeFile="Interface\DialogFrame\UI-DialogBox-Border" tile="true">
			<BackgroundInsets>
				<AbsInset left="11" right="12" top="12" bottom="11"/>
			</BackgroundInsets>
			<TileSize>
				<AbsValue val="32"/>
			</TileSize>
			<EdgeSize>
				<AbsValue val="32"/>
			</EdgeSize>
		</Backdrop>
		<Anchors>
			<Anchor point="CENTER" relativeTo="WorldMapDetailFrame" relativePoint="CENTER">
				<Offset>
					<AbsDimension x="0" y="0"/>
				</Offset>
			</Anchor>
		</Anchors>
		<Layers>
			<Layer level="ARTWORK">
				<Texture name="$parentHeaderTexture" file="Interface\DialogFrame\UI-DialogBox-Header">
					<Size>
						<AbsDimension x="256" y="64"/>
					</Size>
					<Anchors>
						<Anchor point="TOP">
							<Offset>
								<AbsDimension x="0" y="12"/>
							</Offset>
						</Anchor>
					</Anchors>
				</Texture>
				<FontString name="$parentTitleText" inherits="GameFontNormal">
					<Anchors>
						<Anchor point="TOP" relativeTo="$parentHeaderTexture">
							<Offset>
								<AbsDimension x="0" y="-14"/>
							</Offset>
						</Anchor>
					</Anchors>
				</FontString>
				<FontString name="$parentDescription" inherits="GameFontNormal" justifyH="LEFT" text="Only the notes whose name or description contains the filter text will be shown. Lua pattern matching characters can be used in the filter text.">
					<Size>
						<AbsDimension x="345" y="48"/>
					</Size>
					<Anchors>
						<Anchor point="TOPLEFT" relativePoint="TOPLEFT">
							<Offset>
								<AbsDimension x="25" y="-20"/>
							</Offset>
						</Anchor>
					</Anchors>
				</FontString>
				<FontString name="$parentFilterText" inherits="GameFontNormal" text="Filter:">
					<Anchors>
						<Anchor point="TOPLEFT" relativePoint="TOPLEFT">
							<Offset>
								<AbsDimension x="25" y="-90"/>
							</Offset>
						</Anchor>
					</Anchors>
				</FontString>
			</Layer>
		</Layers>
		<Frames>
			<Button name="$parentOkayButton" hidden="false" inherits="GameMenuButtonTemplate">
				<Size>
					<AbsDimension x="80" y="25"/>
				</Size>
				<Anchors>
					<Anchor point="BOTTOMRIGHT" relativePoint="BOTTOM">
						<Offset>
							<AbsDimension x="-10" y="16"/>
						</Offset>
					</Anchor>
				</Anchors>
				<Scripts>
					<OnClick>
						CT_MapMod_FilterWindow_Accept();
					</OnClick>
				</Scripts>
			</Button>
			<Button name="$parentCancelButton" hidden="false" inherits="GameMenuButtonTemplate">
				<Size>
					<AbsDimension x="80" y="25"/>
				</Size>
				<Anchors>
					<Anchor point="BOTTOMLEFT" relativePoint="BOTTOM">
						<Offset>
							<AbsDimension x="10" y="16"/>
						</Offset>
					</Anchor>
				</Anchors>
				<Scripts>
					<OnClick>
						CT_MapMod_FilterWindow_Cancel();
					</OnClick>
				</Scripts>
			</Button>
			<EditBox name="$parentFilterEB" hidden="false" inherits="CT_MapMod_EditBoxTemplate" historyLines="0" letters="250">
				<Size>
					<AbsDimension x="290" y="32"/>
				</Size>
				<Anchors>
					<Anchor point="LEFT" relativePoint="RIGHT" relativeTo="$parentFilterText">
						<Offset>
							<AbsDimension x="15" y="0"/>
						</Offset>
					</Anchor>
				</Anchors>
				<Scripts>
					<OnEnterPressed>
						CT_MapMod_FilterWindow_Accept();
					</OnEnterPressed>
					<OnEscapePressed>
						CT_MapMod_FilterWindow_Cancel();
					</OnEscapePressed>
				</Scripts>
			</EditBox>
		</Frames>
		<Scripts>
			<OnLoad>
				CT_MapMod_FilterWindow_OnLoad(self);
			</OnLoad>
			<OnShow>
				CT_MapMod_FilterWindow_OnShow(self);
			</OnShow>
			<OnHide>
				CT_MapMod_FilterWindow_OnHide(self);
			</OnHide>
		</Scripts>
	</Frame>
	<Frame name="CT_MapMod_EventFrame" parent="UIParent" hidden="false">
		<Scripts>
			<OnLoad>
				self:RegisterEvent("VARIABLES_LOADED");
				self:RegisterEvent("CHAT_MSG_OPENING");
				self:RegisterEvent("UI_ERROR_MESSAGE");
				self:RegisterEvent("PLAYER_ENTERING_WORLD");
				self:RegisterEvent("DISPLAY_SIZE_CHANGED");
				self:RegisterEvent("WORLD_MAP_UPDATE");
			</OnLoad>
			<OnEvent>
				CT_MapMod_EventFrame_OnEvent(self, event, ...);
			</OnEvent>
		</Scripts>
	</Frame>
	<Frame name="CT_MapMod_MapFrame" parent="WorldMapFrame" hidden="false">
		<Anchors>
			<Anchor point="CENTER"/>
		</Anchors>
		<Layers>
			<Layer level="ARTWORK">
				<FontString name="CT_MapMod_CoordPlayer" hidden="false" justifyH="LEFT" inherits="GameFontNormal" text="">
					<Anchors>
						<Anchor point="TOPLEFT" relativeTo="WorldMapPositioningGuide" relativePoint="TOPLEFT">
							<Offset>
								<AbsDimension x="0" y="0"/>
							</Offset>
						</Anchor>
					</Anchors>
				</FontString>
				<FontString name="CT_MapMod_CoordCursor" hidden="false" justifyH="LEFT" inherits="GameFontNormal" text="">
					<Anchors>
						<Anchor point="TOPLEFT" relativeTo="WorldMapPositioningGuide" relativePoint="TOPLEFT">
							<Offset>
								<AbsDimension x="0" y="0"/>
							</Offset>
						</Anchor>
					</Anchors>
				</FontString>
			</Layer>
		</Layers>
		<Frames>
			<Button name="CT_MapMod_MainButton" inherits="UIPanelButtonTemplate" text="Notes">
				<Size>
					<AbsDimension x="70" y="19"/>
				</Size>
				<Anchors>
					<Anchor point="TOPRIGHT" relativeTo="WorldMapPositioningGuide" relativePoint="TOPRIGHT">
						<Offset>
							<AbsDimension x="0" y="0"/>
						</Offset>
					</Anchor>
				</Anchors>
				<Layers>
					<Layer level="ARTWORK">
						<FontString name="CT_NumNotes" hidden="false" justifyH="RIGHT" inherits="GameFontNormal" text="">
							<Anchors>
								<Anchor point="RIGHT" relativeTo="$parent" relativePoint="LEFT">
									<Offset>
										<AbsDimension x="-3" y="0"/>
									</Offset>
								</Anchor>
							</Anchors>
						</FontString>
					</Layer>
				</Layers>
				<Scripts>
					<OnClick>
						CT_MapMod_MainButton_OnClick(self, button);
					</OnClick>
					<OnEnter>
						CT_MapMod_MainButton_OnEnter(self);
					</OnEnter>
					<OnLeave>
						CT_MapMod_MainButton_OnLeave(self);
					</OnLeave>
				</Scripts>
			</Button>
			<Frame name="CT_MapMod_MainMenuDropDown" inherits="UIDropDownMenuTemplate" hidden="true">
				<Size>
					<AbsDimension x="100" y="22"/>
				</Size>
				<Anchors>
					<Anchor point="TOPLEFT" relativeTo="CT_MapMod_MainButton" relativePoint="TOPLEFT">
						<Offset>
							<AbsDimension x="0" y="0"/>
						</Offset>
					</Anchor>
				</Anchors>
				<Scripts>
					<OnLoad>
						CT_MapMod_MainMenu_DropDown_OnLoad(self);
					</OnLoad>
				</Scripts>
			</Frame>
		</Frames>
		<Scripts>
			<OnUpdate>
				CT_MapMod_MapFrame_OnUpdate();
			</OnUpdate>
		</Scripts>
	</Frame>
</Ui>