<Ui xmlns="http://www.blizzard.com/wow/ui/" xmlns:xsi="http://www.w3.org/2001/XMLSchema-instance"
    xsi:schemaLocation="http://www.blizzard.com/wow/ui/ ..\FrameXML\UI.xsd">

    <Script file="AggroNotifier_Localization_enUS.lua" />
    <Script file="AggroNotifier_config.lua" />
    <Script file="AggroNotifier.lua" />

    <Frame name="AggroNotifier_AggroFrameDragger" parent="UIParent" visible="true">
        <Size>
            <AbsDimension x="210" y="22" />
        </Size>

        <Anchors>
            <Anchor point="CENTER"/>
        </Anchors>

        <Backdrop bgFile="Interface\Tooltips\UI-Tooltip-Background" 
            edgeFile="Interface\Tooltips\UI-Tooltip-Border" tile="true">
            <EdgeSize>
                <AbsValue val="12" />
            </EdgeSize>
            <TileSize>
                <AbsValue val="8" />
            </TileSize>
            <BackgroundInsets>
                <AbsInset left="2" right="2" top="2" bottom="2" />
            </BackgroundInsets>
        </Backdrop>
    </Frame>
    
    <Frame name="AggroNotifier_AggroFrame" parent="UIParent" visible="true">
        <Scripts>
            <OnLoad>AggroNotifier_Load();</OnLoad>
            <OnUpdate>AggroNotifier_UpdatePlayer(self, elapsed);</OnUpdate>
            <OnEvent>AggroNotifier_GeneralEventHandler();</OnEvent>
        </Scripts>

        <Size>
            <AbsDimension x="256" y="64" />
        </Size>

        <Anchors>
            <Anchor point="CENTER" />
        </Anchors>

        <Layers>
            <Layer level="OVERLAY">
                <FontString name="AggroNotifier_AggroText" outline="THICK" inherits="GameFontNormal" justifyH="CENTER"
                    text="AGGRO_NOTIFIER_GENERIC_AGGRO_TEXT" hidden="true">
                    <FontHeight>
                        <AbsValue val="28" />
                    </FontHeight>
                </FontString>
            </Layer>
        </Layers>
    </Frame>
    
    <Frame name="AggroNotifier_AggroFrameDraggerPet" parent="UIParent" visible="true">
        <Size>
            <AbsDimension x="210" y="22" />
        </Size>

        <Anchors>
            <Anchor point="CENTER"/>
            <Offset><AbsDimension x="0" y="-200"/></Offset>
        </Anchors>

        <Backdrop bgFile="Interface\Tooltips\UI-Tooltip-Background" 
            edgeFile="Interface\Tooltips\UI-Tooltip-Border" tile="true">
            <EdgeSize>
                <AbsValue val="12" />
            </EdgeSize>
            <TileSize>
                <AbsValue val="8" />
            </TileSize>
            <BackgroundInsets>
                <AbsInset left="2" right="2" top="2" bottom="2" />
            </BackgroundInsets>
        </Backdrop>
    </Frame>
    
    <Frame name="AggroNotifier_AggroFramePet" parent="UIParent" visible="true">
        <Scripts>
            <OnUpdate>AggroNotifier_UpdatePet(self, elapsed);</OnUpdate>
            <OnEvent>AggroNotifier_GeneralEventHandler();</OnEvent>
        </Scripts>

        <Size>
            <AbsDimension x="256" y="64" />
        </Size>

        <Anchors>
            <Anchor point="CENTER" />
            <Offset><AbsDimension x="0" y="-200"/></Offset>
        </Anchors>

        <Layers>
            <Layer level="OVERLAY">
                <FontString name="AggroNotifier_AggroTextPet" outline="THICK" inherits="GameFontNormal" justifyH="CENTER"
                    text="AGGRO_NOTIFIER_GENERIC_PET_AGGRO_TEXT" hidden="true">
                    <FontHeight>
                        <AbsValue val="28" />
                    </FontHeight>
                </FontString>
            </Layer>
        </Layers>
    </Frame>
</Ui>