<Ui xmlns="http://www.blizzard.com/wow/ui" xmlns:xsi="http://www.w3.org/2001/XMLSchema-instance">

	<Script file="VuhDoNewOptionsBuffs.lua" />

	<Frame name="VuhDoNewOptionsBuffsTemplate" virtual="true">
		<Frames>

			<Frame name="$parentRadioPanel">
				<Size>
					<AbsDimension x="115" y="231" />
				</Size>
				<Anchors>
					<Anchor point="TOPRIGHT" relativePoint="TOPRIGHT">
						<Offset>
							<AbsDimension x="0" y="-10" />
						</Offset>
					</Anchor>
				</Anchors>
				<Frames>

					<CheckButton name="$parentConfigRadioButton" checked="true" text="VUHDO_I18N_CONFIG" inherits="VuhDoRadioButtonTemplate">
						<Anchors>
							<Anchor point="TOPLEFT">
								<Offset>
									<AbsDimension x="3" y="-3" />
								</Offset>
							</Anchor>
						</Anchors>
						<Scripts>
							<OnClick>
								VUHDO_newOptionsBuffsConfigClicked(self);
								VUHDO_lnfRadioButtonClicked(self);
							</OnClick>
							<OnLoad>
								VUHDO_lnfCheckButtonOnLoad(self);
								VUHDO_lnfSetTooltip(self, VUHDO_I18N_TT.K001);
							</OnLoad>
						</Scripts>
					</CheckButton>

					<CheckButton name="$parentOptionsGeneralRadioButton" text="VUHDO_I18N_GENERAL" inherits="VuhDoRadioButtonTemplate">
						<Anchors>
							<Anchor point="TOPLEFT">
								<Offset>
									<AbsDimension x="3" y="-41" />
								</Offset>
							</Anchor>
						</Anchors>
						<Scripts>
							<OnClick>
								VUHDO_newOptionsBuffsGeneralClicked(self);
								VUHDO_lnfRadioButtonClicked(self);
							</OnClick>
							<OnLoad>
								VUHDO_lnfCheckButtonOnLoad(self);
								VUHDO_lnfSetTooltip(self, VUHDO_I18N_TT.K002);
							</OnLoad>
						</Scripts>
					</CheckButton>

					<CheckButton name="$parentOptionsColorsRadioButton" text="VUHDO_I18N_COLORS" inherits="VuhDoRadioButtonTemplate">
						<Anchors>
							<Anchor point="TOPLEFT">
								<Offset>
									<AbsDimension x="3" y="-79" />
								</Offset>
							</Anchor>
						</Anchors>
						<Scripts>
							<OnClick>
								VUHDO_newOptionsBuffsColorsClicked(self);
								VUHDO_lnfRadioButtonClicked(self);
							</OnClick>
							<OnLoad>
								VUHDO_lnfCheckButtonOnLoad(self);
								VUHDO_lnfSetTooltip(self, VUHDO_I18N_TT.K003);
							</OnLoad>
						</Scripts>
					</CheckButton>

					<CheckButton name="$parentOptionsRebuffRadioButton" text="VUHDO_I18N_REBUFF" inherits="VuhDoRadioButtonTemplate">
						<Anchors>
							<Anchor point="TOPLEFT">
								<Offset>
									<AbsDimension x="3" y="-117" />
								</Offset>
							</Anchor>
						</Anchors>
						<Scripts>
							<OnClick>
								VUHDO_newOptionsBuffsRebuffClicked(self);
								VUHDO_lnfRadioButtonClicked(self);
							</OnClick>
							<OnLoad>
								VUHDO_lnfCheckButtonOnLoad(self);
								VUHDO_lnfSetTooltip(self, VUHDO_I18N_TT.K004);
							</OnLoad>
						</Scripts>
					</CheckButton>
				</Frames>
			</Frame>

			<Frame name="$parentContentPanel">
				<Size>
					<AbsDimension x="428" y="345" />
				</Size>
				<Anchors>
					<Anchor point="TOPLEFT">
						<Offset>
							<AbsDimension x="0" y="0" />
						</Offset>
					</Anchor>
				</Anchors>
				<Frames>
					<Frame name="VuhDoNewOptionsBuffsGeneric" setAllPoints="true" inherits="VuhDoNewOptionsBuffsGenericTemplate">
					</Frame>
					<Frame name="VuhDoNewOptionsBuffsAppearance" hidden="true" setAllPoints="true" inherits="VuhDoNewOptionsBuffsAppearanceTemplate">
					</Frame>
					<Frame name="VuhDoNewOptionsBuffsColors" hidden="true" setAllPoints="true" inherits="VuhDoNewOptionsBuffsColorsTemplate">
					</Frame>
					<Frame name="VuhDoNewOptionsBuffsRebuff" hidden="true" setAllPoints="true" inherits="VuhDoNewOptionsBuffsRebuffTemplate">
					</Frame>
				</Frames>
			</Frame>
		</Frames>
	</Frame>
</Ui>
