<Ui xmlns="http://www.blizzard.com/wow/ui/" xmlns:xsi="http://www.w3.org/2001/XMLSchema-instance" xsi:schemaLocation="http://www.blizzard.com/wow/ui/">

<Script file="lua\main.lua"/>
<Script file="lua\textArray.lua"/>
<Script file="lua\variables.lua"/>
<Script file="lua\options.lua"/>
<Script file="frames\options.lua"/>
<Script file="frames\alertIcons.lua"/>

<Script file="alerts\deathknight.lua"/>
<Script file="alerts\druid.lua"/>
<Script file="alerts\hunter.lua"/>
<Script file="alerts\mage.lua"/>
<Script file="alerts\other.lua"/>
<Script file="alerts\paladin.lua"/>
<Script file="alerts\priest.lua"/>
<Script file="alerts\rogue.lua"/>
<Script file="alerts\shaman.lua"/>
<Script file="alerts\warlock.lua"/>
<Script file="alerts\warrior.lua"/>

<Frame name="EA_Main_Frame" frameStrata="DIALOG" toplevel="true" visible="true" parent="UIParent">
	<Size>
		<AbsDimension x="1" y="1" />
	</Size>
	<Scripts>
		<OnLoad>
	        EventAlert_OnLoad(self);
        </OnLoad>

  		<OnEvent function="EventAlert_OnEvent"/>
	</Scripts>
</Frame>
</Ui>