<Ui xmlns="http://www.blizzard.com/wow/ui/" xmlns:xsi="http://www.w3.org/2001/XMLSchema-instance" xsi:schemaLocation="http://www.blizzard.com/wow/ui/
..\FrameXML\UI.xsd">

<Script file="localization.en.lua"/>
<Script file="localization.de.lua"/>
<Script file="localization.es.lua"/>
<Script file="localization.fr.lua"/>
<Script file="localization.tw.lua"/>
<Script file="XBar.lua"/>

<Font name="XBarButtonFont" inherits="NumberFontNormal" outline="NORMAL" virtual="true">
	<Color r="1.0" g="1.0" b="1.0" a="0.5"/>
</Font>

<CheckButton name="XBarButtonBaseTemplate" inherits="SecureHandlerStateTemplate,SecureActionButtonTemplate" virtual="true" hidden="true" id="0">
	<Size>
		<AbsDimension x="28" y="28"/>
	</Size>
	<Layers>
		<Layer level="BACKGROUND">
			<Texture name="$parentIcon" alphaMode="BLEND"/>
		</Layer>
	</Layers>
	<Scripts>
		<OnLoad>
			this:RegisterForClicks("AnyUp");
		</OnLoad>
		<OnEnter>
			XBarCore.SetTooltip();
		</OnEnter>
		<OnLeave>
			GameTooltip:Hide();
		</OnLeave>
		<OnMouseDown>
			securecall(XBarCore.OnMouseDown);
		</OnMouseDown>
		<OnMouseUp>
			securecall(XBarCore.OnMouseUp);
		</OnMouseUp>
	</Scripts>
</CheckButton>
<CheckButton name="XBarButtonTemplate" inherits="XBarButtonBaseTemplate" virtual="true" hidden="true" id="0">
	<Layers>
		<Layer level="ARTWORK">
			<FontString name="$parentCount" inherits="XBarButtonFont" justifyH="RIGHT">
				<Anchors>
					<Anchor point="CENTER"/>
				</Anchors>
			</FontString>
			<FontString name="$parentHotKey" inherits="NumberFontNormalSmall" justifyH="RIGHT">
				<Size>
					<AbsDimension x="28" y="10"/>
				</Size>
				<Anchors>
					<Anchor point="TOPLEFT">
						<Offset>
							<AbsDimension x="0" y="0"/>
						</Offset>
					</Anchor>
				</Anchors>
			</FontString>
		</Layer>
		<Layer level="OVERLAY">
			<Texture name="$parentAutoCastable" file="Interface\Buttons\UI-AutoCastableOverlay" hidden="true">
				<Size>
					<AbsDimension x="58" y="58"/>
				</Size>
				<Anchors>
					<Anchor point="CENTER">
						<Offset>
							<AbsDimension x="0" y="0"/>
						</Offset>
					</Anchor>
				</Anchors>
			</Texture>		
		</Layer>
	</Layers>
	<Frames>
		<Frame name="$parentAutoCast" inherits="AutoCastShineTemplate">
			<Anchors>
				<Anchor point="CENTER">
					<Offset>
						<AbsDimension x="0" y="0"/>
					</Offset>
				</Anchor>
			</Anchors>
			<Size>
				<AbsDimension x="28" y="28"/>
			</Size>
		</Frame>
		<Cooldown name="$parentCooldown" inherits="CooldownFrameTemplate"/>
	</Frames>
	<NormalTexture name="$parentNormalTexture" file="">
		<Size>
			<AbsDimension x="58" y="58"/>
		</Size>
		<Anchors>
			<Anchor point="CENTER">
				<Offset>
					<AbsDimension x="0" y="-1"/>
				</Offset>
			</Anchor>
		</Anchors>
	</NormalTexture>
	<PushedTexture file="Interface\Buttons\UI-Quickslot-Depress"/>
	<HighlightTexture alphaMode="ADD" file="Interface\Buttons\ButtonHilight-Square"/>
</CheckButton>
<Frame name="XBarTemplate" inherits="SecureHandlerStateTemplate" toplevel="true" parent="UIParent" movable="true" virtual="true" hidden="true">
	<Size>
		<AbsDimension x="50" y="50"/>
	</Size>
	<Anchors>
		<Anchor point="CENTER"/>
	</Anchors>
	<Scripts>
		<OnShow>
			XBarCore.UpdateToggle(this:GetName());
		</OnShow>
		<OnHide>
			XBarCore.UpdateToggle(this:GetName());
		</OnHide>
		<OnUpdate>
			XBarCore.RangeTimer(this:GetName(),elapsed)
		</OnUpdate>
	</Scripts>
</Frame>
<Frame name="XBar" hidden="true">
	<Size>
		<AbsDimension x="0" y="0"/>
	</Size>
	<Scripts>
		<OnLoad>
			XBarLoader.OnLoad();
		</OnLoad>
		<OnEvent>
			XBarLoader.OnEvent();
		</OnEvent>
	</Scripts>
</Frame>

<Frame name="XBarOptionsGUI">
	<Layers>
		<Layer level="ARTWORK">
			<FontString name="$parentTitle" text="BINDING_NAME_XBAR_CONFIG" inherits="GameFontNormalLarge" justifyH="LEFT" justifyV="TOP">
				<Anchors>
					<Anchor point="TOPLEFT">
						<Offset>
							<AbsDimension x="16" y="-16"/>
						</Offset>
					</Anchor>
				</Anchors>
			</FontString>
			<FontString name="$parentSubText" text="XBAR_PLACEHOLDER" inherits="GameFontHighlightSmall" nonspacewrap="true" maxLines="3" justifyH="LEFT" justifyV="TOP">
				<Size>
					<AbsDimension y="32" x="0"/>
				</Size>
				<Anchors>
					<Anchor point="TOPLEFT" relativeTo="$parentTitle" relativePoint="BOTTOMLEFT">
						<Offset>
							<AbsDimension x="0" y="-8"/>
						</Offset>
					</Anchor>
					<Anchor point="RIGHT">
						<Offset>
							<AbsDimension x="-32" y="0"/>
						</Offset>
					</Anchor>
				</Anchors>
			</FontString>
		</Layer>
	</Layers>
	<Scripts>
		<OnLoad>
			XBarConfigGUI.OnLoad();
		</OnLoad>
	</Scripts>
	<Frames>
		<Button name="$parentXBar" inherits="UIPanelButtonTemplate" text="BINDING_NAME_XBAR_CONFIG">
			<Size>
				<AbsDimension x="96" y="32"/>
			</Size>
			<Anchors>
				<Anchor point="TOPRIGHT" relativeTo="$parentSubText" relativePoint="BOTTOMRIGHT">
					<Offset>
						<AbsDimension x="-48" y="-12"/>
					</Offset>
				</Anchor>
			</Anchors>
			<Scripts>
				<OnClick>
					PlaySound("gsTitleOptionOK");
					XBarConfig:Show();
				</OnClick>
			</Scripts>
			<NormalFont inherits="GameFontNormalSmall"/>
			<HighlightFont inherits="GameFontHighlightSmall"/>				
		</Button>
	</Frames>
</Frame>
</Ui>