<Ui xmlns="http://www.blizzard.com/wow/ui/" xmlns:xsi="http://www.w3.org/2001/XMLSchema-instance" xsi:schemaLocation="http://www.blizzard.com/wow/ui/
..\FrameXML\UI.xsd">
	<Script file="TitanCoords.lua"/>
	<Frame parent="UIParent">
		<Frames>
			<Button name="TitanPanelCoordsButton" inherits="TitanPanelComboTemplate" frameStrata="FULLSCREEN" toplevel="true">
				<Scripts>
					<OnLoad>
						TitanPanelCoordsButton_OnLoad(self);
						TitanPanelButton_OnLoad(self);
					</OnLoad>
					<OnShow>
						TitanPanelCoordsButton_OnShow();
						TitanPanelButton_OnShow(self);
					</OnShow>
					<OnHide>
					TitanPanelCoordsButton_OnHide();
					</OnHide>
					<OnEvent>
						TitanPanelCoordsButton_OnEvent(self, event, ...);
					</OnEvent>
					<OnClick>
						TitanPanelCoordsButton_OnClick(self, button);
						TitanPanelButton_OnClick(self, button);
					</OnClick>
				</Scripts>
			</Button>
		</Frames>
	</Frame>			
	<Frame name="TitanMapFrame" parent="WorldMapFrame">
		<Layers>
			<Layer level="ARTWORK">
				<FontString name="TitanMapPlayerCoords" inherits="GameFontNormal" justifyH="LEFT">
					<Anchors>
						<Anchor point="BOTTOMLEFT" relativeTo="WorldMapFrame" relativePoint="BOTTOMLEFT">
							<Offset>
								<AbsDimension x="10" y="0"/>
							</Offset>
						</Anchor>
					</Anchors>
				</FontString>
				<FontString name="TitanMapCursorCoords" inherits="GameFontNormal" justifyH="LEFT">
					<Anchors>
						<Anchor point="LEFT" relativeTo="TitanMapPlayerCoords" relativePoint="RIGHT">
							<Offset>
								<AbsDimension x="20" y="0"/>
							</Offset>
						</Anchor>
					</Anchors>
				</FontString>
			</Layer>
		</Layers>
		<Scripts>
			<OnUpdate>
				TitanMapFrame_OnUpdate(self, elapsed);
			</OnUpdate>
		</Scripts>
	</Frame>
</Ui>