<Ui xmlns="http://www.blizzard.com/wow/ui/" xmlns:xsi="http://www.w3.org/2001/XMLSchema-instance" xsi:schemaLocation="http://www.blizzard.com/wow/ui/
..\FrameXML\UI.xsd">
	<Script file="TitanRegen.lua"/>
	<Frame parent="UIParent">
		<Frames>
			<Button name="TitanPanelTitanRegenButton" inherits="TitanPanelTextTemplate" frameStrata="FULLSCREEN" toplevel="true">
				<Scripts>
					<OnLoad>
						TitanPanelTitanRegenButton_OnLoad();
						TitanPanelButton_OnLoad();
					</OnLoad>
					<OnEvent>
						TitanPanelTitanRegenButton_OnEvent();
					</OnEvent>
				</Scripts>
			</Button>
		</Frames>
	</Frame>		
</Ui>