<Ui xmlns="http://www.blizzard.com/wow/ui/" xmlns:xsi="http://www.w3.org/2001/XMLSchema-instance" xsi:schemaLocation="http://www.blizzard.com/wow/ui/
..\FrameXML\UI.xsd">

<Script file="libs\LibStub-1.0\LibStub.lua"/>
<Script file="libs\LibRangeCheck-2.0\LibRangeCheck-2.0.lua"/>

<Include file="libs\CallbackHandler-1.0\CallbackHandler-1.0.xml"/>
<Include file="libs\Ace3\AceAddon-3.0\AceAddon-3.0.xml"/>
<Include file="libs\Ace3\AceGUI-3.0\AceGUI-3.0.xml"/>
<Include file="libs\Ace3\AceEvent-3.0\AceEvent-3.0.xml"/>
<Include file="libs\Ace3\AceConfig-3.0\AceConfig-3.0.xml"/>
<Include file="libs\Ace3\AceConsole-3.0\AceConsole-3.0.xml"/>
<Include file="libs\Ace3\AceDB-3.0\AceDB-3.0.xml"/>
<Include file="libs\Ace3\AceDBOptions-3.0\AceDBOptions-3.0.xml"/>
<Include file="libs\Ace3\AceLocale-3.0\AceLocale-3.0.xml"/>
<Include file="libs\Ace3\AceTab-3.0\AceTab-3.0.xml"/>

</Ui>

