<Ui xmlns="http://www.blizzard.com/wow/ui/" xmlns:xsi="http://www.w3.org/2001/XMLSchema-instance" xsi:schemaLocation="http://www.blizzard.com/wow/ui/
..\FrameXML\UI.xsd">

	<Button name="ALUF_BossFrameTemplate" frameStrata="LOW" toplevel="true" inherits="SecureUnitButtonTemplate" virtual="true">
		<Size>
			<AbsDimension x="158" y="69" />
		</Size>
		<Layers>
			<Layer level="BACKGROUND">
				<Texture name="$parentBackground">
					<Size>
						<AbsDimension x="148" y="49" />
					</Size>
					<Anchors>
						<Anchor point="TOPRIGHT">
							<Offset>
								<AbsDimension x="-6" y="-15" />
							</Offset>
						</Anchor>
					</Anchors>
					<Color r="0" g="0" b="0" a="0.5"/>
				</Texture>
			</Layer>
			<Layer level="ARTWORK">
				<Texture name="$parentAbsorbBar" inherits="ArenaLive_AbsorbBarTemplate" />
			</Layer>
			<Layer level="OVERLAY" textureSubLevel="1">
				<Texture name="$parentHealPredictionBar" inherits="ArenaLive_HealPredictionBar" />
			</Layer>
			<Layer level="OVERLAY" textureSubLevel="2">
				<Texture name="$parentAbsorbBarOverlay" inherits="ArenaLive_AbsorbBarOverlayTemplate" />
				<Texture name="$parentAbsorbBarFullHPIndicator" inherits="ArenaLive_AbsorbFullHPIndicator" />
			</Layer>
		</Layers>
		<Frames>
			<!-- We need to nest the frame so many times because of the FrameLevel. -->
			<Frame setAllPoints="true">
				<Frames>
					<Frame setAllPoints="true">
						<Frames>
							<Frame setAllPoints="true">
								<Layers>
									<Layer level="BACKGROUND">
										<Texture name="$parentBorder" file="Interface\AddOns\ArenaLive\Textures\BossFrame">
											<Size>
												<AbsDimension x="158" y="59" />
											</Size>
											<Anchors>
												<Anchor point="TOPLEFT">
													<Offset>
														<AbsDimension x="0" y="-10" />
													</Offset>
												</Anchor>
											</Anchors>
											<TexCoords left="0.19140625" right="0.80859375" top="0.03125" bottom="0.953125"/>
										</Texture>
										<FontString name="$parentHealthBarText" inherits="ArenaLiveFont_StatusBarTextSmall">
											<Size>
												<AbsDimension x="96" y="30" />
											</Size>
											<Anchors>
												<Anchor point="TOPRIGHT">
													<Offset>
														<AbsDimension x="-56" y="-15" />
													</Offset>
												</Anchor>
											</Anchors>
										</FontString>
										<FontString name="$parentPowerBarText" inherits="ArenaLiveFont_StatusBarTextSmall">
											<Size>
												<AbsDimension x="96" y="13" />
											</Size>
											<Anchors>
												<Anchor point="TOPRIGHT">
													<Offset>
														<AbsDimension x="-56" y="-48" />
													</Offset>
												</Anchor>
											</Anchors>
										</FontString>
									</Layer>
									<Layer level="OVERLAY" textureSubLevel="1">
										<Texture name="$parentTargetIndicator" file="Interface\AddOns\ArenaLive\Textures\smallFrameTargetIndicator" hidden="true">
											<Size>
												<AbsDimension x="158" y="57" />
											</Size>
											<Anchors>
												<Anchor point="CENTER">
													<Offset>
														<AbsDimension x="-1" y="-3" />
													</Offset>
												</Anchor>
											</Anchors>
											<TexCoords left="0.84765625" right="0.1484375" top="0.046875" bottom="0.9375"/>
										</Texture>									
									</Layer>
									<Layer level="OVERLAY" textureSubLevel="2">
										<FontString name="$parentName" inherits="ArenaLiveFont_NameSmall">
											<Size>
												<!-- I don't define X here, because the width of the frame needs to be dynamic. -->
												<AbsDimension y="12" />
											</Size>
										
											<Anchors>
												<Anchor point="TOPRIGHT">
													<Offset>
														<AbsDimension x="-5" y="0" />
													</Offset>										
												</Anchor>
											</Anchors>
										</FontString>
									</Layer>
								</Layers>
							</Frame>
						</Frames>
					</Frame>
				</Frames>
			</Frame>
			<Frame name="$parentPortrait" inherits="ArenaLive_PortraitTemplate">
				<Size>
					<AbsDimension x="48" y="48" />
				</Size>
				<Anchors>
					<Anchor point="TOPRIGHT">
						<Offset>
							<AbsDimension x="-6" y="-13" />
						</Offset>
					</Anchor>
				</Anchors>	
			</Frame>
			<Frame name="$parentPortraitOverlay" inherits="ArenaLive_CCIndicatorTemplate">
				<Size>
					<AbsDimension x="48" y="48" />
				</Size>
				`<Anchors>
					<Anchor point="CENTER" relativeTo="$parentPortrait" />
				</Anchors>
				<Scripts>
					<OnLoad>
						local frameLevel = self:GetFrameLevel() + 1;
						self:SetFrameLevel(frameLevel);
					</OnLoad>
				</Scripts>
			</Frame>
			<StatusBar name="$parentHealthBar" reverseFill="true">
				<Size>
					<AbsDimension x="96" y="30" />
				</Size>
				<Anchors>
					<Anchor point="TOPRIGHT">
						<Offset>
							<AbsDimension x="-56" y="-15" />
						</Offset>
					</Anchor>
				</Anchors>
				<BarTexture file="Interface\TargetingFrame\UI-StatusBar"/>
				<BarColor r="0" g="1.0" b="0"/>
			</StatusBar>
			<StatusBar name="$parentPowerBar" reverseFill="true">
				<Size>
					<AbsDimension x="96" y="13" />
				</Size>
				<Anchors>
					<Anchor point="TOPRIGHT">
						<Offset>
							<AbsDimension x="-56" y="-48" />
						</Offset>
					</Anchor>
				</Anchors>
				<BarTexture file="Interface\TargetingFrame\UI-StatusBar"/>
				<BarColor r="0" g="0" b="1.0"/>
			</StatusBar>
			<StatusBar name="$parentCastBar" inherits="ALUF_ShortCastBarTemplateReverse">
				<Anchors>
					<Anchor point="TOPRIGHT" relativePoint="TOPLEFT">
						<Offset>
							<AbsDimension x="-25" y="-14" />
						</Offset>
					</Anchor>
				</Anchors>
			</StatusBar>
			<Frame name="$parentCastHistory">
				<Size>
					<AbsDimension x="105" y="29" />
				</Size>
				<Anchors>
					<Anchor point="TOPRIGHT" relativeTo="$parentCastBarBorder" relativePoint="BOTTOMRIGHT">
						<Offset>
							<AbsDimension x="-2" y="2" />
						</Offset>
					</Anchor>
				</Anchors>
			</Frame>
		</Frames>
	</Button>	

	<Frame name="ALUF_BossFrames" movable="true" inherits="SecureFrameTemplate, SecureHandlerBaseTemplate" parent="ArenaLiveUnitFrames" hidden="false">
		<Size>
			<AbsDimension x="306" y="1" />
		</Size>
		<Anchors>
			<Anchor point="TOPRIGHT">
				<Offset>
					<AbsDimension x="-200" y="-100" />
				</Offset>
			</Anchor>
		</Anchors>
		<Frames>
			<Button name="$parentMover" inherits="ArenaLive_FrameMoverTemplate" />
			<Button name="ALUF_BossFrame1" inherits="ALUF_BossFrameTemplate" id="1" >
				<Anchors>
					<Anchor point="TOP">
						<Offset>
							<AbsDimension x="0" y="-12" />
						</Offset>
					</Anchor>
				</Anchors>
			</Button>
			<Button name="ALUF_BossFrame2" inherits="ALUF_BossFrameTemplate" id="2" >
				<Anchors>
					<Anchor point="TOP" relativeTo="ALUF_BossFrame1" relativePoint="BOTTOM">
						<Offset>
							<AbsDimension x="0" y="-12" />
						</Offset>
					</Anchor>
				</Anchors>
			</Button>
			<Button name="ALUF_BossFrame3" inherits="ALUF_BossFrameTemplate" id="3" >
				<Anchors>
					<Anchor point="TOP" relativeTo="ALUF_BossFrame2" relativePoint="BOTTOM">
						<Offset>
							<AbsDimension x="0" y="-12" />
						</Offset>
					</Anchor>
				</Anchors>
			</Button>
			<Button name="ALUF_BossFrame4" inherits="ALUF_BossFrameTemplate" id="4" >
				<Anchors>
					<Anchor point="TOP" relativeTo="ALUF_BossFrame3" relativePoint="BOTTOM">
						<Offset>
							<AbsDimension x="0" y="-12" />
						</Offset>
					</Anchor>
				</Anchors>
			</Button>
			<Button name="ALUF_BossFrame5" inherits="ALUF_BossFrameTemplate" id="5" >
				<Anchors>
					<Anchor point="TOP" relativeTo="ALUF_BossFrame4" relativePoint="BOTTOM">
						<Offset>
							<AbsDimension x="0" y="-12" />
						</Offset>
					</Anchor>
				</Anchors>
			</Button>
		</Frames>
	</Frame>	
	
	<Script File="BossFrames.lua" />
</Ui>