<Ui xmlns="http://www.blizzard.com/wow/ui/" xmlns:xsi="http://www.w3.org/2001/XMLSchema-instance" xsi:schemaLocation="http://www.blizzard.com/wow/ui/
..\FrameXML\UI.xsd">

	<StatusBar name="ALUF_LongCastBarTemplate" drawLayer="BORDER" hidden="true" virtual="true">
		<Size>
			<AbsDimension x="173" y="18" />
		</Size>
		<Layers>
			<Layer level="BACKGROUND">
				<Texture>
					<Color r="0" g="0" b="0" a="0.5"/>
				</Texture>		
			</Layer>
			<Layer level="ARTWORK">
				<FontString name="$parentText" setAllPoints="true" inherits="ArenaLiveFont_StatusBarText" />
				<Texture name="$parentIcon" file="Interface\Icons\INV_Misc_QuestionMark">
					<Size>
						<AbsDimension x="18" y="18"/>
					</Size>
					<Anchors>
						<Anchor point="RIGHT" relativeTo="$parent" relativePoint="LEFT" />
					</Anchors>
				</Texture>
			</Layer>
			<Layer level="OVERLAY">
				<Texture name="$parentBorder" file="Interface\AddOns\ArenaLive\Textures\CastBarLong" parentKey="border">
					<Size>
						<AbsDimension x="198" y="24" />
					</Size>
					<Anchors>
						<Anchor point="TOPLEFT">
							<Offset>
								<AbsDimension x="-20" y="2" />
							</Offset>
						</Anchor>
					</Anchors>
					<TexCoords left="0.1171875" right="0.890625" top="0.15625" bottom="0.90625"/>
				</Texture>
				<Texture name="$parentBorderShieldGlow" file="Interface\AddOns\ArenaLive\Textures\CastBarLongShieldedGlow" alphaMode="ADD" hidden="true">
					<Size>
						<AbsDimension x="208" y="33" />			
					</Size>
					<Anchors>
						<Anchor point="TOPLEFT">
							<Offset>
								<AbsDimension x="-26" y="7" />
							</Offset>
						</Anchor>
					</Anchors>
					<TexCoords left="0.0898" right="0.8984" top="0.2344" bottom="0.75"/>					
				</Texture>
			</Layer>
		</Layers>
		
		<BarTexture file="Interface\TargetingFrame\UI-StatusBar"/>
		<BarColor r="1.0" g="0.7" b="0.0"/>
		<Animations>
			<AnimationGroup name="$parentAnimationGroup">
				<Alpha name="$parentFadeOutAnimation" change="-1" duration="0.5" startDelay="0" order="1" />
				<Scripts>
					<OnStop>
						self:GetParent():Hide();
					</OnStop>
					<OnFinished>
						self:GetParent():Hide();
					</OnFinished>
				</Scripts>
			</AnimationGroup>
		</Animations>
	</StatusBar>

	
	<StatusBar name="ALUF_LongCastBarTemplateReverse" drawLayer="BORDER" hidden="true" virtual="true">
		<Size>
			<AbsDimension x="173" y="18" />
		</Size>
		<Layers>
			<Layer level="BACKGROUND">
				<Texture>
					<Color r="0" g="0" b="0" a="0.5"/>
				</Texture>		
			</Layer>
			<Layer level="ARTWORK">
				<FontString name="$parentText" setAllPoints="true" inherits="ArenaLiveFont_StatusBarText" />
				<Texture name="$parentIcon" file="Interface\Icons\INV_Misc_QuestionMark">
					<Size>
						<AbsDimension x="18" y="18"/>
					</Size>
					<Anchors>
						<Anchor point="LEFT" relativeTo="$parent" relativePoint="RIGHT" />
					</Anchors>
				</Texture>
			</Layer>
			<Layer level="OVERLAY">
				<Texture name="$parentBorder" file="Interface\AddOns\ArenaLive\Textures\CastBarLong" parentKey="border">
					<Size>
						<AbsDimension x="198" y="24" />
					</Size>
					<Anchors>
						<Anchor point="TOPRIGHT">
							<Offset>
								<AbsDimension x="20" y="2" />
							</Offset>
						</Anchor>
					</Anchors>
					<TexCoords left="0.890625" right="0.1171875" top="0.15625" bottom="0.90625"/>
				</Texture>
				<Texture name="$parentBorderShieldGlow" file="Interface\AddOns\ArenaLive\Textures\CastBarLongShieldedGlow" alphaMode="ADD" hidden="true">
					<Size>
						<AbsDimension x="208" y="33" />			
					</Size>
					<Anchors>
						<Anchor point="TOPRIGHT">
							<Offset>
								<AbsDimension x="26" y="7" />
							</Offset>
						</Anchor>
					</Anchors>
					<TexCoords left="0.8984" right="0.0898" top="0.2344" bottom="0.75"/>					
				</Texture>
			</Layer>
		</Layers>
		
		<BarTexture file="Interface\TargetingFrame\UI-StatusBar"/>
		<BarColor r="1.0" g="0.7" b="0.0"/>
	</StatusBar>

	<StatusBar name="ALUF_ShortCastBarTemplate" drawLayer="BORDER" hidden="true" virtual="true">
		<Size>
			<AbsDimension x="74" y="24" />
		</Size>
		<Layers>
			<Layer level="BACKGROUND">
				<Texture>
					<Color r="0" g="0" b="0" a="0.5"/>
				</Texture>		
			</Layer>
			<Layer level="ARTWORK">
				<FontString name="$parentText" setAllPoints="true" inherits="ArenaLiveFont_StatusBarTextSmall" />
				<Texture name="$parentIcon" file="Interface\Icons\INV_Misc_QuestionMark">
					<Size>
						<AbsDimension x="25" y="25"/>
					</Size>
					<Anchors>
						<Anchor point="RIGHT" relativeTo="$parent" relativePoint="LEFT" />
					</Anchors>
				</Texture>
			</Layer>
			<Layer level="OVERLAY">
				<Texture name="$parentBorder" file="Interface\AddOns\ArenaLive\Textures\CastBarShort" parentKey="border">
					<Size>
						<AbsDimension x="105" y="29" />
					</Size>
					<Anchors>
						<Anchor point="TOPLEFT">
							<Offset>
								<AbsDimension x="-26" y="2" />
							</Offset>
						</Anchor>
					</Anchors>
					<TexCoords left="0.0859375" right="0.90625" top="0.03125" bottom="0.9375"/>
				</Texture>
				<Texture name="$parentBorderShieldGlow" file="Interface\AddOns\ArenaLive\Textures\CastBarShortShieldedGlow" hidden="true" alphaMode="ADD">
					<Size>
						<AbsDimension x="112" y="36" />			
					</Size>
					<Anchors>
						<Anchor point="TOPLEFT">
							<Offset>
								<AbsDimension x="-30" y="6" />
							</Offset>
						</Anchor>
					</Anchors>
					<TexCoords left="0.0625" right="0.9375" top="0.21875" bottom="0.78125"/>					
				</Texture>
			</Layer>
		</Layers>
		
		<BarTexture file="Interface\TargetingFrame\UI-StatusBar"/>
		<BarColor r="1.0" g="0.7" b="0.0"/>
		<Animations>
			<AnimationGroup name="$parentAnimationGroup">
				<Alpha name="$parentFadeOutAnimation" change="-1" duration="0.5" startDelay="0" order="1" />
				<Scripts>
					<OnStop>
						self:GetParent():Hide();
					</OnStop>
					<OnFinished>
						self:GetParent():Hide();
					</OnFinished>
				</Scripts>
			</AnimationGroup>
		</Animations>
	</StatusBar>
	
	<StatusBar name="ALUF_ShortCastBarTemplateReverse" drawLayer="BORDER" reverseFill="true" hidden="true" virtual="true">
		<Size>
			<AbsDimension x="74" y="24" />
		</Size>
		<Layers>
			<Layer level="BACKGROUND">
				<Texture>
					<Color r="0" g="0" b="0" a="0.5"/>
				</Texture>		
			</Layer>
			<Layer level="ARTWORK">
				<FontString name="$parentText" setAllPoints="true" inherits="ArenaLiveFont_StatusBarTextSmall" />
				<Texture name="$parentIcon" file="Interface\Icons\INV_Misc_QuestionMark">
					<Size>
						<AbsDimension x="25" y="25"/>
					</Size>
					<Anchors>
						<Anchor point="LEFT" relativeTo="$parent" relativePoint="RIGHT" />
					</Anchors>
				</Texture>
			</Layer>
			<Layer level="OVERLAY">
				<Texture name="$parentBorder" file="Interface\AddOns\ArenaLive\Textures\CastBarShort" parentKey="border">
					<Size>
						<AbsDimension x="105" y="29" />
					</Size>
					<Anchors>
						<Anchor point="TOPRIGHT">
							<Offset>
								<AbsDimension x="26" y="2" />
							</Offset>
						</Anchor>
					</Anchors>
					<TexCoords left="0.90625" right="0.0859375" top="0.03125" bottom="0.9375"/>
				</Texture>
				<Texture name="$parentBorderShieldGlow" file="Interface\AddOns\ArenaLive\Textures\CastBarShortShieldedGlow" hidden="true" alphaMode="ADD">
					<Size>
						<AbsDimension x="112" y="36" />			
					</Size>
					<Anchors>
						<Anchor point="TOPRIGHT">
							<Offset>
								<AbsDimension x="30" y="6" />
							</Offset>
						</Anchor>
					</Anchors>
					<TexCoords left="0.9375" right="0.0625" top="0.21875" bottom="0.78125"/>					
				</Texture>
			</Layer>
		</Layers>
		
		<BarTexture file="Interface\TargetingFrame\UI-StatusBar"/>
		<BarColor r="1.0" g="0.7" b="0.0"/>
		<Animations>
			<AnimationGroup name="$parentAnimationGroup">
				<Alpha name="$parentFadeOutAnimation" change="-1" duration="0.5" startDelay="0" order="1" />
				<Scripts>
					<OnStop>
						self:GetParent():Hide();
					</OnStop>
					<OnFinished>
						self:GetParent():Hide();
					</OnFinished>
				</Scripts>
			</AnimationGroup>
		</Animations>
	</StatusBar>
</Ui>