<Ui xmlns="http://www.blizzard.com/wow/ui/" xmlns:xsi="http://www.w3.org/2001/XMLSchema-instance" xsi:schemaLocation="http://www.blizzard.com/wow/ui/
..\FrameXML\UI.xsd">
	
	<Script File="CCIndicator.lua" />
	
	<Frame name="ArenaLive_CCIndicatorTemplate" enableMouse="false" virtual="true">
		<Layers>
			<Layer level="OVERLAY">
				<Texture name="$parentIcon" />
			</Layer>
		</Layers>
		<Frames>
			<Cooldown name="$parentCooldown" inherits="ArenaLive_CooldownTemplate" setAllPoints="true" />
		</Frames>
	</Frame>
</Ui>