<Ui xmlns="http://www.blizzard.com/wow/ui/" xmlns:xsi="http://www.w3.org/2001/XMLSchema-instance" xsi:schemaLocation="http://www.blizzard.com/wow/ui/
..\FrameXML\UI.xsd">
	
	<Script File="Cooldown.lua" />
	
	<Cooldown name="ArenaLive_CooldownTemplate" setAllPoints="true" virtual="true">
		<Layers>
			<Layer level="OVERLAY">
				<FontString name="$parentText" inherits="ArenaLiveFont_CooldownText"/>
			</Layer>
		</Layers>
	</Cooldown>
	
	<Cooldown name="ArenaLive_AuraCooldownTemplate" setAllPoints="true" reverse="true" virtual="true" />
</Ui>