<Ui xmlns="http://www.blizzard.com/wow/ui/" xmlns:xsi="http://www.w3.org/2001/XMLSchema-instance" xsi:schemaLocation="http://www.blizzard.com/wow/ui/
..\FrameXML\UI.xsd">
	
	<Script File="Icon.lua" />
	
	<Frame name="ArenaLiveIconTemplate" virtual="true">
		<Layers>
			<Layer level="OVERLAY">
				<Texture name="$parentTexture"  file="Interface\Icons\INV_Misc_QuestionMark" />
			</Layer>
		</Layers>
		<Frames>
			<Cooldown name="$parentCooldown" inherits="ArenaLive_CooldownTemplate" />
		</Frames>
	</Frame>
</Ui>