<Ui xmlns="http://www.blizzard.com/wow/ui/" xmlns:xsi="http://www.w3.org/2001/XMLSchema-instance" xsi:schemaLocation="http://www.blizzard.com/wow/ui/
..\FrameXML\UI.xsd">
	
	<Button name="ALUF_PlayerFrame" frameStrata="LOW" toplevel="true" movable="true" inherits="SecureUnitButtonTemplate, SecureHandlerBaseTemplate"  parent="ArenaLiveUnitFrames">
		<Size>
			<AbsDimension x="236" y="84" />
		</Size>
		
		<Anchors>
			<Anchor point="TOPLEFT">
				<Offset>
					<AbsDimension x="19" y="-4" />
				</Offset>
			</Anchor>
		</Anchors>
		
		<Layers>
			<Layer level="BACKGROUND">
				<Texture name="$parentFrameFlash" file="Interface\AddOns\ArenaLive\Textures\TargetingFrame-ThreatIndicator" hidden="true">
					<Size>
						<AbsDimension x="240" y="76" />
					</Size>
					<Anchors>
						<Anchor point="TOPLEFT">
							<Offset>
								<AbsDimension x="-4" y="-8" />
							</Offset>
						</Anchor>
					</Anchors>
					<TexCoords left="0.03125" right="0.96875" top="0.203125" bottom="0.796875"/>
				</Texture>
				<Texture name="$parentBackground">
					<Size>
						<AbsDimension x="222" y="58" />
					</Size>
					<Anchors>
						<Anchor point="TOPLEFT">
							<Offset>
								<AbsDimension x="5" y="-16" />
							</Offset>
						</Anchor>
					</Anchors>
					<Color r="0" g="0" b="0" a="0.5"/>
				</Texture>
			</Layer>
			<Layer level="ARTWORK">
				<Texture name="$parentAbsorbBar" inherits="ArenaLive_AbsorbBarTemplate" />
			</Layer>
			<Layer level="OVERLAY" textureSubLevel="1">
				<Texture name="$parentHealPredictionBar" inherits="ArenaLive_HealPredictionBar" />
			</Layer>
			<Layer level="OVERLAY" textureSubLevel="2">
				<Texture name="$parentAbsorbBarOverlay" inherits="ArenaLive_AbsorbBarOverlayTemplate" />
				<Texture name="$parentAbsorbBarFullHPIndicator" inherits="ArenaLive_AbsorbFullHPIndicator" />					
			</Layer>
		</Layers>
		
		<Frames>
			<!-- We need to nest the frame so many times because of the FrameLevel. -->
			<Frame setAllPoints="true">
				<Frames>
					<Frame setAllPoints="true">
						<Frames>
							<Frame setAllPoints="true">
								<Frames>
									<Frame setAllPoints="true">
										<Layers>
											<Layer level="BACKGROUND">
												<Texture name="$parentBorder" file="Interface\AddOns\ArenaLive\Textures\TargetingFrame">
													<Size>
														<AbsDimension x="236" y="72" />
													</Size>
													<Anchors>
														<Anchor point="TOPLEFT">
															<Offset>
																<AbsDimension x="0" y="-12" />
															</Offset>
														</Anchor>
													</Anchors>
													<TexCoords left="0.039" right="0.96094" top="0.21875" bottom="0.78125"/>
												</Texture>
												<!-- TO DO: PLAYERVEHICLETEXTURE? -->
												<FontString name="$parentName" inherits="ArenaLiveFont_Name">
													<Size>
														<!-- I don't define X here, because the width of the frame needs to be dynamic to always show the PvPIcon 5 pixels away from the end of the Name -->
														<AbsDimension y="12" />
													</Size>
												
													<Anchors>
														<Anchor point="TOPLEFT">
															<Offset>
																<AbsDimension x="36" y="0" />
															</Offset>										
														</Anchor>
													</Anchors>
												</FontString>
												<FontString name="$parentLevelText" inherits="ArenaLiveFont_Level">
													<Anchors>
														<Anchor point="LEFT" relativeTo="$parentName" relativePoint="RIGHT" />
													</Anchors>
												</FontString>
												<!-- TO DO: PLAYERPVPTIMERTEXT -->
												<FontString name="$parentHealthBarText" inherits="ArenaLiveFont_StatusBarText">
													<Size>
														<AbsDimension x="129" y="37" />
													</Size>
													<Anchors>
														<Anchor point="TOPLEFT">
															<Offset>
																<AbsDimension x="99" y="-16" />
															</Offset>
														</Anchor>
													</Anchors>
												</FontString>
												<FontString name="$parentPowerBarText" inherits="ArenaLiveFont_StatusBarText">
													<Size>
														<AbsDimension x="129" y="18" />
													</Size>
													<Anchors>
														<Anchor point="TOPLEFT">
															<Offset>
																<AbsDimension x="99" y="-56" />
															</Offset>
														</Anchor>
													</Anchors>
												</FontString>
											</Layer>
											<Layer level="ARTWORK">
												<Texture name="$parentPVPIcon" hidden="true">
													<Size>
														<AbsDimension x="24" y="24"/>
													</Size>
													<Anchors>
														<Anchor point="TOPRIGHT" relativeTo="$parentName" relativePoint="TOPLEFT" >
															<Offset>
																<AbsDimension x="10" y="1" />
															</Offset>
														</Anchor>
													</Anchors>
												</Texture>
											</Layer>
											<Layer level="OVERLAY">
												<Texture name="$parentStatusIcon" file="Interface\CharacterFrame\UI-StateIcon" hidden="true">
													<Size>
														<AbsDimension x="16" y="16"/>
													</Size>
													<Anchors>
														<Anchor point="TOPLEFT" relativeTo="$parentLevelText" relativePoint="TOPRIGHT" >
															<Offset>
																<AbsDimension x="1" y="2" />
															</Offset>
														</Anchor>
													</Anchors>
													<TexCoords left="0.5" right="1.0" top="0" bottom="0.5"/>
												</Texture>	
												<Texture name="$parentLeaderIcon" file="Interface\GroupFrame\UI-Group-LeaderIcon" hidden="true">
													<Size>
														<AbsDimension x="16" y="16"/>
													</Size>
													<Anchors>
														<Anchor point="TOPLEFT" relativeTo="$parentStatusIcon" relativePoint="TOPRIGHT" >
															<Offset>
																<AbsDimension x="3" y="0"/>
															</Offset>
														</Anchor>
													</Anchors>
												</Texture>
												<Texture name="$parentMasterLooterIcon" file="Interface\GroupFrame\UI-Group-MasterLooter" hidden="true">
													<Size>
														<AbsDimension x="16" y="16"/>
													</Size>
													<Anchors>
														<Anchor point="TOPLEFT" relativeTo="$parentLeaderIcon" relativePoint="TOPRIGHT">
															<Offset>
																<AbsDimension x="3" y="0"/>
															</Offset>
														</Anchor>
													</Anchors>
												</Texture>									
												<Texture name="$parentRoleIcon" file="Interface\LFGFrame\UI-LFG-ICON-PORTRAITROLES" hidden="true">
													<Size>
														<AbsDimension x="16" y="16"/>
													</Size>
													<Anchors>
														<Anchor point="TOPLEFT" relativeTo="$parentMasterLooterIcon" relativePoint="TOPRIGHT">
															<Offset>
																<AbsDimension x="3" y="0"/>
															</Offset>
														</Anchor>
													</Anchors>
												</Texture>
											</Layer>
										</Layers>
									</Frame>
									<Button name="$parentSpeakerFrame" inherits="VoiceChatSpeakerTemplate" hidden="true">
										<Size>
											<AbsDimension x="16" y="16"/>
										</Size>
										<Anchors>
											<Anchor point="TOPLEFT" relativeTo="$parentRoleIcon" relativePoint="TOPRIGHT">
												<Offset>
													<AbsDimension x="3" y="0"/>
												</Offset>
											</Anchor>
										</Anchors>
									</Button>
									<Frame name="$parentReadyCheck" inherits="ReadyCheckStatusTemplate" hidden="true">
										<Size>
											<AbsDimension x="40" y="40" />
										</Size>
										<Anchors>
											<Anchor point="CENTER">
												<Offset>
													<AbsDimension x="-52" y="-3" />
												</Offset>
											</Anchor>
										</Anchors>
									</Frame>
									<Button name="$parentMultiGroupFrame" hidden="true">
										<Size>
											<AbsDimension x="20" y="20"/>
										</Size>
										<Anchors>
											<Anchor point="TOPLEFT">
												<Offset>
													<AbsDimension x="3" y="0" />
												</Offset>
											</Anchor>
										</Anchors>
										<Layers>
											<Layer level="ARTWORK" textureSubLevel="0">
												<Texture name="$parentHomePartyIcon" file="Interface\FriendsFrame\UI-Toast-FriendOnlineIcon">
													<Size>
														<AbsDimension x="26" y="26"/>
													</Size>
													<Anchors>
														<Anchor point="CENTER">
															<Offset>
																<AbsDimension x="4" y="4" />
															</Offset>
														</Anchor>
													</Anchors>
													<Color r="0" g="0" b="1"/>
												</Texture>
											</Layer>
											<Layer level="ARTWORK" textureSubLevel="1">
												<Texture name="$parentInstancePartyIcon" file="Interface\FriendsFrame\UI-Toast-FriendOnlineIcon">
													<Size>
														<AbsDimension x="26" y="26"/>
													</Size>
													<Anchors>
														<Anchor point="CENTER"/>
													</Anchors>
													<Color r="1" g="0" b="0"/>
												</Texture>
											</Layer>
										</Layers>
									</Button>
								</Frames>
							</Frame>
						</Frames>
					</Frame>
				</Frames>
			</Frame>
			<Button name="$parentMover" inherits="ArenaLive_FrameMoverTemplate" />
			<Frame name="$parentPortrait" inherits="ArenaLive_PortraitTemplate">
				<Size>
					<AbsDimension x="64" y="64" />
				</Size>
				<Anchors>
					<Anchor point="TOPLEFT">
						<Offset>
							<AbsDimension x="35" y="-13" />
						</Offset>
					</Anchor>
				</Anchors>	
			</Frame>
			<Frame name="$parentPortraitOverlay" inherits="ArenaLive_CCIndicatorTemplate">
				<Size>
					<AbsDimension x="64" y="64" />
				</Size>
				`<Anchors>
					<Anchor point="CENTER" relativeTo="$parentPortrait" />
				</Anchors>
				<Scripts>
					<OnLoad>
						local frameLevel = self:GetFrameLevel() + 1;
						self:SetFrameLevel(frameLevel);
					</OnLoad>
				</Scripts>
			</Frame>
			<StatusBar name="$parentHealthBar">
				<Size>
					<AbsDimension x="129" y="37" />
				</Size>
				<Anchors>
					<Anchor point="TOPLEFT">
						<Offset>
							<AbsDimension x="99" y="-16" />
						</Offset>
					</Anchor>
				</Anchors>
				<BarTexture file="Interface\TargetingFrame\UI-StatusBar"/>
				<BarColor r="0" g="1.0" b="0"/>
			</StatusBar>
			<StatusBar name="$parentPowerBar">
				<Size>
					<AbsDimension x="129" y="18" />
				</Size>
				<Anchors>
					<Anchor point="TOPLEFT">
						<Offset>
							<AbsDimension x="99" y="-56" />
						</Offset>
					</Anchor>
				</Anchors>
				<BarTexture file="Interface\TargetingFrame\UI-StatusBar"/>
				<BarColor r="0" g="0" b="1.0"/>
			</StatusBar>
			<Frame name="$parentAuraFrame" inherits="ArenaLive_AuraFrameTemplate">
				<Size>
					<AbsDimension x="198" y="1" />
				</Size>
				<Anchors>
					<Anchor point="TOPLEFT" relativePoint="BOTTOMLEFT" >
						<Offset>
							<AbsDimension x="33" y="3" />
						</Offset>
					</Anchor>
				</Anchors>
			</Frame>
			<StatusBar name="$parentCastBar" inherits="ALUF_LongCastBarTemplate">
				<Anchors>
					<Anchor point="TOPLEFT" relativeTo="$parentAuraFrame" relativePoint="BOTTOMLEFT">
						<Offset>
							<AbsDimension x="21" y="-3" />
						</Offset>
					</Anchor>
				</Anchors>
			</StatusBar>
			<Frame name="$parentCastHistory">
				<Size>
					<AbsDimension x="162" y="26" />
				</Size>
				<Anchors>
					<Anchor point="TOPLEFT" relativeTo="$parentCastBarBorder" relativePoint="BOTTOMLEFT">
						<Offset>
							<AbsDimension x="0" y="-2" />
						</Offset>
					</Anchor>
				</Anchors>
			</Frame>
			<Frame name="$parentIcon1" inherits="ArenaLiveIconTemplate" id="1">
				<Size>
					<AbsDimension x="32" y="32" />
				</Size>
				<Anchors>
					<Anchor point="TOPLEFT">
						<Offset>
							<AbsDimension x="3" y="-13" />
						</Offset>
					</Anchor>
				</Anchors>
			</Frame>
			<Frame name="$parentIcon2" inherits="ArenaLiveIconTemplate" id="2">
				<Size>
					<AbsDimension x="32" y="32" />
				</Size>
				<Anchors>
					<Anchor point="TOPLEFT">
						<Offset>
							<AbsDimension x="3" y="-45" />
						</Offset>
					</Anchor>
				</Anchors>
			</Frame>
		</Frames>
	</Button>
	
	<Script file="PlayerFrame.lua"/>
</Ui>