<Ui xmlns="http://www.blizzard.com/wow/ui/" xmlns:xsi="http://www.w3.org/2001/XMLSchema-instance" xsi:schemaLocation="http://www.blizzard.com/wow/ui/
..\FrameXML\UI.xsd">

	<Button name="ALUF_TargetofTargetFrameTemplate" frameStrata="LOW" toplevel="true" movable="true" inherits="SecureUnitButtonTemplate, SecureHandlerBaseTemplate" virtual="true">
		<Size>
			<AbsDimension x="33" y="60" />
		</Size>
		
		<Layers>
			<Layer level="BACKGROUND">
				<Texture name="$parentBackground">
					<Size>
						<AbsDimension x="33" y="48" />
					</Size>
					<Anchors>
						<Anchor point="BOTTOM">
							<Offset>
								<AbsDimension x="0" y="2" />
							</Offset>
						</Anchor>
					</Anchors>
					<Color r="0" g="0" b="0" a="0.5"/>
				</Texture>
			</Layer>
		</Layers>
		<Frames>
			<Frame setAllPoints="true">
				<Frames>
					<Frame setAllPoints="true">
						<Frames>
							<Frame setAllPoints="true">
								<Layers>
									<Layer level="BACKGROUND">
										<Texture name="$parentBorder" file="Interface\AddOns\ArenaLive\Textures\TargetOfTargetFrame">
											<Size>
												<AbsDimension x="33" y="52" />
											</Size>
											<Anchors>
												<Anchor point="BOTTOM" />
											</Anchors>
											<TexCoords left="0.234375" right="0.75" top="0.09375" bottom="0.90625"/>
										</Texture>
										<FontString name="$parentName" inherits="ArenaLiveFont_NameVerySmall">
											<Size>
												<AbsDimension x="35" y="8" />
											</Size>
												
											<Anchors>
												<Anchor point="TOPLEFT">
													<Offset>
														<AbsDimension x="0" y="0" />
													</Offset>										
												</Anchor>
											</Anchors>
										</FontString>
									</Layer>
								</Layers>
							</Frame>
						</Frames>
					</Frame>
				</Frames>
			</Frame>
			<Button name="$parentMover" inherits="ArenaLive_FrameMoverTemplate" />
			<Frame name="$parentPortrait" inherits="ArenaLive_PortraitTemplate">
				<Size>
					<AbsDimension x="32" y="32" />
				</Size>
				<Anchors>
					<Anchor point="TOP">
						<Offset>
							<AbsDimension x="0" y="-8" />
						</Offset>
					</Anchor>
				</Anchors>
			</Frame>
			<StatusBar name="$parentHealthBar">
				<Size>
					<AbsDimension x="27" y="8" />
				</Size>
				<Anchors>
					<Anchor point="BOTTOM">
						<Offset>
							<AbsDimension x="0" y="12" />
						</Offset>
					</Anchor>
				</Anchors>
				<BarTexture file="Interface\TargetingFrame\UI-StatusBar"/>
				<BarColor r="0" g="1.0" b="0"/>
			</StatusBar>
			<StatusBar name="$parentPowerBar">
				<Size>
					<AbsDimension x="27" y="8" />
				</Size>
				<Anchors>
					<Anchor point="BOTTOM">
						<Offset>
							<AbsDimension x="0" y="2" />
						</Offset>
					</Anchor>
				</Anchors>
				<BarTexture file="Interface\TargetingFrame\UI-StatusBar"/>
				<BarColor r="0" g="0" b="1.0"/>
			</StatusBar>
		</Frames>
	</Button>

	<Button name="ALUF_TargetofTargetFrame" inherits="ALUF_TargetofTargetFrameTemplate" parent="ALUF_TargetFrame">
		<Anchors>
			<Anchor point="BOTTOMLEFT" relativePoint="BOTTOMRIGHT">
				<Offset>
					<AbsDimension x="3" y="7" />
				</Offset>
			</Anchor>
		</Anchors>		
	</Button>

	<Button name="ALUF_TargetofFocusFrame" inherits="ALUF_TargetofTargetFrameTemplate" parent="ALUF_FocusFrame">
		<Anchors>
			<Anchor point="BOTTOMLEFT" relativePoint="BOTTOMRIGHT">
				<Offset>
					<AbsDimension x="3" y="7" />
				</Offset>
			</Anchor>
		</Anchors>
	</Button>	
	
	<Script file="TargetofTargetFrame.lua"/>
</Ui>