<Ui xmlns="http://www.blizzard.com/wow/ui/" xmlns:xsi="http://www.w3.org/2001/XMLSchema-instance" xsi:schemaLocation="http://www.blizzard.com/wow/ui/
..\FrameXML\UI.xsd">

  <script file="libs\LibStub\LibStub.lua"/>
  <script file="libs\CallBackHandler-1.0\CallbackHandler-1.0.lua"/>
  <script file="libs\LibDataBroker-1.1\LibDataBroker-1.1.lua"/>

  <!--@no-lib-strip@-->
  <include file="libs\AceAddon-3.0\AceAddon-3.0.xml" />
  <include file="libs\AceLocale-3.0\AceLocale-3.0.xml" />
  <include file="libs\AceDB-3.0\AceDB-3.0.xml" />
  <include file="libs\AceConsole-3.0\AceConsole-3.0.xml" />
  <include file="libs\AceTimer-3.0\AceTimer-3.0.xml" />
  <include file="libs\AceEvent-3.0\AceEvent-3.0.xml" />
  <include file="libs\AceHook-3.0\AceHook-3.0.xml" />
  <include file="libs\AceBucket-3.0\AceBucket-3.0.xml" />
  <include file="libs\AceGUI-3.0\AceGUI-3.0.xml" />
  <include file="libs\AceConfig-3.0\AceConfig-3.0.xml" />
  <include file="libs\AceDBOptions-3.0\AceDBOptions-3.0.xml" />

  <include file="libs\LibBabble-Inventory-3.0\lib.xml" />
  <include file="libs\LibBagUtils-1.0\LibBagUtils-1.0.xml" />
  <include file="libs\LibQTip-1.0\lib.xml" />
  <include file="libs\LibGratuity-3.0\lib.xml" />
  <script file="libs\LibDBIcon-1.0\LibDBIcon-1.0.lua" />

  <script file="libs\LibPeriodicTable-3.1\LibPeriodicTable-3.1.lua"/>
  <script file="libs\LibPeriodicTable-3.1-Consumable\LibPeriodicTable-3.1-Consumable.lua"/>
  <script file="libs\LibPeriodicTable-3.1-Gear\LibPeriodicTable-3.1-Gear.lua"/>
  <script file="libs\LibPeriodicTable-3.1-GearSet\LibPeriodicTable-3.1-GearSet.lua"/>
  <script file="libs\LibPeriodicTable-3.1-InstanceLoot\LibPeriodicTable-3.1-InstanceLoot.lua"/>
  <script file="libs\LibPeriodicTable-3.1-InstanceLootHeroic\LibPeriodicTable-3.1-InstanceLootHeroic.lua"/>
  <script file="libs\LibPeriodicTable-3.1-Misc\LibPeriodicTable-3.1-Misc.lua"/>
  <script file="libs\LibPeriodicTable-3.1-Reputation\LibPeriodicTable-3.1-Reputation.lua"/>
  <script file="libs\LibPeriodicTable-3.1-Tradeskill\LibPeriodicTable-3.1-Tradeskill.lua"/>
  <script file="libs\LibPeriodicTable-3.1-TradeskillResultMats\LibPeriodicTable-3.1-TradeskillResultMats.lua"/>
  <!--@end-no-lib-strip@-->
</Ui>
