<Ui xmlns="http://www.blizzard.com/wow/ui/" xmlns:xsi="http://www.w3.org/2001/XMLSchema-instance" xsi:schemaLocation="http://www.blizzard.com/wow/ui/
..\FrameXML\UI.xsd">

<Script file="LibStub\LibStub.lua"/>
<Script file="CallbackHandler-1.0\CallbackHandler-1.0.lua"/>

<Include file="LibChatAnims\LibChatAnims.xml"/>
<Include file="Astrolabe\Load.xml"/>
<Include file="LibSharedMedia-3.0\lib.xml"/>
<Include file="ChatThrottleLib\ChatThrottleLib.xml"/>
<Script file="LibWho-2.0\LibWho-2.0.lua"/>
<Include file="LibChatHandler-1.0\lib.xml"/>
</Ui>
