<Ui xsi:schemaLocation="http://www.blizzard.com/wow/ui/ ..\FrameXML\UI.xsd">
    <Script file="Locals\enUS.lua" />
    
    <Script file="Locals\ptBR.lua" />
	<Script file="Locals\frFR.lua" />
	<Script file="Locals\deDE.lua" />
	<Script file="Locals\koKR.lua" />
	<!-- esMX -->
	<Script file="Locals\ruRU.lua" />
	<Script file="Locals\zhCN.lua" />
	<!-- esES -->
	<Script file="Locals\zhTW.lua" />
    
	<Script file="settings.lua" />
	<Script file="SimpleILevel.lua" />
	<Script file="misc.lua" />
</Ui>
