<Ui xmlns="http://www.blizzard.com/wow/ui/" xmlns:xsi="http://www.w3.org/2001/XMLSchema-instance" xsi:schemaLocation="http://www.blizzard.com/wow/ui/
..\FrameXML\UI.xsd">
<Script file="EventAlertOptions.lua"/>

    <Frame name="EA_Options_Frame" toplevel="true" frameStrata="DIALOG" movable="true" enableMouse="true" hidden="true" parent="UIParent" enableKeyboard="true">

        <Size>
            <AbsDimension x="300" y="475"/>
        </Size>

        <Anchors>
            <Anchor point="CENTER"/>
        </Anchors>

        <Backdrop bgFile="Interface\DialogFrame\UI-DialogBox-Background" edgeFile="Interface\DialogFrame\UI-DialogBox-Border" tile="true">
            <BackgroundInsets>
                <AbsInset left="11" right="12" top="12" bottom="11"/>
            </BackgroundInsets>
            <TileSize>
                <AbsValue val="32"/>
            </TileSize>
            <EdgeSize>
                <AbsValue val="32"/>
            </EdgeSize>
        </Backdrop>

        <Layers>

            <Layer level="ARTWORK">

                <Texture name="$parent_Header" file="Interface\DialogFrame\UI-DialogBox-Header">
                    <Size>
                        <AbsDimension x="300" y="64"/>
                    </Size>
                    <Anchors>
                        <Anchor point="TOP">
                            <Offset>
                                <AbsDimension x="0" y="12"/>
                            </Offset>
                        </Anchor>
                    </Anchors>
                </Texture>

                <FontString name="$parent_Header_Text" inherits="GameFontNormal" text="">
                    <Anchors>
                        <Anchor point="TOP" relativeTo="EA_Options_Frame_Header">
                            <Offset>
                                <AbsDimension x="0" y="-14"/>
                            </Offset>
                        </Anchor>
                    </Anchors>
                </FontString>

            </Layer>

        </Layers>

        <Frames>

            <Button name="$parent_ToggleIconOptions" inherits="OptionsButtonTemplate" text="Icon Position Options">
                <Anchors>
                    <Anchor point="TOP">
                        <Offset>
                            <AbsDimension x="0" y="-40"/>
                        </Offset>
                    </Anchor>
                </Anchors>
                <Size>
		            <AbsDimension x="165" y="21"/>
        		</Size>
                <Scripts>
                    <OnClick>
                        PlaySound("gsTitleOptionOK");
                        EventAlert_Options_ToggleIconOptionsFrame();
                    </OnClick>
                </Scripts>
            </Button>

        	<CheckButton name="$parent_ShowFrame" inherits="OptionsCheckButtonTemplate">
                <Anchors>
                    <Anchor point="TOPLEFT">
                        <Offset>
                            <AbsDimension x="50" y="-80"/>
                        </Offset>
                    </Anchor>
                </Anchors>
                <Scripts>
                    <OnLoad>
                        getglobal(this:GetName().."Text"):SetText("Show Alert Frame");
                    </OnLoad>
                    <OnClick>
                        if (this:GetChecked()) then
                            EA_Config.ShowFrame = true;
                        else
                            EA_Config.ShowFrame = false;
                        end
                    </OnClick>
                    <OnEnter>
                        GameTooltip:SetOwner(this, "ANCHOR_RIGHT");
                        GameTooltip:SetText(EA_TTIP_SHOWFRAME);
                    </OnEnter>
                    <OnLeave>
                        GameTooltip:Hide();
                    </OnLeave>
                </Scripts>
            </CheckButton>

        	<CheckButton name="$parent_ShowName" inherits="OptionsCheckButtonTemplate">
                <Anchors>
                    <Anchor point="TOPLEFT" relativeTo="$parent_ShowFrame" relativePoint="BOTTOMLEFT">
                        <Offset>
                            <AbsDimension x="0" y="0"/>
                        </Offset>
                    </Anchor>
                </Anchors>
                <Scripts>
                    <OnLoad>
                        getglobal(this:GetName().."Text"):SetText("Show Buff Name");
                    </OnLoad>
                    <OnClick>
                        if (this:GetChecked()) then
                            EA_Config.ShowName = true;
                        else
                            EA_Config.ShowName = false;
                        end
                    </OnClick>
                    <OnEnter>
                        GameTooltip:SetOwner(this, "ANCHOR_RIGHT");
                        GameTooltip:SetText(EA_TTIP_SHOWNAME);
                    </OnEnter>
                    <OnLeave>
                        GameTooltip:Hide();
                    </OnLeave>
                </Scripts>
            </CheckButton>

            <CheckButton name="$parent_ShowTimer" inherits="OptionsCheckButtonTemplate">
                <Anchors>
                    <Anchor point="TOPLEFT" relativeTo="$parent_ShowName" relativePoint="BOTTOMLEFT">
                        <Offset>
                            <AbsDimension x="0" y="0"/>
                        </Offset>
                    </Anchor>
                </Anchors>
                <Scripts>
                    <OnLoad>
                        getglobal(this:GetName().."Text"):SetText("Show Timer");
                    </OnLoad>
                    <OnClick>
                        if (this:GetChecked()) then
                            EA_Config.ShowTimer = true;
                        else
                            EA_Config.ShowTimer = false;
                        end
                    </OnClick>
                    <OnEnter>
                        GameTooltip:SetOwner(this, "ANCHOR_RIGHT");
                        GameTooltip:SetText(EA_TTIP_SHOWTIMER);
                    </OnEnter>
                    <OnLeave>
                        GameTooltip:Hide();
                    </OnLeave>
                </Scripts>
            </CheckButton>

            <CheckButton name="$parent_ChangeTimer" inherits="OptionsCheckButtonTemplate">
                <Anchors>
                    <Anchor point="TOPLEFT" relativeTo="$parent_ShowTimer" relativePoint="BOTTOMLEFT">
                        <Offset>
                            <AbsDimension x="20" y="0"/>
                        </Offset>
                    </Anchor>
                </Anchors>
                <Scripts>
                    <OnLoad>
                        getglobal(this:GetName().."Text"):SetText("Mimic OmniCC function");
                    </OnLoad>
                    <OnClick>
                        if (this:GetChecked()) then
                            EA_Config.ChangeTimer = true;
                        else
                            EA_Config.ChangeTimer = false;
                        end
                    </OnClick>
                    <OnEnter>
                        GameTooltip:SetOwner(this, "ANCHOR_RIGHT");
                        GameTooltip:SetText(EA_TTIP_CHANGETIMER);
                    </OnEnter>
                    <OnLeave>
                        GameTooltip:Hide();
                    </OnLeave>
                </Scripts>
            </CheckButton>


        	<CheckButton name="$parent_ShowFlash" inherits="OptionsCheckButtonTemplate">
                <Anchors>
                    <Anchor point="TOPLEFT" relativeTo="$parent_ShowTimer" relativePoint="BOTTOMLEFT">
                        <Offset>
                            <AbsDimension x="0" y="-30"/>
                        </Offset>
                    </Anchor>
                </Anchors>
                <Scripts>
                    <OnLoad>
                        getglobal(this:GetName().."Text"):SetText("Show Fullscreen Flash Alert");
                    </OnLoad>
                    <OnClick>
                        if (this:GetChecked()) then
                            EA_Config.ShowFlash = true;
                        else
                            EA_Config.ShowFlash = false;
                        end
                    </OnClick>
                    <OnEnter>
                        GameTooltip:SetOwner(this, "ANCHOR_RIGHT");
                        GameTooltip:SetText(EA_TTIP_SHOWFLASH);
                    </OnEnter>
                    <OnLeave>
                        GameTooltip:Hide();
                    </OnLeave>
                </Scripts>
            </CheckButton>

            <CheckButton name="$parent_DoAlertSound" inherits="OptionsCheckButtonTemplate">
                <Anchors>
                    <Anchor point="TOPLEFT" relativeTo="$parent_ShowFlash" relativePoint="BOTTOMLEFT">
                        <Offset>
                            <AbsDimension x="0" y="0"/>
                        </Offset>
                    </Anchor>
                </Anchors>
                <Scripts>
                    <OnLoad>
                        getglobal(this:GetName().."Text"):SetText("Play Sound Alert");
                    </OnLoad>
                    <OnClick>
                        if (this:GetChecked()) then
                            EA_Config.DoAlertSound = true;
                        else
                            EA_Config.DoAlertSound = false;
                        end
                    </OnClick>
                    <OnEnter>
                        GameTooltip:SetOwner(this, "ANCHOR_RIGHT");
                        GameTooltip:SetText(EA_TTIP_DOALERTSOUND);
                    </OnEnter>
                    <OnLeave>
                        GameTooltip:Hide();
                    </OnLeave>
                </Scripts>
            </CheckButton>

            <CheckButton name="$parent_AllowESC" inherits="OptionsCheckButtonTemplate">
                <Anchors>
                    <Anchor point="TOPLEFT" relativeTo="$parent_DoAlertSound" relativePoint="BOTTOMLEFT">
                        <Offset>
                            <AbsDimension x="0" y="-50"/>
                        </Offset>
                    </Anchor>
                </Anchors>
                <Scripts>
                    <OnLoad>
                        getglobal(this:GetName().."Text"):SetText("ESC Key Closes Alerts");
                    </OnLoad>
                    <OnClick>
                        if (this:GetChecked()) then
                            EA_Config.AllowESC = true;
                        else
                            EA_Config.AllowESC = false;
                        end
                    </OnClick>
                    <OnEnter>
                        GameTooltip:SetOwner(this, "ANCHOR_RIGHT");
                        GameTooltip:SetText(EA_TTIP_ALLOWESC);
                    </OnEnter>
                    <OnLeave>
                        GameTooltip:Hide();
                    </OnLeave>
                </Scripts>
            </CheckButton>

            <CheckButton name="$parent_AlertSoundSelect" inherits="UIDropDownMenuTemplate">
                <Anchors>
                    <Anchor point="TOPLEFT" relativeTo="$parent_DoAlertSound" relativePoint="BOTTOMLEFT">
                        <Offset>
                            <AbsDimension x="10" y="0"/>
                        </Offset>
                    </Anchor>
                </Anchors>
                <Scripts>
                    <OnLoad>
                    	EventAlert_Options_AlertSoundSelect_OnLoad();
                    </OnLoad>
					<OnShow>
                    	EventAlert_Options_AlertSoundSelect_OnLoad();
                    </OnShow>
                    <OnEnter>
                        GameTooltip:SetOwner(this, "ANCHOR_RIGHT");
                        GameTooltip:SetText(EA_TTIP_ALERTSOUNDSELECT);
                    </OnEnter>
                    <OnLeave>
                        GameTooltip:Hide();
                    </OnLeave>
                </Scripts>
            </CheckButton>

        	<CheckButton name="$parent_AltAlerts" inherits="OptionsCheckButtonTemplate">
                <Anchors>
                    <Anchor point="TOPLEFT" relativeTo="$parent_AllowESC" relativePoint="BOTTOMLEFT">
                        <Offset>
                            <AbsDimension x="0" y="0"/>
                        </Offset>
                    </Anchor>
                </Anchors>
                <Scripts>
                    <OnLoad>
                        getglobal(this:GetName().."Text"):SetText("Enable Alternate Alerts");
                    </OnLoad>
                    <OnClick>
                        if (this:GetChecked()) then
                            EA_Config.AllowAltAlerts = true;
                            if (Class_Events_Frame:IsVisible()) then
	                            Alt_Alerts_Frame:Show();
                            end
                         else
                            EA_Config.AllowAltAlerts = false;
							Alt_Alerts_Frame:Hide();
                        end
                    </OnClick>
                    <OnEnter>
                        GameTooltip:SetOwner(this, "ANCHOR_RIGHT");
                        GameTooltip:SetText(EA_TTIP_ALTALERTS);
                    </OnEnter>
                    <OnLeave>
                        GameTooltip:Hide();
                    </OnLeave>
                </Scripts>
            </CheckButton>

            <Button name="$parent_ToggleClassEvents" inherits="OptionsButtonTemplate" text="Show/Hide Class Alerts">
                <Anchors>
                    <Anchor point="BOTTOM">
                        <Offset>
                            <AbsDimension x="0" y="100"/>
                        </Offset>
                    </Anchor>
                </Anchors>
                <Size>
		            <AbsDimension x="175" y="21"/>
        		</Size>
                <Scripts>
                    <OnClick>
                        PlaySound("gsTitleOptionOK");
                        EventAlert_Options_ToggleClassEventsFrame();
                    </OnClick>
                </Scripts>
            </Button>

            <Button name="$parent_ToggleCustomEvents" inherits="OptionsButtonTemplate" text="Show/Hide Custom Alerts">
                <Anchors>
                    <Anchor point="BOTTOM">
                        <Offset>
                            <AbsDimension x="0" y="78"/>
                        </Offset>
                    </Anchor>
                </Anchors>
                <Size>
		            <AbsDimension x="180" y="21"/>
        		</Size>
                <Scripts>
                    <OnClick>
                        PlaySound("gsTitleOptionOK");
                        EventAlert_Options_ToggleCustomEventsFrame();
                    </OnClick>
                </Scripts>
            </Button>

        	<CheckButton name="$parent_ShowSpellInfo" inherits="OptionsCheckButtonTemplate">
                <Anchors>
                    <Anchor point="TOPLEFT" relativeTo="$parent_ToggleCustomEvents" relativePoint="BOTTOMLEFT">
                        <Offset>
                            <AbsDimension x="0" y="0"/>
                        </Offset>
                    </Anchor>
                </Anchors>
                <Scripts>
                    <OnLoad>
                        getglobal(this:GetName().."Text"):SetText("Show Spell IDs in chat");
                    </OnLoad>
                    <OnClick>
                        if (this:GetChecked()) then
                            EA_Config.ShowSpellInfo = true;
                        else
                            EA_Config.ShowSpellInfo = false;
                        end
                    </OnClick>
                    <OnEnter>
                        GameTooltip:SetOwner(this, "ANCHOR_RIGHT");
                        GameTooltip:SetText(EA_TTIP_SHOWSPELLINFO);
                    </OnEnter>
                    <OnLeave>
                        GameTooltip:Hide();
                    </OnLeave>
                </Scripts>
            </CheckButton>



            <Button name="$parent_Okay" inherits="OptionsButtonTemplate" text="Okay">
                <Anchors>
                    <Anchor point="BOTTOMRIGHT">
                        <Offset>
                            <AbsDimension x="-15" y="16"/>
                        </Offset>
                    </Anchor>
                </Anchors>
                <Size>
		            <AbsDimension x="75" y="21"/>
        		</Size>
                <Scripts>
                    <OnClick>
                        PlaySound("gsTitleOptionOK");
                        HideUIPanel(EA_Options_Frame);
                        EA_Anchor_Frame:Hide();
                        EA_Anchor_Frame2:Hide();
                        EA_Anchor_Frame3:Hide();
                    </OnClick>
                </Scripts>
            </Button>

        </Frames>

        <Scripts>
            <OnLoad>
	            this:RegisterForDrag("LeftButton");
                EventAlert_Options_OnLoad();
            </OnLoad>
        	<OnMouseDown>
	        	EventAlert_Options_MouseDown(button);
	      	</OnMouseDown>
	      	<OnMouseUp>
	        	EventAlert_Options_MouseUp(button);
	      	</OnMouseUp>
        </Scripts>

    </Frame>

</Ui>