﻿<Ui xmlns:xsi="http://www.w3.org/2001/XMLSchema-instance" xmlns:xsd="http://www.w3.org/2001/XMLSchema" xmlns="http://www.blizzard.com/wow/ui/">

	<Button name="OptionMenuItemTemplate" inherits="MenuItemTemplate" hidden="false" virtual="true">
		<Size>
			<AbsDimension x="156" y="20"/>
		</Size>
		<Scripts>
			<OnClick>
				for i=1, 5 do 
					_G[ "AltoholicTabOptionsMenuItem"..i ]:UnlockHighlight();
					_G[ "AltoholicTabOptionsFrame"..i ]:Hide();
				end
				_G[ "AltoholicTabOptionsMenuItem"..this:GetID() ]:LockHighlight();
				_G[ "AltoholicTabOptionsFrame"..this:GetID() ]:Show();
			</OnClick>
		</Scripts>
	</Button>
	
	<Frame name="AltoholicTabOptions" parent="AltoholicFrame" hidden="true">
		<Size>
			<AbsDimension x="758" y="447"/>
		</Size>
		<Anchors>
			<Anchor point="TOPLEFT"/>
		</Anchors>
		<Frames>
			<Button name="$parentMenuItem1" inherits="OptionMenuItemTemplate" id="1" text="XML_ALTO_OPT_MENU1">
				<Anchors>
					<Anchor point="TOPLEFT">
						<Offset>
							<AbsDimension x="23" y="-105"/>
						</Offset>
					</Anchor>
				</Anchors>
			</Button>
			<Button name="$parentMenuItem2" inherits="OptionMenuItemTemplate" id="2" text="XML_ALTO_OPT_MENU2">
				<Anchors>
					<Anchor point="TOPLEFT" relativeTo="$parentMenuItem1" relativePoint="BOTTOMLEFT">
						<Offset>
							<AbsDimension x="0" y="0"/>
						</Offset>
					</Anchor>
				</Anchors>
			</Button>
			<Button name="$parentMenuItem3" inherits="OptionMenuItemTemplate" id="3" text="XML_ALTO_OPT_MENU3">
				<Anchors>
					<Anchor point="TOPLEFT" relativeTo="$parentMenuItem2" relativePoint="BOTTOMLEFT">
						<Offset>
							<AbsDimension x="0" y="0"/>
						</Offset>
					</Anchor>
				</Anchors>
			</Button>
			<Button name="$parentMenuItem4" inherits="OptionMenuItemTemplate" id="4" text="XML_ALTO_OPT_MENU4">
				<Anchors>
					<Anchor point="TOPLEFT" relativeTo="$parentMenuItem3" relativePoint="BOTTOMLEFT">
						<Offset>
							<AbsDimension x="0" y="0"/>
						</Offset>
					</Anchor>
				</Anchors>
			</Button>
			<Button name="$parentMenuItem5" inherits="OptionMenuItemTemplate" id="5" text="XML_ALTO_OPT_MENU5">
				<Anchors>
					<Anchor point="TOPLEFT" relativeTo="$parentMenuItem4" relativePoint="BOTTOMLEFT">
						<Offset>
							<AbsDimension x="0" y="0"/>
						</Offset>
					</Anchor>
				</Anchors>
			</Button>

			<Frame name="$parentFrame1" hidden="true">
				<Size>
					<AbsDimension x="615" y="306"/>
				</Size>
				<Anchors>
					<Anchor point="TOPRIGHT">
						<Offset>
							<AbsDimension x="39" y="-105"/>
						</Offset>
					</Anchor>
				</Anchors>
				<Frames>
					<CheckButton name="$parent_RestXPMode" inherits="UICheckButtonTemplate">
						<Size>
							<AbsDimension x="20" y="20"/>
						</Size>
						<Anchors> 
							<Anchor point="TOPLEFT">
								<Offset>
									<AbsDimension  x="30" y="-30"/>
								</Offset>
							</Anchor>
						</Anchors>
						<Scripts>
							<OnLoad>
								getglobal(this:GetName().."Text"):SetText(XML_TEXT_18);
							</OnLoad>
							<OnClick>
								if Altoholic.db.account ~= nil then
									if this:GetChecked() then 
										Altoholic.db.account.options.RestXPMode = 1
									else
										Altoholic.db.account.options.RestXPMode = 0
									end
								end
								Altoholic:AccountSummary_Update()
							</OnClick>
						</Scripts>
					</CheckButton>
				</Frames>
			</Frame>
			<Frame name="$parentFrame2" hidden="true">
				<Size>
					<AbsDimension x="615" y="306"/>
				</Size>
				<Anchors>
					<Anchor point="TOPRIGHT">
						<Offset>
							<AbsDimension x="39" y="-105"/>
						</Offset>
					</Anchor>
				</Anchors>
				<Layers>
					<Layer level="OVERLAY">
						<FontString name="$parentLootInfo" inherits="GameFontNormalSmall" justifyH="RIGHT">
							<Size x="160" y="20" />
							<Anchors>
								<Anchor point="TOPLEFT">
									<Offset x="30" y="-30" />
								</Anchor>
							</Anchors>
						</FontString>
					</Layer>
				</Layers>
				<Frames>
					<CheckButton name="$parent_SearchAutoQuery" inherits="UICheckButtonTemplate">
						<Size>
							<AbsDimension x="20" y="20"/>
						</Size>
						<Anchors> 
							<Anchor point="TOPLEFT">
								<Offset>
									<AbsDimension  x="20" y="-10"/>
								</Offset>
							</Anchor>
						</Anchors>
						<Scripts>
							<OnLoad>
								getglobal(this:GetName().."Text"):SetText(XML_TEXT_25);
							</OnLoad>
							<OnClick>
								if Altoholic.db.account ~= nil then
									if this:GetChecked() then 
										Altoholic.db.account.options.SearchAutoQuery = 1
									else
										Altoholic.db.account.options.SearchAutoQuery = 0
									end
								end
							</OnClick>
							<OnEnter>
								AltoTooltip:SetOwner(this, "ANCHOR_LEFT");
								AltoTooltip:ClearLines();
								AltoTooltip:AddLine(XML_TEXT_26)
								AltoTooltip:Show();
							</OnEnter>
							<OnLeave>
								AltoTooltip:Hide();
							</OnLeave>
						</Scripts>
					</CheckButton>
					<CheckButton name="$parent_SortDescending" inherits="UICheckButtonTemplate">
						<Size>
							<AbsDimension x="20" y="20"/>
						</Size>
						<Anchors> 
							<Anchor point="TOPLEFT" relativeTo="$parent_SearchAutoQuery" relativePoint="BOTTOMLEFT">
								<Offset>
									<AbsDimension  x="0" y="-40"/>
								</Offset>
							</Anchor>
						</Anchors>
						<Scripts>
							<OnLoad>
								getglobal(this:GetName().."Text"):SetText(XML_TEXT_17);
							</OnLoad>
							<OnClick>
								if Altoholic.db.account ~= nil then
									if this:GetChecked() then 
										Altoholic.db.account.options.SortDescending = 1
									else
										Altoholic.db.account.options.SortDescending = 0
									end
								end
							</OnClick>
						</Scripts>
					</CheckButton>
					<CheckButton name="$parent_IncludeNoMinLevel" inherits="UICheckButtonTemplate">
						<Size>
							<AbsDimension x="20" y="20"/>
						</Size>
						<Anchors> 
							<Anchor point="TOP" relativeTo="$parent_SortDescending" relativePoint="BOTTOM" >
								<Offset>
									<AbsDimension  x="0" y="-10"/>
								</Offset>
							</Anchor>
						</Anchors>      
						<Scripts>
							<OnLoad>
								getglobal(this:GetName().."Text"):SetText(XML_TEXT_MAIN_WINDOW_1);
								this:SetChecked(1)
							</OnLoad>
						</Scripts>
					</CheckButton>
					<CheckButton name="$parent_CheckButton1" inherits="UICheckButtonTemplate">
						<Size>
							<AbsDimension x="20" y="20"/>
						</Size>
						<Anchors> 
							<Anchor point="TOP" relativeTo="$parent_IncludeNoMinLevel" relativePoint="BOTTOM" >
								<Offset>
									<AbsDimension  x="0" y="-10"/>
								</Offset>
							</Anchor>
						</Anchors>      
						<Scripts>
							<OnLoad>
								getglobal(this:GetName().."Text"):SetText(XML_TEXT_MAIN_WINDOW_5);
								this:SetChecked(1)
							</OnLoad>
						</Scripts>
					</CheckButton>
					<CheckButton name="$parent_CheckButton2" inherits="UICheckButtonTemplate">
						<Size>
							<AbsDimension x="20" y="20"/>
						</Size>
						<Anchors> 
							<Anchor point="TOP" relativeTo="$parent_CheckButton1" relativePoint="BOTTOM" >
								<Offset>
									<AbsDimension  x="0" y="-10"/>
								</Offset>
							</Anchor>
						</Anchors>      
						<Scripts>
							<OnLoad>
								getglobal(this:GetName().."Text"):SetText(XML_TEXT_MAIN_WINDOW_6);
							</OnLoad>
						</Scripts>
					</CheckButton>
					<CheckButton name="$parent_CheckButton3" inherits="UICheckButtonTemplate">
						<Size>
							<AbsDimension x="20" y="20"/>
						</Size>
						<Anchors> 
							<Anchor point="TOP" relativeTo="$parent_CheckButton2" relativePoint="BOTTOM" >
								<Offset>
									<AbsDimension  x="0" y="-10"/>
								</Offset>
							</Anchor>
						</Anchors>      
						<Scripts>
							<OnLoad>
								getglobal(this:GetName().."Text"):SetText(XML_TEXT_MAIN_WINDOW_7);
								this:SetChecked(true);
							</OnLoad>
						</Scripts>
					</CheckButton>
					
				</Frames>
			</Frame>
			<Frame name="$parentFrame3" hidden="true">
				<Size>
					<AbsDimension x="615" y="306"/>
				</Size>
				<Anchors>
					<Anchor point="TOPRIGHT">
						<Offset>
							<AbsDimension x="39" y="-105"/>
						</Offset>
					</Anchor>
				</Anchors>
				<Frames>
					<Slider name="$parent_SliderMailExpiry" inherits="OptionsSliderTemplate"  minValue="1" maxValue="15" defaultValue="5" valueStep="1">
						<Size>
							<AbsDimension x="180" y="16"/>
						</Size>
						<Anchors>
							<Anchor point="TOPLEFT">
								<Offset>
									<AbsDimension x="40" y="-40" />
								</Offset>
							</Anchor>
						</Anchors>
						<Scripts>
							<OnLoad>
								local name = this:GetName()
								local s = getglobal(name)
								s.tooltipText = XML_TEXT_14; 
								getglobal(name .. "Low"):SetText("1");
								getglobal(name .. "High"):SetText("15"); 
								getglobal(name .. "Text"):SetText(XML_TEXT_15 .. " (" .. s:GetValue() ..")");
							</OnLoad>
							<OnValueChanged>
								local name = this:GetName()
								local s = getglobal(name)
								getglobal(name .. "Text"):SetText(XML_TEXT_15 .. " (" .. s:GetValue() ..")");
								if Altoholic.db.account ~= nil then
									Altoholic.db.account.options.MailWarningThreshold = this:GetValue()
								end
							</OnValueChanged>
						</Scripts>
					</Slider>
					<CheckButton name="$parent_ScanMailBody" inherits="UICheckButtonTemplate">
						<Size>
							<AbsDimension x="20" y="20"/>
						</Size>
						<Anchors> 
							<Anchor point="TOPLEFT" relativeTo="$parent_SliderMailExpiry" relativePoint="BOTTOMLEFT">
								<Offset>
									<AbsDimension  x="0" y="-20"/>
								</Offset>
							</Anchor>
						</Anchors> 
						<Scripts>
							<OnLoad>
								getglobal(this:GetName().."Text"):SetText(XML_TEXT_19);
							</OnLoad>
							<OnClick>
								if Altoholic.db.account ~= nil then
									if this:GetChecked() then 
										Altoholic.db.account.options.ScanMailBody = 1
									else
										Altoholic.db.account.options.ScanMailBody = 0
									end
								end
							</OnClick>
						</Scripts>
					</CheckButton>
				</Frames>
			</Frame>
			<Frame name="$parentFrame4" hidden="true">
				<Size>
					<AbsDimension x="615" y="306"/>
				</Size>
				<Anchors>
					<Anchor point="TOPRIGHT">
						<Offset>
							<AbsDimension x="39" y="-105"/>
						</Offset>
					</Anchor>
				</Anchors>
				<Frames>
					<Slider name="$parent_SliderAngle" inherits="OptionsSliderTemplate"  minValue="1" maxValue="360" defaultValue="180" valueStep="1">
						<Size>
							<AbsDimension x="180" y="16"/>
						</Size>
						<Anchors>
							<Anchor point="TOPLEFT">
								<Offset>
									<AbsDimension x="40" y="-40" />
								</Offset>
							</Anchor>
						</Anchors>
						<Scripts>
							<OnLoad>
								local name = this:GetName()
								local s = getglobal(name)
								s.tooltipText = XML_TEXT_10; 
								getglobal(name .. "Low"):SetText("1");
								getglobal(name .. "High"):SetText("360"); 
								getglobal(name .. "Text"):SetText(XML_TEXT_11 .. " (" .. s:GetValue() ..")");
							</OnLoad>
							<OnValueChanged>
								Altoholic:UpdateSlider(this:GetName(), XML_TEXT_11, "MinimapIconAngle")
							</OnValueChanged>
						</Scripts>
					</Slider>
					<Slider name="$parent_SliderRadius" inherits="OptionsSliderTemplate"  minValue="1" maxValue="200" defaultValue="78" valueStep="1">
						<Size>
							<AbsDimension x="180" y="16"/>
						</Size>
						<Anchors>
							<Anchor point="TOPLEFT">
								<Offset>
									<AbsDimension x="40" y="-90" />
								</Offset>
							</Anchor>
						</Anchors>
						<Scripts>
							<OnLoad>
								local name = this:GetName()
								local s = getglobal(name)
								s.tooltipText = XML_TEXT_12; 
								getglobal(name .. "Low"):SetText("1");
								getglobal(name .. "High"):SetText("200"); 
								getglobal(name .. "Text"):SetText(XML_TEXT_13 .. " (" .. s:GetValue() ..")");
							</OnLoad>
							<OnValueChanged>
								Altoholic:UpdateSlider(this:GetName(), XML_TEXT_13, "MinimapIconRadius")
							</OnValueChanged>
						</Scripts>
					</Slider>
					<CheckButton name="$parent_ShowMinimap" inherits="UICheckButtonTemplate">
						<Size>
							<AbsDimension x="20" y="20"/>
						</Size>
						<Anchors> 
							<Anchor point="TOPLEFT" relativeTo="$parent_SliderRadius" relativePoint="BOTTOMLEFT">
								<Offset>
									<AbsDimension  x="0" y="-20"/>
								</Offset>
							</Anchor>
						</Anchors>      
						<Scripts>
							<OnLoad>
								getglobal(this:GetName().."Text"):SetText(XML_TEXT_16);
							</OnLoad>
							<OnClick>
								if Altoholic.db.account ~= nil then
									if this:GetChecked() then 
										Altoholic.db.account.options.ShowMinimap = 1
										AltoholicMinimapButton:Show()
									else
										Altoholic.db.account.options.ShowMinimap = 0
										AltoholicMinimapButton:Hide()
									end
								end
							</OnClick>
						</Scripts>
					</CheckButton>
				</Frames>
			</Frame>
			<Frame name="$parentFrame5" hidden="true">
				<Size>
					<AbsDimension x="615" y="306"/>
				</Size>
				<Anchors>
					<Anchor point="TOPRIGHT">
						<Offset>
							<AbsDimension x="39" y="-105"/>
						</Offset>
					</Anchor>
				</Anchors>
				<Frames>
					<CheckButton name="$parentSource" inherits="UICheckButtonTemplate">
						<Size>
							<AbsDimension x="20" y="20"/>
						</Size>
						<Anchors> 
							<Anchor point="TOPLEFT">
								<Offset>
									<AbsDimension  x="20" y="-10"/>
								</Offset>
							</Anchor>
						</Anchors>      
						<Scripts>
							<OnLoad>
								getglobal(this:GetName().."Text"):SetText(XML_TEXT_20);
							</OnLoad>
							<OnClick>
								if Altoholic.db.account ~= nil then
									if this:GetChecked() then 
										Altoholic.db.account.options.TooltipSource = 1
									else
										Altoholic.db.account.options.TooltipSource = 0
									end
								end
							</OnClick>
						</Scripts>
					</CheckButton>
					<CheckButton name="$parentCount" inherits="UICheckButtonTemplate">
						<Size>
							<AbsDimension x="20" y="20"/>
						</Size>
						<Anchors> 
							<Anchor point="TOPLEFT" relativeTo="$parentSource" relativePoint="BOTTOMLEFT">
								<Offset>
									<AbsDimension  x="0" y="-10"/>
								</Offset>
							</Anchor>
						</Anchors>      
						<Scripts>
							<OnLoad>
								getglobal(this:GetName().."Text"):SetText(XML_TEXT_21);
							</OnLoad>
							<OnClick>
								if Altoholic.db.account ~= nil then
									if this:GetChecked() then 
										Altoholic.db.account.options.TooltipCount = 1
									else
										Altoholic.db.account.options.TooltipCount = 0
									end
								end
							</OnClick>
						</Scripts>
					</CheckButton>
					<CheckButton name="$parentTotal" inherits="UICheckButtonTemplate">
						<Size>
							<AbsDimension x="20" y="20"/>
						</Size>
						<Anchors> 
							<Anchor point="TOPLEFT" relativeTo="$parentCount" relativePoint="BOTTOMLEFT">
								<Offset>
									<AbsDimension  x="0" y="-10"/>
								</Offset>
							</Anchor>
						</Anchors>      
						<Scripts>
							<OnLoad>
								getglobal(this:GetName().."Text"):SetText(XML_TEXT_22);
							</OnLoad>
							<OnClick>
								if Altoholic.db.account ~= nil then
									if this:GetChecked() then 
										Altoholic.db.account.options.TooltipTotal = 1
									else
										Altoholic.db.account.options.TooltipTotal = 0
									end
								end
							</OnClick>
						</Scripts>
					</CheckButton>
					<CheckButton name="$parentGuildBank" inherits="UICheckButtonTemplate">
						<Size>
							<AbsDimension x="20" y="20"/>
						</Size>
						<Anchors> 
							<Anchor point="TOPLEFT" relativeTo="$parentTotal" relativePoint="BOTTOMLEFT">
								<Offset>
									<AbsDimension  x="0" y="-10"/>
								</Offset>
							</Anchor>
						</Anchors>      
						<Scripts>
							<OnLoad>
								getglobal(this:GetName().."Text"):SetText(XML_TEXT_23);
							</OnLoad>
							<OnClick>
								if Altoholic.db.account ~= nil then
									if this:GetChecked() then 
										Altoholic.db.account.options.TooltipGuildBank = 1
									else
										Altoholic.db.account.options.TooltipGuildBank = 0
									end
								end
							</OnClick>
						</Scripts>
					</CheckButton>
					<CheckButton name="$parentRecipeInfo" inherits="UICheckButtonTemplate">
						<Size>
							<AbsDimension x="20" y="20"/>
						</Size>
						<Anchors> 
							<Anchor point="TOPLEFT" relativeTo="$parentGuildBank" relativePoint="BOTTOMLEFT">
								<Offset>
									<AbsDimension  x="0" y="-10"/>
								</Offset>
							</Anchor>
						</Anchors>      
						<Scripts>
							<OnLoad>
								getglobal(this:GetName().."Text"):SetText(XML_TEXT_24);
							</OnLoad>
							<OnClick>
								if Altoholic.db.account ~= nil then
									if this:GetChecked() then 
										Altoholic.db.account.options.TooltipRecipeInfo = 1
									else
										Altoholic.db.account.options.TooltipRecipeInfo = 0
									end
								end
							</OnClick>
						</Scripts>
					</CheckButton>
				</Frames>
			</Frame>
		</Frames>
	</Frame>
	
	<Script file="TabOptions.lua"></Script>
</Ui>