﻿<Ui xmlns:xsi="http://www.w3.org/2001/XMLSchema-instance" xmlns:xsd="http://www.w3.org/2001/XMLSchema" xmlns="http://www.blizzard.com/wow/ui/">
	<Script file="TabSummary.lua"></Script>

	<Button name="SummaryMenuItemTemplate" inherits="MenuItemTemplate" hidden="false" virtual="true">
		<Size>
			<AbsDimension x="156" y="20"/>
		</Size>
		<Scripts>
			<OnClick>
				Altoholic:SummaryMenuOnClick(this:GetID())
			</OnClick>
		</Scripts>
	</Button>
	
	<Frame name="AltoholicTabSummary" parent="AltoholicFrame">
		<Size>
			<AbsDimension x="758" y="447"/>
		</Size>
		<Anchors>
			<Anchor point="TOPLEFT"/>
		</Anchors>
		<Frames>
			<Button name="$parentMenuItem1" inherits="SummaryMenuItemTemplate" id="1" text="XML_ALTO_SUMMARY_MENU1">
				<Anchors>
					<Anchor point="TOPLEFT">
						<Offset>
							<AbsDimension x="23" y="-105"/>
						</Offset>
					</Anchor>
				</Anchors>
			</Button>
			<Button name="$parentMenuItem2" inherits="SummaryMenuItemTemplate" id="2" text="XML_ALTO_SUMMARY_MENU2">
				<Anchors>
					<Anchor point="TOPLEFT" relativeTo="$parentMenuItem1" relativePoint="BOTTOMLEFT">
						<Offset>
							<AbsDimension x="0" y="0"/>
						</Offset>
					</Anchor>
				</Anchors>
			</Button>
			<Button name="$parentMenuItem3" inherits="SummaryMenuItemTemplate" id="3" text="SKILLS">
				<Anchors>
					<Anchor point="TOPLEFT" relativeTo="$parentMenuItem2" relativePoint="BOTTOMLEFT">
						<Offset>
							<AbsDimension x="0" y="0"/>
						</Offset>
					</Anchor>
				</Anchors>
			</Button>
		</Frames>
	</Frame>
	
</Ui>