<Ui xmlns="http://www.blizzard.com/wow/ui/" xmlns:xsi="http://www.w3.org/2001/XMLSchema-instance" xsi:schemaLocation="http://www.blizzard.com/wow/ui/
..\FrameXML\UI.xsd">

<Script file="LibStub\LibStub.lua"/>
<Script file="CallbackHandler-1.0\CallbackHandler-1.0.lua"/>

<Include file="Astrolabe\Load.xml"/>
<Include file="LibSharedMedia-3.0\lib.xml"/>

<Script file="AceLibrary\AceLibrary.lua"/>
<Script file="AceOO-2.0\AceOO-2.0.lua"/>

<Script file="AceEvent-2.0\AceEvent-2.0.lua"/>
<Script file="AceHook-2.1\AceHook-2.1.lua"/>
<script file="AceLocale-2.2\AceLocale-2.2.lua"/>
<script file="Deformat-2.0\Deformat-2.0.lua"/>
<script file="WhoLib-1.0\WhoLib-1.0.lua"/>
<script file="AceDB-2.0\AceDB-2.0.lua"/>
<Script file="Tablet-2.0\Tablet-2.0.lua"/>
<Script file="FuBarPlugin-2.0\FuBarPlugin-2.0.lua"/>
<Script file="PratPlugin-1.0\PratPlugin-1.0.lua"/>
<Script file="Babble-SpellTree-2.2/Babble-SpellTree-2.2.lua"/>

</Ui>
