<Ui xmlns="http://www.blizzard.com/wow/ui/" xmlns:xsi="http://www.w3.org/2001/XMLSchema-instance" xsi:schemaLocation="http://www.blizzard.com/wow/ui/
..\FrameXML\UI.xsd">

	<Script file="CoreModule.lua" />
	<Script file="LDBPlugin.lua" />
	<Script file="Tracker.lua" />
	<Script file="PointsDB.lua" />
	<Script file="Lootframe.lua" />
	<Script file="Waitlist.lua" />
	<Script file="DKPovertime.lua" />
	<Script file="Eventnaming.lua" />
	<Script file="BidWar.lua" />
	<Script file="Whisper.lua" />
	<Script file="FixedDKP.lua" />
	<Script file="Relational.lua" />
	<Script file="Random.lua" />
	<Script file="Percent.lua" />
	<Script file="SKall.lua" />
	<Script file="SKSotC.lua" />
	<Script file="Zerosum.lua" />
	<Script file="RaidTracker.lua" />
	<Script file="TakeBid.lua" />
	<Script file="Syncing.lua" />
</Ui>
