<Ui xmlns="http://www.blizzard.com/wow/ui/"
 xmlns:xsi="http://www.w3.org/2001/XMLSchema-instance"
 xsi:schemaLocation="http://www.blizzard.com/wow/ui/ ..\FrameXML\UI.xsd">
 <Script file ="StrudelStore_Core.lua"/>
  <Script file ="StrudelStore_ConjureFrame.lua"/>
<Frame name="Frame1" hidden="false" parent="StrudelMainFrame">
 <Size><AbsDimension x="250" y="300"/> </Size>
 <Anchors>
  <Anchor point="CENTER"/>
 </Anchors>

<Layers>
<Layer level="ARTWORK">
 <FontString name="conjure_title" inherits="GameFontNormal" text="CONJURING">
                           <Anchors>
                               <Anchor point="TOPLEFT" relativeTo="$parent">
                                   <Offset>
                                       <AbsDimension x="70" y="-30"/>
                                   </Offset>
                               </Anchor>
                           </Anchors>
						   </FontString>
<FontString name="Basistekst" inherits="ChatFontNormal" text="Pick your refreshment.">
<Anchors>
<Anchor point="TOP">
<Offset>
<AbsDimension x="0" y="-53"/>
</Offset>
</Anchor>
</Anchors>
</FontString>
</Layer>
</Layers>
<Scripts>
   <OnLoad> 
			self:RegisterEvent("VARIABLES_LOADED");
			conjure_title:SetFont("Fonts\\FRIZQT__.TTF", 18, "THICKOUTLINE");
			Broodje_CheckStats(0);
			</OnLoad>
   <OnEvent> Broodje_MinimapButton_Reposition();
		    Broodje_StartupCheck();	
			</OnEvent>
  </Scripts> 
<Frames>
<Button name="$parentButtonClose" inherits="OptionsButtonTemplate" text="Close">
	<Size>
<AbsDimension x="80" y="22"/>
</Size>
	<Anchors>
		<Anchor point="BOTTOMRIGHT">
			<Offset>
				<AbsDimension x="-12" y="16"/>
			</Offset>
		</Anchor>
	</Anchors>
	<Scripts>
	<OnClick>
	StrudelMainFrame:Hide();
	</OnClick>
	</Scripts>

</Button>



<Button name="Frame1ButtonFoodBuff" inherits="OptionsButtonTemplate,SecureActionButtonTemplate" text="Food">
	<Attributes>
   <Attribute name="type" value="spell" />
   <Attribute name="spell" value="Conjure Food"/>
  </Attributes>
	
	<Size>
<AbsDimension x="80" y="22"/>
</Size>
	<Anchors>
		<Anchor point="Center">
			<Offset>
				<AbsDimension x="0" y="50"/>
			</Offset>
		</Anchor>
	</Anchors>


</Button>
<Button name="Frame1ButtonDrinkBuff" inherits="OptionsButtonTemplate,SecureActionButtonTemplate" text="Drinks">
	<Attributes>
   <Attribute name="type" value="spell" />
   <Attribute name="spell" value="Conjure Water"/>
  </Attributes>
	<Size>
<AbsDimension x="80" y="22"/>
</Size>
	<Anchors>
		<Anchor point="Center">
			<Offset>
				<AbsDimension x="0" y="25"/>
			</Offset>
		</Anchor>
	</Anchors>
</Button>
<Button name="Frame1ButtonTableBuff" inherits="OptionsButtonTemplate,SecureActionButtonTemplate" text="Table">
	<Attributes>
   <Attribute name="type" value="spell" />
   <Attribute name="spell" value="Ritual of Refreshment"/>
  </Attributes>
	<Size>
<AbsDimension x="80" y="22"/>
</Size>
	<Anchors>
		<Anchor point="Center">
			<Offset>
				<AbsDimension x="0" y="0"/>
			</Offset>
		</Anchor>
	</Anchors>
</Button>
<Button name="Frame1ButtonRefreshBuff" inherits="OptionsButtonTemplate,SecureActionButtonTemplate" text="Refreshment">
	<Attributes>
   <Attribute name="type" value="spell" />
   <Attribute name="spell" value="Conjure Refreshment"/>
  </Attributes>
	<Size>
<AbsDimension x="80" y="22"/>
</Size>
	<Anchors>
		<Anchor point="Center">
			<Offset>
				<AbsDimension x="0" y="-25"/>
			</Offset>
		</Anchor>
	</Anchors>
</Button>
<Button name="Frame1ButtonManaGemBuff" inherits="OptionsButtonTemplate,SecureActionButtonTemplate" text="Mana Gem">
	<Attributes>
   <Attribute name="type" value="spell" />
   <Attribute name="spell" value="Conjure Mana Gem"/>
  </Attributes>
	<Size>
<AbsDimension x="80" y="22"/>
</Size>
	<Anchors>
		<Anchor point="Center">
			<Offset>
				<AbsDimension x="0" y="-50"/>
			</Offset>
		</Anchor>
	</Anchors>
</Button>
<Button name="$parentButtonoOptions" inherits="OptionsButtonTemplate" text="Options">
	<Size>
<AbsDimension x="80" y="22"/>
</Size>
	<Anchors>
		<Anchor point="BOTTOMLEFT">
			<Offset>
				<AbsDimension x="12" y="16"/>
			</Offset>
		</Anchor>
	</Anchors>
	<Scripts>
	<OnClick>
	OpenStrudelOptionPanel();
	</OnClick>
	</Scripts>

</Button>


</Frames>
 

</Frame>
<Frame name="ConjureFrameChecker" parent="UIParent">
<Size><AbsDimension x="250" y="300"/> </Size>
 <Anchors>
  <Anchor point="CENTER"/>
 </Anchors>
			<Scripts>
			<OnLoad>
			self:RegisterEvent("MERCHANT_CLOSED");
			self:RegisterEvent("BANKFRAME_CLOSED");
			self:RegisterEvent("TRADE_CLOSED");
			self:RegisterEvent("MAIL_CLOSED");
			self:RegisterEvent("GUILDBANKFRAME_CLOSED");
			self:RegisterEvent("TRAINER_CLOSED");
			
			</OnLoad>
			<OnEvent>
			Broodje_CheckStats(1);
			</OnEvent>
			</Scripts>
</Frame>
<Frame name="ConjureChecker">
<Scripts>
<OnLoad>
self:RegisterEvent("SPELLS_CHANGED");
</OnLoad>
<OnEvent>
Broodje_CheckStats(1);
</OnEvent>
</Scripts>
</Frame>
</Ui>