<Ui xmlns="http://www.blizzard.com/wow/ui/"
 xmlns:xsi="http://www.w3.org/2001/XMLSchema-instance"
 xsi:schemaLocation="http://www.blizzard.com/wow/ui/ ..\FrameXML\UI.xsd">
<Script file ="StrudelStore_OptionPane.lua"/>
<Frame name="StrudelStoreOptionFrame" hidden="false">
        <Anchors>
		<Anchor point="TOPLEFT">
			<Offset>
				<AbsDimension x="500" y="500"></AbsDimension>
			</Offset>
		</Anchor>
	</Anchors>
	<Layers>
	<Layer level="ARTWORK">
	<FontString name="Optietitel" inherits="ChatFontNormal"  text="STRUDELSTORE OPTIONS">
	<Anchors>
	<Anchor point="CENTER">
	<Offset>
	<AbsDimension x="0" y="180"/>
	</Offset>
	</Anchor>
	</Anchors>
	</FontString>
	<FontString name="DownRankingFood" inherits="GameFontNormal"  text="Conjure Food Rank:">
	<Anchors>
	<Anchor point="LEFT">
	<Offset>
	<AbsDimension x="50" y="30"/>
	</Offset>
	</Anchor>
	</Anchors>
	</FontString>
	<FontString name="DownRankingDrink" inherits="GameFontNormal" text="Conjure Water Rank:">
	<Anchors>
	<Anchor point="LEFT">
	<Offset>
	<AbsDimension x="50" y="0"/>
	</Offset>
	</Anchor>
	</Anchors>
	</FontString>
	<FontString name="DownRankingRefresh" inherits="GameFontNormal"  text="Conjure Refreshment Rank:">
	<Anchors>
	<Anchor point="LEFT">
	<Offset>
	<AbsDimension x="50" y="-30"/>
	</Offset>
	</Anchor>
	</Anchors>
	</FontString>
	</Layer>
	</Layers>
		<Frames>
		<CheckButton name="$parentCheckButton" inherits="OptionsCheckButtonTemplate" checked="true">
	<Anchors>
		<Anchor point="TOPLEFT">
			<Offset>
				<AbsDimension x="60" y="-70"></AbsDimension>
			</Offset>
		</Anchor>
	</Anchors>
	<Scripts>
	<OnClick>
	</OnClick>
	</Scripts>
</CheckButton>
<CheckButton name="$parentMinimapCheckButton" inherits="OptionsCheckButtonTemplate" checked="true">
	<Anchors>
		<Anchor point="TOPLEFT">
			<Offset>
				<AbsDimension x="60" y="-90"></AbsDimension>
			</Offset>
		</Anchor>
	</Anchors>
	<Scripts>
	<OnClick>
	</OnClick>
	</Scripts>
</CheckButton>
<CheckButton name="$parentTab2CheckButton" inherits="OptionsCheckButtonTemplate" checked="true">
	<Anchors>
		<Anchor point="TOPLEFT">
			<Offset>
				<AbsDimension x="60" y="-350"></AbsDimension>
			</Offset>
		</Anchor>
	</Anchors>
	<Scripts>
	<OnClick>
	</OnClick>
	</Scripts>
</CheckButton>
<CheckButton name="$parentTab3CheckButton" inherits="OptionsCheckButtonTemplate" checked="true">
	<Anchors>
		<Anchor point="TOPLEFT">
			<Offset>
				<AbsDimension x="60" y="-380"></AbsDimension>
			</Offset>
		</Anchor>
	</Anchors>
	<Scripts>
	<OnClick>
	</OnClick>
	</Scripts>
</CheckButton>
<Slider name="LayoutSettingSlider" inherits="OptionsSliderTemplate">
	<Anchors>
		<Anchor point="TOPLEFT">
			<Offset>
				<AbsDimension x="60" y="-140"/>
			</Offset>
		</Anchor>
	</Anchors>
	<Scripts>
	<OnValueChanged>
	Opacity_Update();
	</OnValueChanged>
	</Scripts>
</Slider>
</Frames>
        <Scripts>
            <OnLoad>			
			Strudeloptionpanel_OnLoad(self);
			</OnLoad>
			<OnEvent>
			updateDropDownFood()
			updateDropDownDrink()
			--updateDropDownRefresh()
			</OnEvent>
        </Scripts>
    </Frame>
</Ui>