<Ui xmlns="http://www.blizzard.com/wow/ui/"
 xmlns:xsi="http://www.w3.org/2001/XMLSchema-instance"
 xsi:schemaLocation="http://www.blizzard.com/wow/ui/ ..\FrameXML\UI.xsd">
 <Script file ="StrudelStore_Core.lua"/>
  <Script file ="StrudelStore_PortalFrame.lua"/>
<Frame name="FramePortal" hidden="true" parent="StrudelMainFrame">
               <Anchors>
                   <Anchor point="TOPLEFT"/>
                   <Anchor point="BOTTOMRIGHT"/>
               </Anchors>
               <Layers>
                   <Layer level="ARTWORK">
                       <FontString name="portal_title" inherits="GameFontNormal" text="PORTALS">
                           <Anchors>
                               <Anchor point="TOPLEFT" relativeTo="$parent">
                                   <Offset>
                                       <AbsDimension x="80" y="-30"/>
                                   </Offset>
                               </Anchor>
                           </Anchors>
						   </FontString>
                   </Layer>
               </Layers>
               <Frames>
			   <Button name="$parentButtonoOptions" inherits="OptionsButtonTemplate" text="Options">
	<Size>
<AbsDimension x="80" y="22"/>
</Size>
	<Anchors>
		<Anchor point="BOTTOMLEFT">
			<Offset>
				<AbsDimension x="12" y="16"/>
			</Offset>
		</Anchor>
	</Anchors>
	<Scripts>
	<OnClick>
	OpenStrudelOptionPanel();
	</OnClick>
	</Scripts>

</Button>
<Button name="$parentButtonClose" inherits="OptionsButtonTemplate" text="Close">
	<Size>
<AbsDimension x="80" y="22"/>
</Size>
	<Anchors>
		<Anchor point="BOTTOMRIGHT">
			<Offset>
				<AbsDimension x="-12" y="16"/>
			</Offset>
		</Anchor>
	</Anchors>
	<Scripts>
	<OnClick>
	StrudelMainFrame:Hide();
	</OnClick>
	</Scripts>

</Button>
               </Frames> 
			   <Scripts>
			   <OnLoad>
			   self:RegisterEvent("MERCHANT_CLOSED");
			   self:RegisterEvent("BANKFRAME_CLOSED");
			   self:RegisterEvent("TRADE_CLOSED");
			   self:RegisterEvent("MAIL_CLOSED");
			   self:RegisterEvent("GUILDBANKFRAME_CLOSED");
			   self:RegisterEvent("TRAINER_CLOSED");
			   portal_title:SetFont("Fonts\\FRIZQT__.TTF", 18, "THICKOUTLINE");
			   Broodje_CheckPortalFaction();
			   
			   </OnLoad>
			   <OnEvent>
			   Portal_availablecheck(1);
			   </OnEvent>
			   </Scripts>
</Frame>
<Frame name="PortalChecker">
<Scripts>
<OnLoad>
self:RegisterEvent("SPELLS_CHANGED");
</OnLoad>
<OnEvent>
Portal_availablecheck(1);
</OnEvent>
</Scripts>
</Frame>
</Ui>