 <Ui xmlns="http://www.blizzard.com/wow/ui/"
 xmlns:xsi="http://www.w3.org/2001/XMLSchema-instance"
 xsi:schemaLocation="http://www.blizzard.com/wow/ui/ ..\FrameXML\UI.xsd">
 <Script file ="StrudelStore_Core.lua"/>
 <Frame
       name="StrudelMainFrame"
       toplevel="true"
       frameStrata="DIALOG"
       movable="true"
       enableMouse="true"
       hidden="false"
       parent="UIParent">
       <Size>
           <AbsDimension x="250" y="300"/>
       </Size>
       <Anchors>
           <Anchor point="CENTER">
               <Offset><AbsDimension x="0" y="0"/></Offset>
           </Anchor>
       </Anchors>
       <Backdrop
           bgFile="Interface\DialogFrame\UI-DialogBox-Background"
           edgeFile="Interface\DialogFrame\UI-DialogBox-Border"
           tile="true">
           <BackgroundInsets>
               <AbsInset left="11" right="12" top="12" bottom="11"/>
           </BackgroundInsets>
           <TileSize>
               <AbsValue val="32"/>
           </TileSize>
           <EdgeSize>
               <AbsValue val="32"/>
           </EdgeSize>
       </Backdrop>
       <Layers>
           <Layer level="ARTWORK">
               <Texture name="myFrameHeader" file="Interface\DialogFrame\UI-DialogBox-Header">
                   <Size>
                       <AbsDimension x="356" y="64"/>
                   </Size>
                   <Anchors>
                       <Anchor point="TOP">
                           <Offset>
                               <AbsDimension x="0" y="12"/>
                           </Offset>
                       </Anchor>
                   </Anchors>
               </Texture>
               <FontString inherits="GameFontNormal" text="StrudelStore">
                   <Anchors>
                       <Anchor point="TOP" relativeTo="myFrameHeader">
                           <Offset>
                               <AbsDimension x="0" y="-14"/>
                           </Offset>
                       </Anchor>
                   </Anchors>
               </FontString>
           </Layer>
       </Layers>
       <Frames>
           
           
 
           <Button name="$parentTab1" inherits="CharacterFrameTabButtonTemplate" id="1" text="Conjuring">
               <Anchors>
                   <Anchor point="CENTER" relativePoint="BOTTOMLEFT">
                       <Offset>
                           <AbsDimension x="60" y="-12"/>
                       </Offset>
                   </Anchor>
               </Anchors>
               <Scripts>
                   <OnClick>
                       PanelTemplates_SetTab(StrudelMainFrame, 1);
                       Frame1:Show();
                       FramePortal:Hide();
					   FrameTeleport:Hide();
                   </OnClick>
               </Scripts>
           </Button>
           <Button name="$parentTab2" inherits="CharacterFrameTabButtonTemplate" id="2" text="Portals">
               <Anchors>
                   <Anchor point="LEFT" relativeTo="$parentTab1" relativePoint="RIGHT">
                       <Offset>
                           <AbsDimension x="-16" y="0"/>
                       </Offset>
                   </Anchor>
               </Anchors>
               <Scripts>
                   <OnClick>
                       PanelTemplates_SetTab(StrudelMainFrame, 2);
                       Frame1:Hide();
                       FramePortal:Show();
					   FrameTeleport:Hide();
                   </OnClick>
               </Scripts>
           </Button>
		   <Button name="$parentTab3" inherits="CharacterFrameTabButtonTemplate" id="3" text="Teleports">
               <Anchors>
                   <Anchor point="CENTER" relativePoint="BOTTOMLEFT">
                       <Offset>
                           <AbsDimension x="193" y="-12"/>
                       </Offset>
                   </Anchor>
               </Anchors>
               <Scripts>
                   <OnClick>
                       PanelTemplates_SetTab(StrudelMainFrame, 3);
                       Frame1:Hide();
                       FramePortal:Hide();
					   FrameTeleport:Show();
                   </OnClick>
               </Scripts>
           </Button>
       </Frames>
       <Scripts>
           <OnLoad>
			   this:RegisterEvent("VARIABLES_LOADED");
               this.elapsed = 0;
               PanelTemplates_SetNumTabs(StrudelMainFrame, 3);
               PanelTemplates_SetTab(StrudelMainFrame, 1);
			   
			   
           </OnLoad>
           <OnShow>
               PlaySound("UChatScrollButton");
               PanelTemplates_SetTab(StrudelMainFrame, 1);
               Frame1:Show();
                       FramePortal:Hide();
					   FrameTeleport:Hide();
           </OnShow>
		   <OnEvent>
		   
		   StrudelCheckedTabs();
			Check_TabFrame();
		   
		   
		   </OnEvent>
           <OnHide>
               PlaySound("UChatScrollButton");
           </OnHide>
       </Scripts>
   </Frame>
   <Button name="Broodje_MinimapButton" parent="Minimap" enableMouse="true" movable="true">
		<Size>
			<AbsDimension x="33" y="33"/>
		</Size>
		<Anchors>
			<Anchor point="TOPLEFT"/>
		</Anchors>
		<Layers>
			<Layer level="BACKGROUND">
				<Texture name="Broodje_MinimapButton_Icon" file="Interface\Icons\Ability_Mage_ConjureFoodRank10">
					<Size>
						<AbsDimension x="21" y="21"/>
					</Size>
					<Anchors>
						<Anchor point="TOPLEFT">
							<Offset>
								<AbsDimension x="7" y="-6"/>
							</Offset>
						</Anchor>
					</Anchors>
				</Texture>
			</Layer>
			<Layer level="OVERLAY">
				<Texture file="Interface\Minimap\MiniMap-TrackingBorder">
					<Size>
						<AbsDimension x="56" y="56"/>
					</Size>
					<Anchors>
						<Anchor point="TOPLEFT"/>
					</Anchors>
				</Texture>
			</Layer>
		</Layers>
		<Frames>
			<Frame name="Broodje_MinimapButton_DraggingFrame" hidden="true">
				<Scripts>
					<OnUpdate>
						Broodje_MinimapButton_DraggingFrame_OnUpdate()
					</OnUpdate>
				</Scripts>
			</Frame>
		</Frames>
		<HighlightTexture alphaMode="ADD" file="Interface\Minimap\UI-Minimap-ZoomButton-Highlight"/>
		<Scripts>
			<OnLoad>
				this:RegisterForClicks("LeftButtonUp","RightButtonUp")
				this:RegisterForDrag("LeftButton","RightButton")
			</OnLoad>
			<OnDragStart>
				this:LockHighlight()
				Broodje_MinimapButton_DraggingFrame:Show()
			</OnDragStart>
			<OnDragStop>
				this:UnlockHighlight()
				Broodje_MinimapButton_DraggingFrame:Hide()
			</OnDragStop>
			<OnClick>
				Broodje_MinimapButton_OnClick() -- do your thing in here, arg1 is mouse button clicked
			</OnClick>
		</Scripts>

	</Button>
	<Frame name="StatChanceEventHandler" hidden="true">
	
<Scripts>
<OnLoad>
self:RegisterEvent("VARIABLES_LOADED");
</OnLoad>
<OnEvent>
print("[StrudelStore] Thank you for testing StrudelStore 0.55-alpha2. Experimental support for layout changing has been added.");
print("To use this feature please type /script ChangeStrudelLayout(x) . Replace x with a value from 0 to 2 with 0 being the default layout ");
--StrudelRankLoading();
</OnEvent>
</Scripts> 
</Frame>

<Frame name="CombatEventHandler" hidden="true">
<Scripts>
<OnLoad>
self:RegisterEvent("PLAYER_REGEN_DISABLED");
</OnLoad>
<OnEvent>
if StrudelMainFrame:IsVisible() == 1 then
print("[StrudelStore] Entering combat. StrudelStore has entered transparent mode.");
end
StrudelMainFrame:SetAlpha(0.1)
</OnEvent>
</Scripts> 
</Frame>

<Frame name="CombatExitHandler" hidden="true">
<Scripts>
<OnLoad>
self:RegisterEvent("PLAYER_REGEN_ENABLED");
</OnLoad>
<OnEvent>
StrudelMainFrame:SetAlpha(SliderOpacity);
</OnEvent>
</Scripts> 
</Frame>
</Ui>