<Ui xmlns="http://www.blizzard.com/wow/ui/" xmlns:xsi="http://www.w3.org/2001/XMLSchema-instance"
	xsi:schemaLocation="http://www.blizzard.com/wow/ui/">

	<!--
		Storyline
		Copyright 2015 Sylvain Cossement (telkostrasz@totalrp3.info)
		Copyright 2015 Renaud Parize (Ellypse) (renaud@parize.me)

		Licensed under the Apache License, Version 2.0 (the "License");
		you may not use this file except in compliance with the License.
		You may obtain a copy of the License at

			http://www.apache.org/licenses/LICENSE-2.0

		Unless required by applicable law or agreed to in writing, software
		distributed under the License is distributed on an "AS IS" BASIS,
		WITHOUT WARRANTIES OR CONDITIONS OF ANY KIND, either express or implied.
		See the License for the specific language governing permissions and
		limitations under the License.
	-->

	<Script file="locales.lua"/>

	<Include file="lib\lib.xml"/>

	<!-- Art pieces to hide border seams
	 	(copied from Blizzard, it adds a gradient texture between corners and borders so they blend)
	 -->
	<Frame name="Storyline_StandardParchmentFrame" virtual="true">
		<Layers>
			<Layer level="OVERLAY">
				<!-- CORNERS -->
				<Texture name="BorderTopLeft" file="Interface\AddOns\Storyline\Artwork\QuestionFrame\Question-Main">
					<Size x="209" y="158"/>
					<Anchors>
						<Anchor point="TOPLEFT" x="0" y="0"/>
					</Anchors>
					<TexCoords left="0.00195313" right="0.41015625" top="0.61718750" bottom="0.92578125"/>
				</Texture>
				<Texture name="BorderTopRight" file="Interface\AddOns\Storyline\Artwork\QuestionFrame\Question-Main">
					<Size x="209" y="158"/>
					<Anchors>
						<Anchor point="TOPRIGHT" x="0" y="0"/>
					</Anchors>
					<TexCoords left="0.41406250" right="0.82031250" top="0.61718750" bottom="0.92578125"/>
				</Texture>
				<Texture name="BorderBottomLeft" file="Interface\AddOns\Storyline\Artwork\QuestionFrame\Question-Main">
					<Size x="209" y="158"/>
					<Anchors>
						<Anchor point="BOTTOMLEFT" x="0" y="0"/>
					</Anchors>
					<TexCoords left="0.00195313" right="0.41015625" top="0.30468750" bottom="0.61328125"/>
				</Texture>
				<Texture name="BorderBottomRight" file="Interface\AddOns\Storyline\Artwork\QuestionFrame\Question-Main">
					<Size x="209" y="158"/>
					<Anchors>
						<Anchor point="BOTTOMRIGHT" x="0" y="0"/>
					</Anchors>
					<TexCoords left="0.41406250" right="0.82226563" top="0.30468750" bottom="0.61328125"/>
				</Texture>

				<!-- BORDERS -->
				<Texture name="BorderLeft" parentKey="BorderLeft" file="Interface\AddOns\Storyline\Artwork\QuestionFrame\Question-Vtile" vertTile="true">
					<Size x="93" y="256"/>
					<Anchors>
						<Anchor point="LEFT" x="2" y="0"/>
						<Anchor point="TOP" relativeTo="BorderTopLeft" relativePoint="BOTTOM"/>
						<Anchor point="BOTTOM" relativeTo="BorderBottomLeft" relativePoint="TOP"/>
					</Anchors>
					<TexCoords left="0.00390625" right="0.36718750" top="0.00000000" bottom="1.00000000"/>
				</Texture>
				<Texture name="BorderRight" parentKey="BorderRight" file="Interface\AddOns\Storyline\Artwork\QuestionFrame\Question-Vtile" vertTile="true">
					<Size x="94" y="256"/>
					<Anchors>
						<Anchor point="RIGHT" x="0" y="0"/>
						<Anchor point="TOP" relativeTo="BorderTopRight" relativePoint="BOTTOM"/>
						<Anchor point="BOTTOM" relativeTo="BorderBottomRight" relativePoint="TOP"/>
					</Anchors>
					<TexCoords left="0.37500000" right="0.74218750" top="0.00000000" bottom="1.00000000"/>
				</Texture>
				<Texture name="BottomBorder" parentKey="BottomBorder" file="Interface\AddOns\Storyline\Artwork\QuestionFrame\Question-HTile" horizTile="true">
					<Size x="256" y="86"/>
					<Anchors>
						<Anchor point="BOTTOMLEFT" relativeTo="BorderBottomLeft" relativePoint="BOTTOMRIGHT" y="2"/>
						<Anchor point="BOTTOMRIGHT" relativeTo="BorderBottomRight" relativePoint="BOTTOMLEFT" y="2"/>
					</Anchors>
					<TexCoords left="0.00000000" right="1.00000000" top="0.17187500" bottom="0.33984375"/>
				</Texture>
				<Texture name="TopBorder" parentKey="TopBorder" file="Interface\AddOns\Storyline\Artwork\QuestionFrame\Question-HTile" horizTile="true">
					<Size x="256" y="91"/>
					<Anchors>
						<Anchor point="TOPLEFT" relativeTo="BorderTopLeft" relativePoint="TOPRIGHT" y="-1"/>
						<Anchor point="TOPRIGHT" relativeTo="BorderTopRight" relativePoint="TOPLEFT" y="-1"/>
					</Anchors>
					<TexCoords left="0.00000000" right="1.00000000" top="0.34375000" bottom="0.52148438"/>
				</Texture>
			</Layer>
			<Layer level="OVERLAY" textureSubLevel="2">
				<Texture parentKey="LeftHide" inherits="QuestChoiceLeftHide">
					<Anchors>
						<Anchor point="TOPLEFT" relativeTo="$parent.BorderTopLeft" relativePoint="BOTTOMLEFT" x="10"
								y="10"/>
					</Anchors>
				</Texture>
				<Texture parentKey="LeftHide2" inherits="QuestChoiceLeftHide">
					<Anchors>
						<Anchor point="BOTTOMLEFT" relativeTo="$parent.BorderBottomLeft" relativePoint="TOPLEFT" x="10"
								y="-10"/>
					</Anchors>
				</Texture>
				<Texture parentKey="RightHide" inherits="QuestChoiceRightHide">
					<Anchors>
						<Anchor point="TOPRIGHT" relativeTo="$parent.BorderTopRight" relativePoint="BOTTOMRIGHT" x="-8"
								y="8"/>
					</Anchors>
				</Texture>
				<Texture parentKey="RightHide2" inherits="QuestChoiceRightHide">
					<Anchors>
						<Anchor point="BOTTOMRIGHT" relativeTo="$parent.BorderBottomRight" relativePoint="TOPRIGHT"
								x="-10" y="-10"/>
					</Anchors>
				</Texture>
				<Texture parentKey="BottomHide" inherits="QuestChoiceBottomHide">
					<Anchors>
						<Anchor point="BOTTOMLEFT" relativeTo="$parent.BorderBottomLeft" relativePoint="BOTTOMRIGHT"
								x="-10" y="11"/>
					</Anchors>
				</Texture>
				<Texture parentKey="BottomHide2" inherits="QuestChoiceBottomHide">
					<Anchors>
						<Anchor point="BOTTOMRIGHT" relativeTo="$parent.BorderBottomRight" relativePoint="BOTTOMLEFT"
								x="15" y="11"/>
					</Anchors>
				</Texture>
			</Layer>
			<Layer level="BACKGROUND">
				<Texture file="Interface\AddOns\Storyline\Artwork\QuestionFrame\question-background" vertTile="true" horizTile="true">
					<Anchors>
						<Anchor point="TOPLEFT" x="20" y="-20"/>
						<Anchor point="BOTTOMRIGHT" x="-20" y="20"/>
					</Anchors>
				</Texture>
			</Layer>
		</Layers>
		<Anchors>
			<Anchor point="CENTER" x="0" y="0"/>
		</Anchors>
		<TitleRegion setAllPoints="true"/>
	</Frame>

	<Button name="Storyline_ChoiceButton" virtual="true" hidden="false">
		<Size x="0" y="16"/>
		<Scripts>
			<OnEnter>
				Storyline_RefreshTooltipForFrame(self);
			</OnEnter>
			<OnLeave>
				Storyline_MainTooltip:Hide();
			</OnLeave>
			<PostClick>
				PlaySound("gsCharacterSelection","SFX");
			</PostClick>
		</Scripts>
		<HighlightTexture file="Interface\AddOns\Storyline\Artwork\QuestFrame\UI-QuestTitleHighlight" alphaMode="ADD"/>
		<ButtonText justifyH="CENTER">
			<Anchors>
				<Anchor point="LEFT" x="25" y="0"/>
				<Anchor point="RIGHT" x="-20" y="0"/>
			</Anchors>
		</ButtonText>
		<NormalFont style="QuestFontLeft"/>
	</Button>

	<Button name="Storyline_MultiChoiceButton" inherits="Storyline_InvisibleButton" virtual="true">
		<Size x="0" y="20"/>
		<Layers>
			<Layer level="OVERLAY">
				<FontString parentKey="Text" inherits="GameFontNormal" justifyH="LEFT" justifyV="MIDDLE" setAllPoints="true">
					<Anchors>
						<Anchor point="LEFT" x="0" y="0"/>
						<Anchor point="RIGHT" x="0" y="0"/>
					</Anchors>
					<Color r="0.95" g="0.75" b="0"/>
				</FontString>
			</Layer>
		</Layers>
		<Scripts>
			<OnEnter>
				--print("XML UI: Storyline Multichoice Button > Fontstring: Text")
				self.Text:SetTextColor(0.95, 0.95, 0.95);
			</OnEnter>
			<OnLeave>
				self.Text:SetTextColor(0.95, 0.75, 0);
			</OnLeave>
			<OnMouseDown>
				self.Text:SetPoint("LEFT", 2, -2);
				self.Text:SetPoint("RIGHT", 2, -2);
			</OnMouseDown>
			<OnMouseUp>
				self.Text:SetPoint("LEFT", 0, 0);
				self.Text:SetPoint("RIGHT", 0, 0);
			</OnMouseUp>
		</Scripts>
	</Button>

	<Frame name="Storyline_NPCFrame" inherits="Storyline_StandardParchmentFrame" toplevel="true" parent="UIParent"
		   frameStrata="MEDIUM" enableMouse="true" clampedToScreen="true" hidden="true" movable="true">
		<Size x="700" y="450"/>
		<Layers>
			<Layer level="BORDER">
				<Texture name="Storyline_NPCFrameBG" file="Interface\AddOns\Storyline\Artwork\DRESSUPFRAME\DressUpBackground-NightElf1" alpha="0.5">
					<Anchors>
						<Anchor point="TOPLEFT" x="20" y="-20"/>
						<Anchor point="BOTTOMRIGHT" x="-20" y="20"/>
					</Anchors>
				</Texture>
			</Layer>
			<Layer level="OVERLAY" textureSubLevel="3">
				<Texture name="Storyline_NPCFrameBanner" file="Interface\AddOns\Storyline\Artwork\Garrison\GarrMission_RewardsBanner-Desaturate">
					<Size x="384" y="96"/>
					<Anchors>
						<Anchor point="TOP" x="0" y="0"/>
					</Anchors>
				</Texture>
				<FontString name="Storyline_NPCFrameTitle" inherits="GameFontNormalLarge" justifyH="CENTER" justifyV="MIDDLE">
					<Size x="230" y="50"/>
					<Anchors>
						<Anchor point="CENTER" x="0" y="8" relativeTo="Storyline_NPCFrameBanner" relativePoint="CENTER"/>
					</Anchors>
				</FontString>
			</Layer>
		</Layers>
		<Frames>

			<Button name="Storyline_NPCFrameObjectives">
				<Size x="70" y="70"/>
				<Anchors>
					<Anchor point="TOP" x="0" y="-100"/>
				</Anchors>
				<Layers>
					<Layer level="BORDER" textureSubLevel="1">
						<Texture name="Storyline_NPCFrameObjectiveHolo" file="Interface\AddOns\Storyline\Artwork\UNITPOWERBARALT\PandarenTrainingLarge_Circular_Flash" alphaMode="ADD" alpha="0.5">
							<Size x="108" y="108"/>
							<Anchors>
								<Anchor point="CENTER" x="0" y="0"/>
							</Anchors>
						</Texture>
					</Layer>
					<Layer level="BORDER" textureSubLevel="2">
						<Texture name="Storyline_NPCFrameObjectivesImage" file="Interface\AddOns\Storyline\Artwork\FriendsFrame\FriendsFrameScrollIcon">
							<Size x="48" y="48"/>
							<Anchors>
								<Anchor point="CENTER" x="0" y="0"/>
							</Anchors>
						</Texture>
					</Layer>
					<Layer level="BORDER" textureSubLevel="3">
						<Texture name="Storyline_NPCFrameObjectivesBorder" file="Interface\AddOns\Storyline\Artwork\UNITPOWERBARALT\PandarenTrainingLarge_Circular_Frame">
							<Size x="100" y="100"/>
							<Anchors>
								<Anchor point="CENTER" x="0" y="0"/>
							</Anchors>
						</Texture>
					</Layer>
					<Layer level="ARTWORK">
						<Texture name="$parentOK" parentKey="OK" file="Interface\AddOns\Storyline\Artwork\RAIDFRAME\ReadyCheck-Ready" hidden="true">
							<Size x="40" y="40"/>
							<Anchors>
								<Anchor point="CENTER" x="0" y="0"/>
							</Anchors>
						</Texture>
					</Layer>
				</Layers>
				<Scripts>
					<OnLeave>
						Storyline_MainTooltip:Hide();
						Storyline_NPCFrameObjectiveHolo:SetAlpha(0.5);
					</OnLeave>
					<OnEnter>
						Storyline_NPCFrameObjectiveHolo:SetAlpha(0.75);
						Storyline_RefreshTooltipForFrame(self);
					</OnEnter>
				</Scripts>
				<Frames>
					<Button name="Storyline_NPCFrameObjectivesYes" inherits="Storyline_InvisibleButton">
						<Size x="40" y="40"/>
						<Anchors>
							<Anchor point="RIGHT" relativePoint="LEFT" x="0" y="0"/>
						</Anchors>
						<NormalTexture file="Interface\AddOns\Storyline\Artwork\RAIDFRAME\ReadyCheck-Ready"/>
						<HighlightTexture file="Interface\AddOns\Storyline\Artwork\PETBATTLES\PetBattle-SelectedPetGlow"/>
					</Button>
					<Button name="Storyline_NPCFrameObjectivesNo" inherits="Storyline_InvisibleButton">
						<Size x="40" y="40"/>
						<Anchors>
							<Anchor point="LEFT" relativePoint="RIGHT" x="0" y="0"/>
						</Anchors>
						<NormalTexture file="Interface\AddOns\Storyline\Artwork\RAIDFRAME\ReadyCheck-NotReady"/>
						<HighlightTexture file="Interface\AddOns\Storyline\Artwork\PETBATTLES\PetBattle-SelectedPetGlow"/>
					</Button>

					<Frame name="Storyline_NPCFrameObjectivesContent" inherits="Storyline_HoveredFrame" hidden="true">
						<Size x="325" y="150"/>
						<Layers>
							<Layer level="OVERLAY">
								<FontString name="$parentTitle" parentKey="Title" inherits="GameFontNormalLarge" justifyH="CENTER" justifyV="TOP">
									<Size x="0" y="20"/>
									<Anchors>
										<Anchor point="TOP" x="0" y="-10"/>
										<Anchor point="LEFT" x="10" y="0"/>
										<Anchor point="RIGHT" x="-10" y="0"/>
									</Anchors>
								</FontString>
								<FontString name="$parentObjectives" parentKey="Objectives" inherits="GameFontNormal" justifyH="LEFT" justifyV="TOP">
									<Size x="310" y="0"/>
									<Anchors>
										<Anchor point="TOP" relativePoint="BOTTOM" relativeTo="$parentTitle" x="0" y="-5"/>
										<!--<Anchor point="LEFT" x="10" y="0"/>-->
										<!--<Anchor point="RIGHT" x="-10" y="0"/>-->
									</Anchors>
									<Color r="0.95" g="0.95" b="0.95"/>
								</FontString>
								<FontString name="$parentGroupSuggestion" parentKey="GroupSuggestion" inherits="GameFontNormal" justifyH="LEFT"
											justifyV="TOP">
									<Size x="0" y="0"/>
									<Anchors>
										<Anchor point="TOP" relativePoint="BOTTOM" relativeTo="$parentObjectives" x="0" y="-5"/>
										<Anchor point="LEFT" x="10" y="0"/>
										<Anchor point="RIGHT" x="-10" y="0"/>
									</Anchors>
									<Color r="0.95" g="0.65" b="0"/>
								</FontString>
								<FontString name="$parentRequiredItemText" parentKey="RequiredItemText" inherits="GameFontNormal" justifyH="LEFT" justifyV="TOP">
									<Size x="0" y="0"/>
									<Anchors>
										<Anchor point="TOP" relativePoint="BOTTOM" relativeTo="$parentObjectives" x="0" y="-5"/>
										<Anchor point="LEFT" x="10" y="0"/>
										<Anchor point="RIGHT" x="-10" y="0"/>
									</Anchors>
									<Color r="0.95" g="0.65" b="0"/>
								</FontString>
							</Layer>
						</Layers>
					</Frame>
				</Frames>
			</Button>

			<Frame name="Storyline_NPCFrameRewards" frameLevel="3" setAllPoints="true">
				<Layers>
					<Layer level="BORDER" textureSubLevel="1">
						<Texture name="Storyline_NPCFrameRewardsHolo" file="Interface\AddOns\Storyline\Artwork\UNITPOWERBARALT\PandarenTrainingLarge_Circular_Flash" alphaMode="ADD" alpha="0.5">
							<Size x="256" y="256"/>
							<Anchors>
								<Anchor point="CENTER" x="-3" y="100"/>
							</Anchors>
						</Texture>
					</Layer>
					<Layer level="BORDER" textureSubLevel="2">
						<Texture file="Interface\AddOns\Storyline\Artwork\ExtraButton\GarrZoneAbility-TradingPost">
							<Size x="256" y="128"/>
							<Anchors>
								<Anchor point="CENTER" x="-3" y="100"/>
							</Anchors>
						</Texture>
					</Layer>
				</Layers>
				<Frames>
					<Button name="Storyline_NPCFrameRewardsItem" inherits="Storyline_IconButton">
						<Anchors>
							<Anchor point="CENTER" x="0" y="66"/>
						</Anchors>
						<Scripts>
							<OnEnter>
								if Storyline_NPCFrameRewards.itemLink then
									GameTooltip:SetOwner(self, "ANCHOR_TOP", 0, 20);
									GameTooltip:SetHyperlink(Storyline_NPCFrameRewards.itemLink);
									GameTooltip:Show();
								end
								Storyline_NPCFrameRewardsHolo:SetAlpha(0.75);
								Storyline_RefreshTooltipForFrame(self);
							</OnEnter>
							<OnLeave>
								GameTooltip:Hide();
								Storyline_MainTooltip:Hide();
								Storyline_NPCFrameRewardsHolo:SetAlpha(0.5);
							</OnLeave>
						</Scripts>
					</Button>

					<Frame name="$parentContent" parentKey="Content" inherits="Storyline_HoveredFrame" hidden="true">
						<Size x="325" y="150"/>
						<Layers>
							<Layer level="OVERLAY">
								<FontString name="$parentTitle" parentKey="Title" inherits="GameFontNormalLarge" justifyH="CENTER" justifyV="TOP">
									<Size x="0" y="20"/>
									<Anchors>
										<Anchor point="TOP" x="0" y="-10"/>
										<Anchor point="LEFT" x="10" y="0"/>
										<Anchor point="RIGHT" x="-10" y="0"/>
									</Anchors>
								</FontString>
								<FontString name="$parentRewardText1" parentKey="RewardText1" inherits="GameFontNormal" justifyH="LEFT" justifyV="TOP">
									<Size x="0" y="0"/>
									<Anchors>
										<Anchor point="TOP" relativePoint="BOTTOM" relativeTo="$parentTitle" x="0" y="-5"/>
										<Anchor point="LEFT" x="10" y="0"/>
										<Anchor point="RIGHT" x="-10" y="0"/>
									</Anchors>
									<Color r="0.95" g="0.95" b="0.95"/>
								</FontString>
								<FontString name="$parentRewardText1Value" parentKey="RewardText1Value" inherits="GameFontNormal" justifyH="LEFT" justifyV="TOP">
									<Size x="0" y="0"/>
									<Anchors>
										<Anchor point="TOP" relativePoint="BOTTOM" relativeTo="$parentRewardText1" x="0" y="-5"/>
										<Anchor point="LEFT" x="20" y="0"/>
										<Anchor point="RIGHT" x="-20" y="0"/>
									</Anchors>
									<Color r="0.95" g="0.95" b="0.95"/>
								</FontString>
								<FontString name="$parentRewardText2" parentKey="RewardText2" inherits="GameFontNormal" justifyH="LEFT" justifyV="TOP">
									<Size x="0" y="0"/>
									<Anchors>
										<Anchor point="TOP" relativePoint="BOTTOM" relativeTo="$parentRewardText1Value" x="0" y="-5"/>
										<Anchor point="LEFT" x="10" y="0"/>
										<Anchor point="RIGHT" x="-10" y="0"/>
									</Anchors>
									<Color r="0.95" g="0.95" b="0.95"/>
								</FontString>
								<FontString name="$parentRewardText3" parentKey="RewardText3" inherits="GameFontNormal" justifyH="LEFT" justifyV="TOP">
									<Size x="0" y="0"/>
									<Anchors>
										<Anchor point="TOP" relativePoint="BOTTOM" relativeTo="$parentRewardText2" x="0" y="-5"/>
										<Anchor point="LEFT" x="10" y="0"/>
										<Anchor point="RIGHT" x="-10" y="0"/>
									</Anchors>
									<Color r="0.95" g="0.95" b="0.95"/>
								</FontString>
								<FontString name="$parentRewardTextSpell" parentKey="RewardTextSpell" inherits="GameFontNormal" justifyH="LEFT" justifyV="TOP">
									<Size x="0" y="0"/>
									<Anchors>
										<Anchor point="TOP" relativePoint="BOTTOM" relativeTo="$parentRewardText3" x="0" y="-5"/>
										<Anchor point="LEFT" x="10" y="0"/>
										<Anchor point="RIGHT" x="-10" y="0"/>
									</Anchors>
									<Color r="0.95" g="0.95" b="0.95"/>
								</FontString>
							</Layer>
						</Layers>
						<Frames>
							<Button name="$parentSpellFrame" parentKey="SpellFrame" inherits="SmallItemButtonTemplate, QuestInfoRewardSpellCodeTemplate" hidden="true">
								<Anchors>
									<Anchor point="TOP" relativePoint="BOTTOM" relativeKey="$parentRewardTextSpell" x="0" y="-5"/>
									<Anchor point="LEFT" x="10" y="0"/>
								</Anchors>
							</Button>
							<Button name="$parentFollowerFrame" parentKey="FollowerFrame" inherits="QuestInfoRewardFollowerTemplate" hidden="true">
								<Anchors>
									<Anchor point="TOP" relativePoint="BOTTOM" relativeKey="$parentRewardTextSpell" x="0" y="-5"/>
									<Anchor point="LEFT" x="10" y="0"/>
								</Anchors>
							</Button>
						</Frames>
					</Frame>
				</Frames>
			</Frame>

			<Frame name="Storyline_NPCFrameGossipChoices" inherits="Storyline_HoveredFrame" hidden="true">
				<Size x="325" y="150"/>
				<Layers>
					<Layer level="OVERLAY">
						<FontString parentKey="Title" inherits="GameFontNormal" justifyH="CENTER" justifyV="TOP">
							<Size x="0" y="20"/>
							<Anchors>
								<Anchor point="TOP" x="0" y="-10"/>
								<Anchor point="LEFT" x="10" y="0"/>
								<Anchor point="RIGHT" x="-10" y="0"/>
							</Anchors>
							<Color r="0.95" g="0.95" b="0.95"/>
						</FontString>
					</Layer>
				</Layers>
			</Frame>

			<Frame name="Storyline_NPCFrameModels">
				<Size x="0" y="0"/>
				<Anchors>
					<Anchor point="TOP" x="0" y="-20"/>
					<Anchor point="BOTTOM" x="0" y="20"/>
					<Anchor point="LEFT" x="20" y="0"/>
					<Anchor point="RIGHT" x="-20" y="0"/>
				</Anchors>
				<Frames>
					<Frame name="Storyline_NPCFrameModelsPoint">
						<Size x="10" y="10"/>
						<Anchors>
							<Anchor point="CENTER" x="0" y="0"/>
						</Anchors>
					</Frame>
					<!--
					 TODO Use cinematicModels instead of PlayerModels
					 -->
					<!-- CHANGES:Lanrutcon:Increased frameLevel to 4 -->
					<PlayerModel name="Storyline_NPCFrameModelsMe" frameLevel="4">
						<Anchors>
							<Anchor point="TOP" x="0" y="0"/>
							<Anchor point="BOTTOM" x="0" y="0"/>
							<Anchor point="LEFT" x="0" y="0"/>
							<Anchor point="RIGHT" relativeTo="Storyline_NPCFrameModelsPoint" relativePoint="LEFT" x="0" y="0"/>
						</Anchors>
					</PlayerModel>
					<!-- CHANGES:Lanrutcon:Increased frameLevel to 4 -->
					<PlayerModel name="Storyline_NPCFrameModelsYou" frameLevel="4">
						<Anchors>
							<Anchor point="TOP" x="0" y="0"/>
							<Anchor point="BOTTOM" x="0" y="0"/>
							<Anchor point="RIGHT" x="0" y="0"/>
							<Anchor point="LEFT" relativeTo="Storyline_NPCFrameModelsPoint" relativePoint="RIGHT" x="0" y="0"/>
						</Anchors>
					</PlayerModel>

					<Button name="Storyline_NPCFrameChatOption1" inherits="Storyline_ChoiceButton"/>
					<Button name="Storyline_NPCFrameChatOption2" inherits="Storyline_ChoiceButton"/>
					<Button name="Storyline_NPCFrameChatOption3" inherits="Storyline_ChoiceButton"/>

				</Frames>
			</Frame>

			<!-- CHANGES:Lanrutcon:Increased frameLevel to 5 -->
			<Frame name="Storyline_NPCFrameChat" frameLevel="5">
				<Backdrop bgFile="Interface\AddOns\Storyline\Artwork\DialogFrame\UI-DialogBox-Background" edgeFile="Interface\AddOns\Storyline\Artwork\GLUES\COMMON\TextPanel-Border" tile="false">
					<EdgeSize>
						<AbsValue val="32"/>
					</EdgeSize>
					<TileSize>
						<AbsValue val="300"/>
					</TileSize>
					<BackgroundInsets>
						<AbsInset left="5" right="5" top="5" bottom="5"/>
					</BackgroundInsets>
				</Backdrop>
				<Size x="0" y="150"/>
				<Anchors>
					<Anchor point="BOTTOM" x="0" y="25"/>
					<Anchor point="LEFT" x="30" y="0"/>
					<Anchor point="RIGHT" x="-30" y="0"/>
				</Anchors>
				<Layers>
					<Layer level="BACKGROUND">
						<Texture file="Interface\AddOns\Storyline\Artwork\Tooltips\CHATBUBBLE-TAIL">
							<Size x="32" y="32"/>
							<Anchors>
								<Anchor point="BOTTOMRIGHT" relativePoint="TOPRIGHT" x="-40" y="-3"/>
							</Anchors>
							<TexCoords left="1" right="0" top="1" bottom="0"/>
						</Texture>
					</Layer>
					<Layer level="OVERLAY">
						<FontString name="Storyline_NPCFrameChatName" text="[TEXT]" inherits="GameFontNormalLarge" justifyH="RIGHT" justifyV="TOP">
							<Anchors>
								<Anchor point="TOPLEFT" x="50" y="-12"/>
								<Anchor point="TOPRIGHT" x="-50" y="-12"/>
							</Anchors>
							<Color r="1" g="0.75" b="0.0"/>
						</FontString>
						<FontString name="Storyline_NPCFrameChatText" text="[NAME]" inherits="GameFontNormalLarge" justifyH="LEFT" justifyV="TOP">
							<Anchors>
								<Anchor point="TOPLEFT" relativeTo="Storyline_NPCFrameChatName" relativePoint="BOTTOMLEFT" x="0" y="-10"/>
							</Anchors>
							<Color r="1" g="1" b="0.4"/>
						</FontString>
						<FontString name="Storyline_NPCFrameChatNextText" text="[POUIC]" inherits="GameFontNormalSmall" justifyH="RIGHT" justifyV="BOTTOM">
							<Anchors>
								<Anchor point="BOTTOM" x="0" y="17"/>
							</Anchors>
							<Color r="1" g="1" b="0.4"/>
						</FontString>
					</Layer>
				</Layers>
				<Frames>
					<Frame name="Storyline_NPCFrameChatHighlight" inherits="GlowBorderTemplate" hidden="true">
						<Anchors>
							<Anchor point="TOPLEFT" x="5" y="-2"/>
							<Anchor point="BOTTOMRIGHT" x="-3" y="5"/>
						</Anchors>
						<Scripts>
							<OnLoad>
								self:SetAlpha(0.15);
							</OnLoad>
						</Scripts>
					</Frame>
					<Button name="Storyline_NPCFrameChatNext" inherits="Storyline_InvisibleButton" setAllPoints="true" frameLevel="4">
						<Scripts>
							<OnEnter>
								Storyline_NPCFrameChatHighlight:Show();
							</OnEnter>
							<OnLeave>
								Storyline_NPCFrameChatHighlight:Hide();
							</OnLeave>
						</Scripts>
					</Button>
					<Button name="Storyline_NPCFrameChatPrevious" frameLevel="5">
						<Size x="35" y="35"/>
						<Anchors>
							<Anchor point="BOTTOMRIGHT" x="-5" y="5"/>
						</Anchors>
						<NormalTexture file="Interface\AddOns\Storyline\Artwork\Buttons\UI-RotationLeft-Button-Up"/>
						<PushedTexture file="Interface\AddOns\Storyline\Artwork\Buttons\UI-RotationLeft-Button-Down"/>
						<HighlightTexture file="Interface\AddOns\Storyline\Artwork\Buttons\ButtonHilight-Round" alphaMode="ADD"/>
					</Button>
				</Frames>
			</Frame>

			<Button name="Storyline_NPCFrameClose" inherits="UIPanelCloseButton">
				<Anchors>
					<Anchor point="TOPRIGHT" x="-5" y="-10"/>
				</Anchors>
			</Button>

			<!-- RESIZING BUTTON -->
			<Button name="Storyline_NPCFrameResizeButton" inherits="Storyline_ResizeButton" hidden="false">
				<!-- KeyValues were added in 6.0
				<KeyValues>
					<KeyValue key="resizableFrame" value="Storyline_NPCFrame" type="global"/>
					<KeyValue key="minWidth" value="700" type="number"/>
					<KeyValue key="minHeight" value="450" type="number"/>
				</KeyValues>
				-->
				<Anchors>
					<Anchor point="BOTTOMRIGHT" x="-5" y="10"/>
				</Anchors>
			</Button>

			<Button name="Storyline_NPCFrameConfigButton" inherits="BrowserButtonTemplate">
				<Anchors>
					<Anchor point="BOTTOMLEFT" x="5" y="10"/>
				</Anchors>
				<Layers>
					<Layer level="ARTWORK" textureSubLevel="5">
						<Texture name="$parentIcon" parentKey="Icon" file="Interface\AddOns\Storyline\Artwork\Buttons\UI-OptionsButton">
							<Size x="16" y="16"/>
							<Anchors>
								<Anchor point="CENTER" />
							</Anchors>
						</Texture>
					</Layer>
				</Layers>
				<Scripts>
					<OnClick>
						ToggleFrame(Storyline_NPCFrameConfig);
					</OnClick>
				</Scripts>
			</Button>
		</Frames>
	</Frame>

	<Frame name="Storyline_NPCFrameConfig" parent="Storyline_NPCFrame" hidden="true">
		<Backdrop bgFile="Interface\AddOns\Storyline\Artwork\DialogFrame\UI-DialogBox-Background" edgeFile="Interface\AddOns\Storyline\Artwork\GLUES\COMMON\TextPanel-Border" tile="false">
			<EdgeSize>
				<AbsValue val="32"/>
			</EdgeSize>
			<TileSize>
				<AbsValue val="300"/>
			</TileSize>
			<BackgroundInsets>
				<AbsInset left="5" right="5" top="5" bottom="5"/>
			</BackgroundInsets>
		</Backdrop>
		<Size x="0" y="150"/>
		<Anchors>
			<Anchor point="TOPRIGHT" relativeTo="Storyline_NPCFrame" relativePoint="BOTTOMRIGHT" x="0" y="10"/>
			<Anchor point="TOPLEFT" relativeTo="Storyline_NPCFrame" relativePoint="BOTTOMLEFT" x="0" y="10"/>
		</Anchors>
		<Layers>
			<Layer>
				<FontString name="Storyline_NPCFrameConfigText" inherits="GameFontNormalLarge" justifyH="CENTER" justifyV="TOP">
					<Size x="0" y="20"/>
					<Anchors>
						<Anchor point="TOPLEFT" x="50" y="-10"/>
						<Anchor point="TOPRIGHT" x="-50" y="-10"/>
					</Anchors>
					<Color r="1" g="1" b="0.4"/>
				</FontString>
			</Layer>
		</Layers>
		<Frames>
			<Slider name="Storyline_NPCFrameConfigSpeedSlider" inherits="Storyline_Slider">
				<Size x="250" y="15"/>
				<Anchors>
					<Anchor point="TOPLEFT" relativePoint="BOTTOMLEFT" relativeTo="Storyline_NPCFrameConfigText" x="0" y="-10"/>
				</Anchors>
				<Scripts>
					<OnLoad>
						self:SetMinMaxValues(0, 1.5);
						self:SetValueStep(0.1);
					</OnLoad>
				</Scripts>
			</Slider>
			<CheckButton name="Storyline_NPCFrameConfigAutoEquip" parentKey="AutoEquip" inherits="Storyline_CheckBox" checked="true">
				<Anchors>
					<Anchor point="LEFT" x="100" y="0" relativeTo="Storyline_NPCFrameConfigSpeedSlider" relativePoint="RIGHT"/>
				</Anchors>
			</CheckButton>
			<CheckButton name="Storyline_NPCFrameConfigForceGossip" parentKey="ForceGossip" inherits="Storyline_CheckBox" checked="true">
				<Anchors>
					<Anchor point="LEFT" x="100" y="-30" relativeTo="Storyline_NPCFrameConfigSpeedSlider" relativePoint="RIGHT"/>
				</Anchors>
			</CheckButton>
			<CheckButton name="Storyline_NPCFrameConfigHideOriginalFrames" parentKey="HideOriginalFrames" inherits="Storyline_CheckBox" checked="true">
				<Anchors>
					<Anchor point="LEFT" x="100" y="-60" relativeTo="Storyline_NPCFrameConfigSpeedSlider" relativePoint="RIGHT"/>
				</Anchors>
			</CheckButton>
			<Frame name="Storyline_NPCFrameConfigLocale" inherits="UIDropDownMenuTemplate" enableMouse="true">
				<Anchors>
					<Anchor point="TOPLEFT" relativePoint="BOTTOMLEFT" relativeTo="Storyline_NPCFrameConfigSpeedSlider" x="-20" y="-20"/>
				</Anchors>
				<Scripts>
					<OnEnter>
						Storyline_RefreshTooltipForFrame(self);
					</OnEnter>
					<OnLeave>
						Storyline_MainTooltip:Hide();
					</OnLeave>
				</Scripts>
			</Frame>
		</Frames>
	</Frame>

	<Include file="debug.xml"/>

	<Script file="structures.lua"/>
	<Script file="utils.lua"/>
	<Script file="selections.lua"/>
	<Script file="events.lua"/>
	<Script file="logic.lua"/>
</Ui>
