<Ui xsi:schemaLocation="http://www.blizzard.com/wow/ui/ ..\FrameXML\UI.xsd">
    <Script file="Libs\LibStub\LibStub.lua"/>
    <Include file="Libs\AceAddon-3.0\AceAddon-3.0.xml"/>
    <Include file="Libs\CallbackHandler-1.0\CallbackHandler-1.0.xml"/>
    <Include file="Libs\AceConsole-3.0\AceConsole-3.0.xml"/>
    <Include file="Libs\AceGUI-3.0\AceGUI-3.0.xml"/>
    <Include file="Libs\AceLocale-3.0\AceLocale-3.0.xml"/>
    <Include file="Libs\AceHook-3.0\AceHook-3.0.xml"/>
    <Include file="Libs\AceDB-3.0\AceDB-3.0.xml"/>
    <Include file="Libs\AceDBOptions-3.0\AceDBOptions-3.0.xml"/>
    <Include file="Libs\AceConfig-3.0\AceConfig-3.0.xml"/>
    <Include file="Libs\AceEvent-3.0\AceEvent-3.0.xml"/>
    <Script file="Libs\LibPetJournal-2.0\LibPetJournal-2.0.lua"/>
    <Script file="Libs\LibDataBroker-1.1\LibDataBroker-1.1.lua"/>
    <Script file="Libs\LibAboutPanel\LibAboutPanel.lua"/>
</Ui>
