<Ui>
<Frame name="SrvQuery">
 <Scripts>
   <OnLoad> self:RegisterEvent("PLAYER_TARGET_CHANGED"); </OnLoad>
   <OnEvent> GetExpx("target");</OnEvent>
  </Scripts>
</Frame>

 <Frame name="DragFrame1" enableMouse="true" movable="true">
 <Scripts>
  <OnLoad>self:RegisterForDrag("LeftButton"); </OnLoad>
  <OnDragStart>self:StartMoving();</OnDragStart>
  <OnDragStop>self:StopMovingOrSizing();</OnDragStop>
  <OnMouseUp>if(arg1=="RightButton" and DragFrame2:IsShown()) then DragFrame2:Hide(); else DragFrame2:Show(); end;</OnMouseUp>

 </Scripts>
 <!-- Tags below add a visual element to the frame. -->
 <Layers>
  <Layer level="ARTWORK">
   <Texture setAllPoints="true">
    <Color r="1.0" g="0.5" b="0.0" a="0.5" />
   </Texture>
  </Layer>
  <Layer level="OVERLAY">
  <FontString name="txt1" inherits="GameFontNormal" text="2v2: --|n3v3: --|nSolo: --">
                   <Anchors>
                       <Anchor point="TOP" relativeTo="myFrameHeader">
                           <Offset>
                               <AbsDimension x="0" y="-14"/>
                           </Offset>
                       </Anchor>
                   </Anchors>
   </FontString>
  </Layer>
  
 </Layers>
 <Size x="80" y="40" />
 <Anchors><Anchor point="CENTER" relativeTo="UIParent"/></Anchors>
</Frame>

<!--TESTING-->
<Frame name="DragFrame2" hidden="true" enableMouse="true" movable="true">
 <Scripts>
  <OnLoad>self:RegisterForDrag("LeftButton"); </OnLoad>
  <OnDragStart>self:StartMoving();</OnDragStart>
  <OnDragStop>self:StopMovingOrSizing();</OnDragStop>
 </Scripts>
 <!-- Tags below add a visual element to the frame. -->
 <Layers>
  <Layer level="ARTWORK">
   <Texture setAllPoints="false">
    <Color r="0.0" g="0.0" b="0.0" a="1.0" />
   </Texture>
  </Layer>
  <Layer level="OVERLAY">
  <FontString name="txt2" justifyH="LEFT" inherits="GameFontNormal" text="2v2: --|n3v3: --">
                   <Anchors>
                       <Anchor point="TOPLEFT" relativeTo="myFrameHeader">
                           <Offset>
                               <AbsDimension x="30" y="-14"/>
                           </Offset>
                       </Anchor>
                   </Anchors>
   </FontString>
  </Layer>
 </Layers>
 <Size x="250" y="400" />
 <Anchors><Anchor point="CENTER" relativeTo="UIParent"/></Anchors>
</Frame>
<!--TESTING-->
<Frame name="Printing1">
 <Scripts>
   <OnLoad> self:RegisterEvent("INSPECT_ACHIEVEMENT_READY"); </OnLoad>
   <OnEvent>resultsz=GetResultsz(); CollectData(); txt1:SetText(resultsz); </OnEvent>
  </Scripts>
</Frame>
</Ui>