<Ui xmlns="http://www.blizzard.com/wow/ui/">
	<Script file="AltPower.lua"/>
	<Script file="AuraBars.lua"/>
	<Script file="Auras.lua"/>
	<Script file="AuraHighlight.lua"/>
	<Script file="BuffIndicator.lua"/>
	<Script file="CastBar.lua"/>
	<Script file="ClassBars.lua"/>
	<Script file="CombatIndicator.lua"/>
	<Script file="ComboPoints.lua"/>
	<Script file="CustomText.lua"/>
	<Script file="Cutaway.lua"/>
	<Script file="GPS.lua"/>
	<Script file="HealPrediction.lua"/>
	<Script file="Health.lua"/>
	<Script file="InfoPanel.lua"/>
	<Script file="Name.lua"/>
	<Script file="PhaseIndicator.lua"/>
	<Script file="Portrait.lua"/>
	<Script file="Power.lua"/>
	<Script file="PvPIcon.lua"/>
	<Script file="PvPIndicator.lua"/>
	<Script file="PvPSpecIcon.lua"/>
	<Script file="RaidDebuffs.lua"/>
	<Script file="RaidIcon.lua"/>
	<Script file="RaidRoleIcons.lua"/>
	<Script file="Range.lua"/>
	<Script file="ReadyCheckIcon.lua"/>
	<Script file="RestingIndicator.lua"/>
	<Script file="ResurrectionIcon.lua"/>
	<Script file="Stagger.lua"/>
	<Script file="RoleIcons.lua"/>
	<Script file="FrameGlow.lua"/>
	<Script file="Threat.lua"/>
	<Script file="Trinket.lua"/>
</Ui>