<Ui xmlns="http://www.blizzard.com/wow/ui/" xmlns:xsi="http://www.w3.org/2001/XMLSchema-instance" xsi:schemaLocation="http://www.blizzard.com/wow/ui/
..\..\FrameXML\UI.xsd">	
	<Frame name="MRTQueueFrame" toplevel="true" movable="true" parent="UIParent" enableMouse="true" hidden="true">
		<!-- Basics -->
		<Size>
			<AbsDimension x="384" y="512"/> <!-- Needs 50 px of additional fill in the middle -->
		</Size>
		<Anchors>
			<Anchor point="TOPLEFT">
				<Offset>
					<AbsDimension x="0" y="-104"/>
				</Offset>
			</Anchor>
		</Anchors>
		<HitRectInsets>
			<AbsInset left="0" right="34" top="0" bottom="75"/>
		</HitRectInsets>
		<Layers>
			<Layer level="BACKGROUND">
				<Texture name="MRTQueuePortrait">
					<Size>
						<AbsDimension x="60" y="60"/>
					</Size>
					<Anchors>
						<Anchor point="TOPLEFT">
							<Offset>
								<AbsDimension x="7" y="-6"/>
							</Offset>
						</Anchor>
					</Anchors>
				</Texture>
				<Texture name="MRTQueueActiveSpecTabHighlight" file="Interface\SpellBook\SpellBook-SkillLineTab-Glow" hidden="true">
					<Size x="74" y="86"/>
				</Texture>
			</Layer>
			<Layer level="BORDER">
				<Texture name="MRTQueueTopLeft" file="Interface\PaperDollInfoFrame\UI-Character-General-TopLeft">
					<Size>
						<AbsDimension x="256" y="256"/>
					</Size>
					<Anchors>
						<Anchor point="TOPLEFT">
							<Offset>
								<AbsDimension x="2" y="-1"/>
							</Offset>
						</Anchor>
					</Anchors>
				</Texture>
				<Texture name="MRTQueueTopRight" file="Interface\PaperDollInfoFrame\UI-Character-General-TopRight">
					<Size>
						<AbsDimension x="128" y="256"/>
					</Size>
					<Anchors>
						<Anchor point="TOPRIGHT">
							<Offset>
								<AbsDimension x="2" y="-1"/>
							</Offset>
						</Anchor>
					</Anchors>
				</Texture>
				<Texture name="MRTQueueBottomLeft" file="Interface\TradeSkillFrame\UI-TradeSkill-BotLeft">
					<Size>
						<AbsDimension x="256" y="256"/>
					</Size>
					<Anchors>
						<Anchor point="BOTTOMLEFT">
							<Offset>
								<AbsDimension x="2" y="-1"/>
							</Offset>
						</Anchor>
					</Anchors>
				</Texture>
				<Texture name="MRTQueueBottomRight" file="Interface\ClassTrainerFrame\UI-ClassTrainer-BotRight">
					<Size>
						<AbsDimension x="128" y="256"/>
					</Size>
					<Anchors>
						<Anchor point="BOTTOMRIGHT">
							<Offset>
								<AbsDimension x="2" y="-1"/>
							</Offset>
						</Anchor>
					</Anchors>
				</Texture>
			</Layer>
			<Layer level="OVERLAY">
				<FontString name="MRTQueueTitleText" inherits="GameFontNormal" text="TradeSkill Queue">
					<Anchors>
						<Anchor point="TOP">
							<Offset>
								<AbsDimension x="0" y="-18"/>
							</Offset>
						</Anchor>
					</Anchors>
				</FontString>
			</Layer>
		</Layers>
	</Frame>
</Ui>