<Ui xmlns="http://www.blizzard.com/wow/ui/">
	<Script file="libs\Ace3\LibStub\LibStub.lua"/>
	<Include file="libs\Ace3\CallbackHandler-1.0\CallbackHandler-1.0.xml"/>
	<Include file="libs\Ace3\AceAddon-3.0\AceAddon-3.0.xml"/>
	<Include file="libs\Ace3\AceEvent-3.0\AceEvent-3.0.xml"/>
	<!--Include file="libs\Ace3\AceBucket-3.0\AceBucket-3.0.xml"/-->
	<!--Include file="libs\Ace3\AceTimer-3.0\AceTimer-3.0.xml"/-->
	<Include file="libs\Ace3\AceGUI-3.0\AceGUI-3.0.xml"/>	
	<!--Include file="libs\Ace3\AceHook-3.0\AceHook-3.0.xml"/-->
	<Include file="libs\Ace3\AceConsole-3.0\AceConsole-3.0.xml"/>
	<Include file="libs\Ace3\AceLocale-3.0\AceLocale-3.0.xml"/>
	<Include file="libs\Ace3\AceConfig-3.0\AceConfig-3.0.xml"/>
	<Include file="libs\Ace3\AceDB-3.0\AceDB-3.0.xml"/>
	<Include file="libs\Ace3\AceDBOptions-3.0\AceDBOptions-3.0.xml"/>
	<Include file="libs\AlarShared-3.0\core.xml"/>
	<Script file="libs\MiniStub\MiniStub.lua"/>
</Ui>