<Ui xmlns="http://www.blizzard.com/wow/ui/" xmlns:xsi="http://www.w3.org/2001/XMLSchema-instance" xsi:schemaLocation="http://www.blizzard.com/wow/ui/
..\FrameXML\UI.xsd">

  <Script file="Module.lua" />
  <Script file="Prototype.lua" />
  <Script file="Animations.lua" />

  <Frame name="AuraFramesBarContainerTemplate" parent="UIParent" virtual="true" movable="true">
    <Frames>
      <Frame name="$parentContent" />
    </Frames>
  </Frame>
  
  <Frame name="AuraFramesBarTemplate" frameStrata="MEDIUM" frameLevel="6" virtual="true" hidden="true">
    <Frames>
      <Frame name="$parentContent">
        <Frames>
          <Button name="$parentButton">
            <Layers>
              <Layer level="BORDER">
                <Texture name="$parentIcon" />
              </Layer>
              <Layer level="OVERLAY">
                <Texture name="$parentBorder" file="Interface\Buttons\UI-Debuff-Overlays" alphaMode="ADD">
                  <TexCoords left="0.296875" right="0.5703125" top="0" bottom="0.515625"/>
                </Texture>
              </Layer>
            </Layers>
            <Frames>
              <Cooldown name="$parentCooldown" level="BORDER" hidden="true" />
            </Frames>
          </Button>
          <Frame level="BACKGROUND" frameStrata="BACKGROUND" name="$parentBarBackground">
            <Layers>
              <Layer level="BACKGROUND">
                <Texture name="$parentTexture" />
              </Layer>
            </Layers>
          </Frame>
          <Frame level="BORDER" name="$parentBar">
            <Layers>
              <Layer level="BACKGROUND">
                <Texture name="$parentTexture" />
              </Layer>
              <Layer level="ARTWORK">
                <Texture name="$parentSpark" file="Interface\CastingBar\UI-CastingBar-Spark" alphaMode="ADD" />
              </Layer>
            </Layers>
          </Frame>
          <Frame>
            <Layers>
              <Layer level="OVERLAY">
                <FontString name="$parentText" nonspacewrap="true" wordwrap="false" />
                <FontString name="$parentDuration" hidden="true" />
              </Layer>
            </Layers>
          </Frame>
        </Frames>
      </Frame>
    </Frames>
  </Frame>

</Ui>