<Ui xmlns="http://www.blizzard.com/wow/ui/" xmlns:xsi="http://www.w3.org/2001/XMLSchema-instance" xsi:schemaLocation="http://www.blizzard.com/wow/ui/
..\FrameXML\UI.xsd">
  <CheckButton name="LearningAidSpellButtonTemplate" inherits="SpellButtonTemplate, SecureActionButtonTemplate" virtual="true">
    <Scripts>
      <OnLoad>
        --SpellButton_OnLoad(self);
        self:RegisterForDrag("LeftButton")
        self:RegisterForClicks("LeftButtonUp", "RightButtonUp", "MiddleButtonUp")
      </OnLoad>
      <OnEvent>
        --SpellButton_OnEvent(self, event, ...);
      </OnEvent>
      <PreClick>
        self:SetChecked(false);
      </PreClick>
      <!-- <OnClick>
        - -if ( IsModifiedClick() ) then
        - -  SpellButton_OnModifiedClick(self, button);
        - -else
        - -  SpellButton_OnClick(self, button);
        - -end
        - -DEFAULT_CHAT_FRAME:AddMessage(button)
        if button == "RightButton" then
          LearningAid.ClearButtonIndex(LearningAid.Frame, self.Index)
        else
          SecureActionButton_OnClick(self, button)
        end
      </OnClick> -->
      <OnShow>
        --SpellButton_OnShow(self);
      </OnShow>
      <OnHide>
        --SpellButton_OnHide(self);
        LearningAid:SpellButton_OnHide(self)
      </OnHide>
      <OnDragStart>
        --SpellButton_OnDrag(self);
        LearningAid:SpellButton_OnDrag(self)
      </OnDragStart>
      <OnReceiveDrag>
        --SpellButton_OnDrag(self);
        LearningAid:SpellButton_OnDrag(self)
      </OnReceiveDrag>
      <OnEnter>
        --SpellButton_OnEnter(self);
        LearningAid:SpellButton_OnEnter(self)
      </OnEnter>
      <OnLeave>
        GameTooltip:Hide();
      </OnLeave>
    </Scripts>
  </CheckButton>
</Ui>