<Ui xmlns="http://www.blizzard.com/wow/ui/" xmlns:xsi="http://www.w3.org/2001/XMLSchema-instance" xsi:schemaLocation="http://www.blizzard.com/wow/ui/
..\FrameXML\UI.xsd">
	<Script file="TitanBag.lua"/>
	<Frame parent="UIParent">
		<Frames>
			<Button name="TitanPanelBagButton" inherits="TitanPanelComboTemplate" frameStrata="FULLSCREEN" toplevel="true">
				<Scripts>
					<OnLoad>
						TitanPanelBagButton_OnLoad();
						TitanPanelButton_OnLoad();
					</OnLoad>
					<OnEvent>
						TitanPanelBagButton_OnEvent();
					</OnEvent>
					<OnClick>
						TitanPanelBagButton_OnClick(arg1);
						TitanPanelButton_OnClick(arg1);
					</OnClick>
				</Scripts>
			</Button>
		</Frames>
	</Frame>		
</Ui>