<Ui>

	<!--  Libs -->
	<Script file="Libs\AzDialog.lua"/>
	<Script file="Libs\AzDropDown.lua"/>
	<Script file="Libs\LibTableRecycler.lua"/>

	<!--  Core -->
	<Script file="Scanner.lua"/>
	<Script file="core.lua"/>

	<!--  Modules -->
	<Script file="Modules\itemslots.lua"/>
	<Script file="Modules\config.lua"/>
	<Script file="Modules\cache.lua"/>
	<Script file="Modules\stats.lua"/>
	<Script file="Modules\pvp.lua"/>
	<Script file="Modules\feats.lua"/>
	<Script file="Modules\talents.lua"/>

	<!--  Localisation -->
	<Script file="Locales\enUS.lua"/>
	<Script file="Locales\deDE.lua"/>
	<Script file="Locales\koKR.lua"/>
	<Script file="Locales\frFR.lua"/>
	<Script file="Locales\ruRU.lua"/>
	<Script file="Locales\zhTW.lua"/>

</Ui>