﻿<Ui xmlns:xsi="http://www.w3.org/2001/XMLSchema-instance" xmlns:xsd="http://www.w3.org/2001/XMLSchema" xmlns="http://www.blizzard.com/wow/ui/">
	<Script file="Options.lua"></Script>

	<Frame name="DataStoreCharactersOptions" hidden="true">
		<Size>
			<AbsDimension x="615" y="306"/>
		</Size>
		<Frames>
			<CheckButton name="$parent_RequestPlayTime" inherits="InterfaceOptionsSmallCheckButtonTemplate">
				<Size>
					<AbsDimension x="20" y="20"/>
				</Size>
				<Anchors> 
					<Anchor point="TOPLEFT">
						<Offset>
							<AbsDimension x="40" y="-40" />
						</Offset>
					</Anchor>
				</Anchors>      
				<Scripts>
					<OnClick>
						DataStore:ToggleOption(self, "DataStore_Characters", "RequestPlayTime")
					</OnClick>
				</Scripts>
			</CheckButton>
			<CheckButton name="$parent_HideRealPlayTime" inherits="InterfaceOptionsSmallCheckButtonTemplate">
				<Size>
					<AbsDimension x="20" y="20"/>
				</Size>
				<Anchors> 
					<Anchor point="TOP" relativeTo="$parent_RequestPlayTime" relativePoint="BOTTOM" >
						<Offset>
							<AbsDimension  x="0" y="-10"/>
						</Offset>
					</Anchor>
				</Anchors>
				<Scripts>
					<OnClick>
						DataStore:ToggleOption(self, "DataStore_Characters", "HideRealPlayTime")
					</OnClick>
				</Scripts>
			</CheckButton>
		</Frames>
	</Frame>
	
</Ui>
