<Ui xmlns="http://www.blizzard.com/wow/ui/"
    xmlns:xsi="http://www.w3.org/2001/XMLSchema-instance"
    xsi:schemaLocation="http://www.blizzard.com/wow/ui/
..\FrameXML\UI.xsd">
<!--@no-lib-strip@-->
  <Script file="Libs\Ace3\LibStub\LibStub.lua" />
  <Include file="Libs\Ace3\CallbackHandler-1.0\CallbackHandler-1.0.xml" />
  <Include file="Libs\Ace3\AceLocale-3.0\AceLocale-3.0.xml" />
  <Include file="Libs\Ace3\AceAddon-3.0\AceAddon-3.0.xml" />
  <Include file="Libs\Ace3\AceDB-3.0\AceDB-3.0.xml" />
  <Include file="Libs\Ace3\AceEvent-3.0\AceEvent-3.0.xml" />
  <Include file="Libs\Ace3\AceDBOptions-3.0\AceDBOptions-3.0.xml" />
  <Include file="Libs\Ace3\AceConsole-3.0\AceConsole-3.0.xml" />
  <Include file="Libs\Ace3\AceGUI-3.0\AceGUI-3.0.xml" />
  <Include file="Libs\Ace3\AceConfig-3.0\AceConfig-3.0.xml" />
  <Include file="Libs\Ace3\AceComm-3.0\AceComm-3.0.xml" />
  <Include file="Libs\LibSharedMedia-3.0\lib.xml" />
<!--@end-no-lib-strip@-->
</Ui>
