<Ui xmlns="http://www.blizzard.com/wow/ui/"
  xmlns:xsi="http://www.w3.org/2001/XMLSchema-instance" xsi:schemaLocation="http://www.blizzard.com/wow/ui/
..\FrameXML\UI.xsd">
  <Script file="UnitFrame.lua"/>

  <Frame>
    <Scripts>
      <OnLoad>
        if ( not ROMANSPECTOR_DISCORD ) then
          ROMANSPECTOR_DISCORD = true;
          DEFAULT_CHAT_FRAME:AddMessage("|cffbaf5aeUnitFrameLayers|r: even more useful addons in my Discord group |cff44d3e3https://discord.gg/wXw6pTvxMQ|r");
        end
      </OnLoad>
    </Scripts>
  </Frame>

  <Texture name="MyHealPredictionBarTemplate" virtual="true" file="Interface\TargetingFrame\UI-StatusBar">
    <Color r="0.0" g="0.827" b="0.765"/>
  </Texture>
  <Texture name="MyManaCostPredictionBarTemplate" virtual="true" file="Interface\TargetingFrame\UI-StatusBar">
    <Color r="0.0" g="0.447" b="1.0"/>
  </Texture>
  <Texture name="OtherHealPredictionBarTemplate" virtual="true" file="Interface\TargetingFrame\UI-StatusBar">
    <Color r="0.0" g="0.631" b="0.557"/>
  </Texture>
  <Texture name="TotalAbsorbBarTemplate" virtual="true" file="Interface\AddOns\UnitFrameLayers\Textures\Shield-Fill"/>
  <Texture name="HealAbsorbBarTemplate" virtual="true"/>
  <Texture name="HealAbsorbBarLeftShadowTemplate" virtual="true" file="Interface\AddOns\UnitFrameLayers\Textures\Absorb-Edge"/>
  <Texture name="HealAbsorbBarRightShadowTemplate" virtual="true" file="Interface\AddOns\UnitFrameLayers\Textures\Absorb-Edge">
    <TexCoords left="1" right="0" top="0" bottom="1"/>
  </Texture>

  <!--The tile size is set up in UnitFrame_Initialize-->
  <Texture name="TotalAbsorbBarOverlayTemplate" virtual="true" file="Interface\AddOns\UnitFrameLayers\Textures\Shield-Overlay" vertTile="true" horizTile="true"/>
  <Texture name="OverAbsorbGlowTemplate" virtual="true" file="Interface\AddOns\UnitFrameLayers\Textures\Shield-Overshield" alphaMode="ADD">
    <Size x="16" y="0"/>
  </Texture>
  <Texture name="OverHealAbsorbGlowTemplate" virtual="true" file="Interface\AddOns\UnitFrameLayers\Textures\Absorb-Overabsorb" alphaMode="ADD">
    <Size x="16" y="0"/>
  </Texture>

  <Frame name="StatusBarHealPredictionTemplate" frameLevel="1" setAllPoints="true" virtual="true">
    <Layers>
      <Layer level="BACKGOURND">
        <Texture name="$parentTotalAbsorbBar" inherits="TotalAbsorbBarTemplate"/>
        <Texture name="$parentHealAbsorbBarRightShadow" inherits="HealAbsorbBarRightShadowTemplate"/>
        <Texture name="$parentHealAbsorbBarLeftShadow" inherits="HealAbsorbBarLeftShadowTemplate"/>
      </Layer>
      <Layer level="BORDER">
        <Texture name="$parentOverHealAbsorbGlow" inherits="OverHealAbsorbGlowTemplate"/>
        <Texture name="$parentHealAbsorbBar" inherits="HealAbsorbBarTemplate"/>
        <Texture name="$parentFrameMyHealPredictionBar" inherits="MyHealPredictionBarTemplate"/>
        <Texture name="$parentFrameOtherHealPredictionBar" inherits="OtherHealPredictionBarTemplate"/>
        <Texture name="$parentFrameManaCostPredictionBar" inherits="MyManaCostPredictionBarTemplate"/>
      </Layer>
      <Layer level="ATWORK">
        <Texture name="$parentTotalAbsorbBarOverlay" inherits="TotalAbsorbBarOverlayTemplate"/>
      </Layer>
    </Layers>
    <Frames setAllPoints="true">
      <Frame name="$parentFrameOverAbsorb" frameLevel="3">
        <Layers>
          <Layer level="OVERLAY">
            <Texture name="$parentGlow" inherits="OverAbsorbGlowTemplate"/>
          </Layer>
        </Layers>
      </Frame>
    </Frames>
  </Frame>

  <StatusBar name="PlayerFrameHealthBarAnimatedLossTemplate" hidden="true" virtual="true">
    <BarTexture file="Interface\TargetingFrame\UI-StatusBar"/>
    <Scripts>
      <OnLoad>
        Mixin(self, AnimatedHealthLossMixin);
        self:OnLoad();
      </OnLoad>
    </Scripts>
  </StatusBar>


  <Frame name="FullPowerFrameTemplate" inherits="FullResourcePulseFrame" virtual="true">
    <Size x="119" y="12"/>
    <Anchors>
      <Anchor point="TOPRIGHT"/>
    </Anchors>
  </Frame>

</Ui>