<Ui xmlns="http://www.blizzard.com/wow/ui/" xmlns:xsi="http://www.w3.org/2001/XMLSchema-instance" xsi:schemaLocation="http://www.blizzard.com/wow/ui/
..\FrameXML\UI.xsd">
<!--@no-lib-strip@-->
<Script file="Libs\LibStub\LibStub.lua"/>
<Script file="Libs\CallbackHandler-1.0\CallbackHandler-1.0.lua"/>
<Script file="Libs\AceAddon-3.0\AceAddon-3.0.lua"/>
<Script file="Libs\AceEvent-3.0\AceEvent-3.0.lua"/>
<Script file="Libs\AceDB-3.0\AceDB-3.0.lua"/>
<Script file="Libs\AceLocale-3.0\AceLocale-3.0.lua"/>
<Script file="Libs\AceConsole-3.0\AceConsole-3.0.lua"/>
<!--@end-no-lib-strip@-->
<Include file="Libs\Backdrop\Backdrop.xml"/>
<Include file="Libs\LibCompat-1.0\lib.xml"/>
<Script file="Libs\LibSharedMedia-3.0\LibSharedMedia-3.0.lua"/>
<Script file="Libs\LibDataBroker-1.1\LibDataBroker-1.1.lua"/>
<Script file="Libs\LibDBIcon-1.0\LibDBIcon-1.0.lua"/>
<Script file="Libs\LibBossIDs-1.0\LibBossIDs-1.0.lua"/>
</Ui>