<Ui xmlns="http://www.blizzard.com/wow/ui/" xmlns:xsi="http://www.w3.org/2001/XMLSchema-instance" xsi:schemaLocation="http://www.blizzard.com/wow/ui/
..\FrameXML\UI.xsd">
<Script file="LibStub\LibStub.lua"/>
<Script file="CallbackHandler-1.0\CallbackHandler-1.0.lua"/>
<Include file="Compat\Compat.xml"/>
<Script file="AceAddon-3.0\AceAddon-3.0.lua"/>
<Script file="AceEvent-3.0\AceEvent-3.0.lua"/>
<Script file="AceTimer-3.0\AceTimer-3.0.lua"/>
<Script file="AceDB-3.0\AceDB-3.0.lua"/>
<Script file="AceDBOptions-3.0\AceDBOptions-3.0.lua"/>
<Script file="AceLocale-3.0\AceLocale-3.0.lua"/>
<Script file="AceConsole-3.0\AceConsole-3.0.lua"/>
<Include file="AceGUI-3.0\AceGUI-3.0.xml"/>
<Include file="AceConfig-3.0\AceConfig-3.0.xml"/>
<Include file="AceComm-3.0\AceComm-3.0.xml"/>
<Script file="AceSerializer-3.0\AceSerializer-3.0.lua"/>
<Script file="LibSharedMedia-3.0\LibSharedMedia-3.0.lua"/>
<Include file="AceGUI-3.0-SharedMediaWidgets\widget.xml"/>
</Ui>