<Ui xmlns="http://www.blizzard.com/wow/ui/" xmlns:xsi="http://www.w3.org/2001/XMLSchema-instance" xsi:schemaLocation="http://www.blizzard.com/wow/ui/
..\FrameXML\UI.xsd">

<script file="libs\AceLibrary\AceLibrary.lua"/>
<script file="libs\AceOO-2.0\AceOO-2.0.lua"/>
<script file="libs\AceEvent-2.0\AceEvent-2.0.lua"/>
<script file="libs\AceHook-2.1\AceHook-2.1.lua"/>
<script file="libs\AceAddon-2.0\AceAddon-2.0.lua"/>
<script file="libs\AceDB-2.0\AceDB-2.0.lua"/>
<script file="libs\AceConsole-2.0\AceConsole-2.0.lua"/>
<script file="libs\AceLocale-2.2\AceLocale-2.2.lua"/>
<!--@alpha@
<script file="libs\AceDebug-2.0\AceDebug-2.0.lua"/>
@end-alpha@-->

<script file="libs\DewdropLib\Dewdrop-2.0.lua"/>
<script file="libs\TabletLib\Tablet-2.0.lua"/>
<script file="libs\FuBarPlugin-2.0\FuBarPlugin-2.0.lua"/>

<script file="libs\LibSharedMedia-3.0\LibStub\LibStub.lua"/>
<script file="libs\LibSharedMedia-3.0\CallbackHandler-1.0\CallbackHandler-1.0.lua"/>
<include file="libs\LibSharedMedia-3.0\lib.xml"/>

</Ui>
