<Ui xmlns="http://www.blizzard.com/wow/ui/" xmlns:xsi="http://www.w3.org/2001/XMLSchema-instance" xsi:schemaLocation="http://www.blizzard.com/wow/ui/
..\FrameXML\UI.xsd">

<!-- Addon skins are here, must be prefixed by SkinMe\ -->

<script file="SkinMe\Accountant.lua"/>
<script file="SkinMe\Ace2.lua"/>
<script file="SkinMe\Ace3.lua"/>
<script file="SkinMe\AceProfit.lua"/>
<script file="SkinMe\AckisRecipeList.lua"/>
<script file="SkinMe\ACP.lua"/>
<script file="SkinMe\AdvancedTradeSkillWindow.lua"/>
<script file="SkinMe\aftt_extreme.lua"/>
<script file="SkinMe\Altoholic.lua"/>
<script file="SkinMe\AoTRDungeonQuester.lua"/>
<script file="SkinMe\ArkInventory.lua"/>
<script file="SkinMe\Armory.lua"/>
<script file="SkinMe\Ash_DoTimer.lua"/>
<script file="SkinMe\Assessment.lua"/>
<script file="SkinMe\Atlas.lua"/>
<script file="SkinMe\AtlasLoot.lua"/>
<script file="SkinMe\AtlasQuest.lua"/>
<script file="SkinMe\Auctioneer.lua"/>
<script file="SkinMe\AuctionFilterPlus.lua"/>
<script file="SkinMe\AucAdvanced.lua"/>
<script file="SkinMe\AucExtras.lua"/>
<script file="SkinMe\AuldLangSyne.lua"/>
<script file="SkinMe\AutoBag.lua"/>
<script file="SkinMe\AutoBarConfig.lua"/>
<script file="SkinMe\AutoDecline.lua"/>
<script file="SkinMe\AutoProfit.lua"/>
<script file="SkinMe\AutoProfitX.lua"/>
<script file="SkinMe\AxuItemMenus.lua"/>
<script file="SkinMe\Badapples.lua"/>
<script file="SkinMe\Baggins.lua"/>
<script file="SkinMe\Bagnon.lua"/>
<script file="SkinMe\BankAccountant.lua"/>
<script file="SkinMe\BankItems.lua"/>
<script file="SkinMe\BattleChat.lua"/>
<script file="SkinMe\BattleCry.lua"/>
<script file="SkinMe\BaudAuction.lua"/>
<script file="SkinMe\BaudBag.lua"/>
<script file="SkinMe\BaudManifest.lua"/>
<script file="SkinMe\BaudMenu.lua"/>
<script file="SkinMe\BeanCounter.lua"/>
<script file="SkinMe\BeastTraining.lua"/>
<script file="SkinMe\beql.lua"/>
<script file="SkinMe\BetterInbox.lua"/>
<script file="SkinMe\BigBankStatement.lua"/>
<script file="SkinMe\BigGuild.lua"/>
<script file="SkinMe\BigTrouble.lua"/>
<script file="SkinMe\Bongos3.lua"/>
<script file="SkinMe\Bonuses.lua"/>
<script file="SkinMe\BtmScan.lua"/>
<script file="SkinMe\Buffalo.lua"/>
<script file="SkinMe\Buffalo2.lua"/>
<script file="SkinMe\BuffQ.lua"/>
<script file="SkinMe\Butsu.lua"/>
<script file="SkinMe\BugSack.lua"/>
<script file="SkinMe\BuyEmAll.lua"/>
<script file="SkinMe\BuyPoisons.lua"/>
<script file="SkinMe\Capping.lua"/>
<script file="SkinMe\Cartographer.lua"/>
<script file="SkinMe\CBRipoff.lua"/>
<script file="SkinMe\cgCrafty.lua"/>
<script file="SkinMe\CharacterInfo.lua"/>
<script file="SkinMe\CharactersViewer.lua"/>
<script file="SkinMe\Chatr.lua"/>
<script file="SkinMe\Chatter.lua"/>
<script file="SkinMe\Chinchilla.lua"/>
<script file="SkinMe\Clique.lua"/>
<script file="SkinMe\Combuctor.lua"/>
<script file="SkinMe\ConcessionStand.lua"/>
<script file="SkinMe\Converse.lua"/>
<script file="SkinMe\Cork.lua"/>
<script file="SkinMe\CowTip.lua"/>
<script file="SkinMe\CT_MailMod.lua"/>
<script file="SkinMe\CT_RaidAssist.lua"/>
<script file="SkinMe\CT_RaidTracker.lua"/>
<script file="SkinMe\DamageMeters.lua"/>
<script file="SkinMe\DBM.lua"/>
<script file="SkinMe\DebuffFilter.lua"/>
<script file="SkinMe\Demon.lua"/>
<script file="SkinMe\DemonTrainerFrame.lua"/>
<script file="SkinMe\DepositBox.lua"/>
<script file="SkinMe\Dewdrop.lua"/>
<script file="SkinMe\DiamondThreatMeter.lua"/>
<script file="SkinMe\Dominos.lua"/>
<script file="SkinMe\DopieArenaInfo.lua"/>
<script file="SkinMe\DoubleWide.lua"/>
<script file="SkinMe\DuckieBank.lua"/>
<script file="SkinMe\Earth.lua"/>
<script file="SkinMe\EasyTrack.lua"/>
<script file="SkinMe\EasyUnlock.lua"/>
<script file="SkinMe\EavesDrop.lua"/>
<script file="SkinMe\EditingUI.lua"/>
<script file="SkinMe\EnchantMe.lua"/>
<script file="SkinMe\EnchantrixBarker.lua"/>
<script file="SkinMe\EngBags.lua"/>
<script file="SkinMe\EnhancedFlightMap.lua"/>
<script file="SkinMe\EnhancedStackSplit.lua"/>
<script file="SkinMe\EnhancedTradeSkills.lua"/>
<script file="SkinMe\EnhTooltip.lua"/>
<script file="SkinMe\Epeen.lua"/>
<script file="SkinMe\epgp.lua"/>
<script file="SkinMe\EQL3.lua"/>
<script file="SkinMe\EquipCompare.lua"/>
<script file="SkinMe\EveryQuest.lua"/>
<script file="SkinMe\Examiner.lua"/>
<script file="SkinMe\FactionGrinder.lua"/>
<script file="SkinMe\Factionizer.lua"/>
<script file="SkinMe\FBagOfHolding.lua"/>
<script file="SkinMe\FeedMachine.lua"/>
<script file="SkinMe\Fence.lua"/>
<script file="SkinMe\FilterTradeSkill.lua"/>
<script file="SkinMe\FishingBuddy.lua"/>
<script file="SkinMe\FlightMap.lua"/>
<script file="SkinMe\ForteWarlock.lua"/>
<script file="SkinMe\FramesResized.lua"/>
<script file="SkinMe\FramesResized_TalentUI.lua"/>
<script file="SkinMe\FreierGeist_InstanceTime.lua"/>
<script file="SkinMe\FruityLoots.lua"/>
<script file="SkinMe\FuBar_PoisonReminderFu.lua"/>
<script file="SkinMe\GCInfo.lua"/>
<script file="SkinMe\GemHelper.lua"/>
<script file="SkinMe\GemMe.lua"/>
<script file="SkinMe\GFW_FeedOMatic.lua"/>
<script file="SkinMe\GFW_HuntersHelperUI.lua"/>
<script file="SkinMe\GlowFoSho.lua"/>
<script file="SkinMe\Gossipmonger.lua"/>
<script file="SkinMe\GotWood.lua"/>
<script file="SkinMe\Grid.lua"/>
<script file="SkinMe\GrimReaper.lua"/>
<script file="SkinMe\GroupCalendar.lua"/>
<script file="SkinMe\Guild_Alliance.lua"/>
<script file="SkinMe\Guild_Log.lua"/>
<script file="SkinMe\GuildAds.lua"/>
<script file="SkinMe\GuildBankAccount.lua"/>
<script file="SkinMe\GuildEventManager2.lua"/>
<script file="SkinMe\Hadar_FocusFrame.lua"/>
<script file="SkinMe\HandyNotes.lua"/>
<script file="SkinMe\HatTrick.lua"/>
<script file="SkinMe\HealBot.lua"/>
<script file="SkinMe\HealersAssist.lua"/>
<script file="SkinMe\HealingEstimator.lua"/>
<script file="SkinMe\HealOrganizer.lua"/>
<script file="SkinMe\Historian.lua"/>
<script file="SkinMe\HitsMode.lua"/>
<script file="SkinMe\HoloFriends.lua"/>
<script file="SkinMe\IgorsMassAuction.lua"/>
<script file="SkinMe\ImprovedErrorFrame.lua"/>
<script file="SkinMe\InstanceMaps.lua"/>
<script file="SkinMe\InsultDevice.lua"/>
<script file="SkinMe\InventoryOnPar.lua"/>
<script file="SkinMe\ItemDB.lua"/>
<script file="SkinMe\ItemEnchantApplication.lua"/>
<script file="SkinMe\ItemRack.lua"/>
<script file="SkinMe\ItemSync.lua"/>
<script file="SkinMe\JasonQuest.lua"/>
<script file="SkinMe\Junk.lua"/>
<script file="SkinMe\Karma.lua"/>
<script file="SkinMe\KC_Items.lua"/>
<!-- <script file="SkinMe\KingOfTheJungle.lua"/> -->
<script file="SkinMe\KLHThreatMeter.lua"/>
<script file="SkinMe\KombatStats.lua"/>
<script file="SkinMe\LightHeaded.lua"/>
<script file="SkinMe\LinkHeaven.lua"/>
<script file="SkinMe\Links.lua"/>
<script file="SkinMe\LinksList.lua"/>
<script file="SkinMe\LinkWrangler.lua"/>
<script file="SkinMe\LoadIT.lua"/>
<script file="SkinMe\LootHog.lua"/>
<script file="SkinMe\LootLink.lua"/>
<script file="SkinMe\LootScroll.lua"/>
<script file="SkinMe\Ludwig.lua"/>
<script file="SkinMe\MageEatDrinkAid.lua"/>
<script file="SkinMe\MailTo.lua"/>
<script file="SkinMe\MCP.lua"/>
<script file="SkinMe\MetaMap.lua"/>
<script file="SkinMe\MinimapButtonFrame.lua"/>
<script file="SkinMe\Mirror.lua"/>
<script file="SkinMe\MobileFrames.lua"/>
<script file="SkinMe\MobileVault.lua"/>
<script file="SkinMe\MobMap.lua"/>
<script file="SkinMe\Moleskine.lua"/>
<script file="SkinMe\MonkeyQuest.lua"/>
<script file="SkinMe\MonkeyQuestLog.lua"/>
<script file="SkinMe\MSBTOptions.lua"/>
<script file="SkinMe\MTLove.lua"/>
<script file="SkinMe\MultiTips.lua"/>
<script file="SkinMe\MusicPlayer.lua"/>
<script file="SkinMe\MyBags.lua"/>
<!-- <script file="SkinMe\myBindings.lua"/> -->
<script file="SkinMe\myClock.lua"/>
<script file="SkinMe\myMusic.lua"/>
<script file="SkinMe\NECB.lua"/>
<script file="SkinMe\NeonChat.lua"/>
<script file="SkinMe\NicheCombatConfig.lua"/>
<script file="SkinMe\Notebook.lua"/>
<script file="SkinMe\NotesUNeed.lua"/>
<script file="SkinMe\nQuestLog.lua"/>
<script file="SkinMe\OgriLazy.lua"/>
<script file="SkinMe\Omen.lua"/>
<script file="SkinMe\Omnibus.lua"/>
<script file="SkinMe\OneBag.lua"/>
<script file="SkinMe\OneBank.lua"/>
<script file="SkinMe\OptionHouse.lua"/>
<script file="SkinMe\Outfitter.lua"/>
<script file="SkinMe\Palatank.lua"/>
<script file="SkinMe\PallyPower.lua"/>
<script file="SkinMe\PartyQuests.lua"/>
<script file="SkinMe\PassLoot.lua"/>
<script file="SkinMe\PerlClassic.lua"/>
<script file="SkinMe\Planner.lua"/>
<script file="SkinMe\PlayerExpBar.lua"/>
<script file="SkinMe\PoliteWhisper.lua"/>
<script file="SkinMe\Possessions.lua"/>
<script file="SkinMe\Postal.lua"/>
<script file="SkinMe\Prat.lua"/>
<script file="SkinMe\ProcMeter.lua"/>
<script file="SkinMe\ProfessionsBook.lua"/>
<script file="SkinMe\Proximo.lua"/>
<script file="SkinMe\PVPCooldown.lua"/>
<script file="SkinMe\PvpMessages.lua"/>
<script file="SkinMe\Quartz.lua"/>
<script file="SkinMe\QuestGuru.lua"/>
<script file="SkinMe\QuestHistory.lua"/>
<script file="SkinMe\QuestIon.lua"/>
<script file="SkinMe\RABuffs.lua"/>
<script file="SkinMe\ReadySpells.lua"/>
<script file="SkinMe\ReagentHeaven.lua"/>
<script file="SkinMe\Recap.lua"/>
<script file="SkinMe\RecipeBook.lua"/>
<script file="SkinMe\RecipeRadar.lua"/>
<script file="SkinMe\Recount.lua"/>
<script file="SkinMe\RockConfig.lua"/>
<script file="SkinMe\Sanity2.lua"/>
<script file="SkinMe\SanityBags.lua"/>
<script file="SkinMe\SellJunk.lua"/>
<script file="SkinMe\ShieldLeft.lua"/>
<script file="SkinMe\sienasGemViewer.lua"/>
<script file="SkinMe\SimpleMouseoverTarget.lua"/>
<script file="SkinMe\Skillet.lua"/>
<script file="SkinMe\SmartBuff.lua"/>
<script file="SkinMe\SmartDebuff.lua"/>
<script file="SkinMe\SpamSentry.lua"/>
<script file="SkinMe\SpecialTalentUI.lua"/>
<script file="SkinMe\SpellBinder.lua"/>
<script file="SkinMe\Spyglass.lua"/>
<script file="SkinMe\Squeenix.lua"/>
<script file="SkinMe\sRaidFrames.lua"/>
<script file="SkinMe\StanceSets.lua"/>
<script file="SkinMe\SuperInspect_UI.lua"/>
<script file="SkinMe\SuperMacro.lua"/>
<script file="SkinMe\SW_Stats.lua"/>
<script file="SkinMe\SystemMessageControlTool.lua"/>
<script file="SkinMe\Tablet.lua"/>
<script file="SkinMe\Talented.lua"/>
<script file="SkinMe\Tankadin.lua"/>
<script file="SkinMe\TankPoints.lua"/>
<script file="SkinMe\TargetAnnounce.lua"/>
<script file="SkinMe\tekKompare.lua"/>
<script file="SkinMe\tekKonfig.lua"/>
<script file="SkinMe\TinyTip.lua"/>
<script file="SkinMe\TipBuddy.lua"/>
<script file="SkinMe\TipTac.lua"/>
<script file="SkinMe\TitanExitGame.lua"/>
<script file="SkinMe\TomTom.lua"/>
<script file="SkinMe\Toons.lua"/>
<script file="SkinMe\TourGuide.lua"/>
<script file="SkinMe\TradeJunkie.lua"/>
<script file="SkinMe\TradeTabs.lua"/>
<script file="SkinMe\Trinity2.lua"/>
<script file="SkinMe\TuringTest.lua"/>
<script file="SkinMe\UberQuest.lua"/>
<script file="SkinMe\VanasKoS.lua"/>
<script file="SkinMe\vBagnon.lua"/>
<script file="SkinMe\Vendor.lua"/>
<script file="SkinMe\Violation.lua"/>
<script file="SkinMe\Visor2GUI.lua"/>
<script file="SkinMe\Waterfall.lua"/>
<script file="SkinMe\WebDKP.lua"/>
<script file="SkinMe\WIM.lua"/>
<script file="SkinMe\WoWEquip.lua"/>
<script file="SkinMe\xcalc.lua"/>
<script file="SkinMe\XLoot.lua"/>
<script file="SkinMe\XPerl.lua"/>
<script file="SkinMe\XRS.lua"/>
<script file="SkinMe\ZOMGBuffs.lua"/>

</Ui>
