<Ui xmlns="http://www.blizzard.com/wow/ui" xmlns:xsi="http://www.w3.org/2001/XMLSchema-instance">

	<Frame name="OzRaidCheckTemplate" virtual="true">
		<Size>
			<AbsDimension x="80" y="18"/>
		</Size>
		<Frames>
			<CheckButton name="$parentButton" inherits="OptionsCheckButtonTemplate" checked="true">
				<Size><AbsDimension x="20" y="20"/></Size>
				<HitRectInsets> <AbsInset left="0" right="-40" top="0" bottom="0"/> </HitRectInsets>
				<Anchors>
					<Anchor point="TOPLEFT"/>
				</Anchors>
				<Scripts>
					<OnClick>
						    OZ_OptionsSetConfigFromOptions();
					</OnClick>
				</Scripts>
			</CheckButton>
		</Frames>
	</Frame>

	<Frame name="OzRaidRadioTemplate" virtual="true">
		<Size>
			<AbsDimension x="60" y="18"/>
		</Size>
		<Frames>
			<CheckButton name="$parentButton" inherits="SendMailRadioButtonTemplate" checked="true">
				<Size><AbsDimension x="20" y="20"/></Size>
				<HitRectInsets> <AbsInset left="0" right="-40" top="0" bottom="0"/> </HitRectInsets>
				<Anchors>
					<Anchor point="TOPLEFT"/>
				</Anchors>
				<Scripts>
					<OnClick>
						Oz_RaidDisplayCheckClick( this:GetParent():GetID() );
					</OnClick>
				</Scripts>
			</CheckButton>
		</Frames>
	</Frame>

	 <Button name="OZ_TabTemplate" inherits="CharacterFrameTabButtonTemplate" virtual="true">
		<Scripts>
			<OnClick>
				OZ_OptionsTabOnClick(this);
			</OnClick>
		</Scripts>
	</Button>

	<Frame name="OzRaidBasicTemplate" virtual="true">
		<Backdrop bgFile="Interface\DialogFrame\UI-DialogBox-Background" edgeFile="Interface\Tooltips\UI-Tooltip-Border" tile="true">
		  <BackgroundInsets>
			<AbsInset left="4" right="4" top="4" bottom="4" />
		  </BackgroundInsets>
		  <TileSize>
			<AbsValue val="16" />
		  </TileSize>
		  <EdgeSize>
			<AbsValue val="16" />
		  </EdgeSize>
		</Backdrop>
	</Frame>
	<Frame name="OzRaidThickTemplate" virtual="true">
		<Backdrop bgFile="Interface\DialogFrame\UI-DialogBox-Background" edgeFile="Interface\DialogFrame\UI-DialogBox-Border" tile="true">
		  <BackgroundInsets>
			<AbsInset left="11" right="12" top="12" bottom="11" />
		  </BackgroundInsets>
		  <TileSize>
			<AbsValue val="32" />
		  </TileSize>
		  <EdgeSize>
			<AbsValue val="32" />
		  </EdgeSize>
		</Backdrop>
	</Frame>

	<Frame name="OzRaidOptionTemplate" inherits="OzRaidBasicTemplate" virtual="true">
		<Size>
			<AbsDimension x="420" y="470" />
		</Size>
		<Anchors>
			<Anchor point="TOPLEFT"><Offset x="10" y="-40"/></Anchor>
		</Anchors>
	</Frame>


  <Button name = "OzRaidBuffPanelEntryTemplate" virtual="true">
    <Size><AbsDimension x="280" y="16" /></Size>
	<Scripts>
		<OnClick>
			OZ_BuffPanelClick();
			PlaySound("igMainMenuOptionCheckBoxOn");
		</OnClick>
	</Scripts>
	<HighlightTexture file="Interface\QuestFrame\UI-QuestTitleHighlight" alphaMode="ADD"/>
	<Frames>
		<Button name="$parentMaximise" inherits="OZ_ButtonTemplate">
			<Size>
				<AbsDimension x="16" y="16"/>
			</Size>
			<Anchors>
				<Anchor point="LEFT"/>
			</Anchors>
			<Scripts>
				<OnClick> OZ_BuffPanelClick(); </OnClick>
			</Scripts>
		</Button>
	</Frames>
    <Layers>
	  <Layer>
        <FontString name="$parentText" inherits="GameFontHighlight" wraponspaces="false" justifyH="LEFT" text="entry">
			<Size><AbsDimension x="200" y="16" /></Size>
			<Anchors>
				<Anchor point="LEFT"><Offset x="20" y="0"/></Anchor>
			</Anchors>
		</FontString>
        <FontString name="$parentPriority" inherits="GameFontHighlight" wraponspaces="false" justifyH="LEFT" text="none">
			<Size><AbsDimension x="70" y="16" /></Size>
			<Anchors>
				<Anchor point="RIGHT"></Anchor>
			</Anchors>
		</FontString>
      </Layer>
    </Layers>
  </Button>



</Ui>