<Ui xmlns="http://www.blizzard.com/wow/ui" xmlns:xsi="http://www.w3.org/2001/XMLSchema-instance">
	<Frame name="OzRaidTabbedTemplate" virtual="true">
		<Backdrop bgFile="Interface\DialogFrame\UI-DialogBox-Background" edgeFile="Interface\DialogFrame\UI-DialogBox-Border" tile="true">
		  <BackgroundInsets>
			<AbsInset left="11" right="12" top="12" bottom="11" />
		  </BackgroundInsets>
		  <TileSize>
			<AbsValue val="32" />
		  </TileSize>
		  <EdgeSize>
			<AbsValue val="32" />
		  </EdgeSize>
		</Backdrop>
		<Layers>
			<Layer> 
				<Texture name="$parentBG1" file="Interface\ItemTextFrame\ItemText-Stone-TopLeft">
					<Size>
						<AbsDimension x="296" y="32"/>
					</Size>
					<Anchors>
						<Anchor point="TOPLEFT">
							<Offset>
								<AbsDimension x="13" y="-12" />
							</Offset>
						</Anchor>
					</Anchors>
					<TexCoords left="0" right="1" top="0" bottom="0.125" />
				</Texture>
				<Texture name="$parentBG2" file="Interface\ItemTextFrame\ItemText-Stone-TopRight">
					<Size>
						<AbsDimension x="80" y="32"/>
					</Size>
					<Anchors>
						<Anchor point="TOPLEFT" relativeTo="$parentBG1" relativePoint="TOPRIGHT"/>
					</Anchors>
					<TexCoords left="0" right="1" top="0" bottom="0.125" />
				</Texture>
			</Layer>
		</Layers>
		<Frames>
			<Button name="$parentTab1" inherits="OZ_TabTemplate" id="1" text="Presets">
				<Anchors>
					<Anchor point="BOTTOMLEFT">
						<Offset>
							<AbsDimension x="0" y="-26" />
						</Offset>
					</Anchor>
				</Anchors>	
			</Button>
			<Button name="$parentTab2" inherits="OZ_TabTemplate" id="2" text="Inputs">
				<Anchors>
					<Anchor point="TOPLEFT" relativeTo="$parentTab1" relativePoint="TOPRIGHT">
						<Offset>
							<AbsDimension x="-20" y="0" />
						</Offset>
					</Anchor>
				</Anchors>	
			</Button>
			<Button name="$parentTab3" inherits="OZ_TabTemplate" id="3" text="Sort">
				<Anchors>
					<Anchor point="TOPLEFT" relativeTo="$parentTab2" relativePoint="TOPRIGHT">
						<Offset>
							<AbsDimension x="-20" y="0" />
						</Offset>
					</Anchor>
				</Anchors>	
			</Button>
			<Button name="$parentTab4" inherits="OZ_TabTemplate" id="4" text="Display">
				<Anchors>
					<Anchor point="TOPLEFT" relativeTo="$parentTab3" relativePoint="TOPRIGHT">
						<Offset>
							<AbsDimension x="-20" y="0" />
						</Offset>
					</Anchor>
				</Anchors>	
			</Button>
			<Button name="$parentTab5" inherits="OZ_TabTemplate" id="5" text="Buffs">
				<Anchors>
					<Anchor point="TOPLEFT" relativeTo="$parentTab4" relativePoint="TOPRIGHT">
						<Offset>
							<AbsDimension x="-20" y="0" />
						</Offset>
					</Anchor>
				</Anchors>	
			</Button>
			<Button name="$parentTab6" inherits="OZ_TabTemplate" id="6" text="Sizes">
				<Anchors>
					<Anchor point="TOPLEFT" relativeTo="$parentTab5" relativePoint="TOPRIGHT">
						<Offset>
							<AbsDimension x="-20" y="0" />
						</Offset>
					</Anchor>
				</Anchors>	
			</Button>
<!--
			<Button name="$parentTab7" inherits="OZ_TabTemplate" id="7" text="Extra">
				<Anchors>
					<Anchor point="TOPLEFT" relativeTo="$parentTab6" relativePoint="TOPRIGHT">
						<Offset>
							<AbsDimension x="-20" y="0" />
						</Offset>
					</Anchor>
				</Anchors>	
			</Button>
-->
		</Frames>
	</Frame>
  
  <Frame name="OzRaidOptions" toplevel="true" inherits="OzRaidTabbedTemplate" hidden="true" movable="true" parent="UIParent">
    <Size>
      <AbsDimension x="440" y="520" />
    </Size>
    <Anchors>
      <Anchor point="CENTER" relativeTo="UIParent">
        <Offset>
          <AbsDimension x="0" y="0" />
        </Offset>
      </Anchor>
    </Anchors>
    <Backdrop bgFile="Interface\DialogFrame\UI-DialogBox-Background" edgeFile="Interface\DialogFrame\UI-DialogBox-Border" tile="true">
      <BackgroundInsets>
        <AbsInset left="11" right="12" top="12" bottom="11" />
      </BackgroundInsets>
      <TileSize>
        <AbsValue val="32" />
      </TileSize>
      <EdgeSize>
        <AbsValue val="32" />
      </EdgeSize>
    </Backdrop>
	<Frames>
		<Frame>
			<Size>
				<AbsDimension x="160" y="32" />
			</Size>
			<Anchors>
				<Anchor point="TOP">
					<Offset>
						<AbsDimension x="-100" y="15" />
					</Offset>
				</Anchor>
			</Anchors>
			<Layers>
				<Layer>
					<Texture name="$parentTitleBorder" file="Interface\DialogFrame\UI-DialogBox-Header">
						<TexCoords left="0.2" right="0.8" top="0" bottom="0.6" />
					</Texture>
				<FontString name="$parentTitleString" font="Fonts\FRIZQT__.TTF" text="OzRaid Options">
				  <Size>
					<AbsDimension x="140" y="24" />
				  </Size>
				  <Anchors>
					<Anchor point="TOP">
					  <Offset>
						<AbsDimension x="0" y="-4" />
					  </Offset>
					</Anchor>
				  </Anchors>
				  <FontHeight>
					<AbsValue val="12" />
				  </FontHeight>
				  <Color r="1" g="0.8196079" b="0" />
				</FontString>
				</Layer>
			</Layers>
		</Frame>

		<!-- Current Window selector -->
		<Button name="OZ_OptionsWindow" inherits="UIDropDownMenuTemplate">
			<Size x="120" y="32" />
			<Anchors>
				<Anchor point="TOPLEFT">
					<Offset x="200" y="-16" />
				</Anchor>
			</Anchors>
			<Scripts>
				<OnLoad>
					OZ_OptionsWindow_OnLoad()
				</OnLoad> 
				<OnShow>
					OZ_OptionsWindow_OnLoad()
				</OnShow> 
			</Scripts> 
		</Button>

		<!-- Preset Pane -->
		<Frame name="$parentPresets" inherits="OzRaidPresetsTemplate">
		</Frame>

		<!-- Inputs Pane -->
		<Frame name="$parentInputs" inherits="OzRaidInputsTemplate" hidden="true">
		</Frame>

		<!-- Filters Pane -->
<!--		<Frame name="$parentFilters" inherits="OzRaidFiltersTemplate" hidden="true">
		</Frame>
-->
		<!-- Sort Pane -->
		<Frame name="$parentSorts" inherits="OzRaidSortTemplate" hidden="true">
		</Frame>

		<!-- Display Pane -->
		<Frame name="$parentDisplay" inherits="OzRaidDisplayTemplate" hidden="true">
		</Frame>

		<!-- Buffs Pane -->
		<Frame name="$parentBuffs" inherits="OzRaidBuffsTemplate" hidden="true">
		</Frame>

		<!-- General Pane -->
		<Frame name="$parentGeneral" inherits="OzRaidGeneralTemplate" hidden="true">
		</Frame>

		<!-- CLOSE BUTTON -->
		<Button name="$parentClose" text="Close" inherits="UIPanelButtonTemplate">
			<Size>
				<AbsDimension x="60" y="25"/>
			</Size>
			<Anchors>
				<Anchor point="TOPRIGHT">
					<Offset>
					  <AbsDimension x="-12" y="-16"/>
					</Offset>
				</Anchor>
			</Anchors>
			<Scripts>
				<OnClick>OZ_HideOptions()</OnClick>
			</Scripts>
		</Button>
		<Button name="$parentAdd" text="Add" inherits="UIPanelButtonTemplate">
			<Size>
				<AbsDimension x="50" y="25"/>
			</Size>
			<Anchors>
				<Anchor point="TOPLEFT">
					<Offset>
					  <AbsDimension x="28" y="-16"/>
					</Offset>
				</Anchor>
			</Anchors>
			<Scripts>
				<OnClick>OZ_AddWindowPressed()</OnClick>
			</Scripts>
		</Button>
		<Button name="$parentDelete" text="Delete" inherits="UIPanelButtonTemplate">
			<Size>
				<AbsDimension x="60" y="25"/>
			</Size>
			<Anchors>
				<Anchor point="TOPLEFT">
					<Offset>
					  <AbsDimension x="82" y="-16"/>
					</Offset>
				</Anchor>
			</Anchors>
			<Scripts>
				<OnClick>OZ_DeleteWindowPressed()</OnClick>
			</Scripts>
		</Button>
		<Button name="$parentCopy" text="Copy" inherits="UIPanelButtonTemplate">
			<Size>
				<AbsDimension x="60" y="25"/>
			</Size>
			<Anchors>
				<Anchor point="TOPLEFT">
					<Offset>
					  <AbsDimension x="146" y="-16"/>
					</Offset>
				</Anchor>
			</Anchors>
			<Scripts>
				<OnClick>OZ_CopyWindowPressed()</OnClick>
			</Scripts>
		</Button>
	</Frames>
    <Scripts>
		<OnLoad>this:RegisterForDrag("LeftButton");</OnLoad>
		<OnDragStart>this:StartMoving()</OnDragStart>
		<OnDragStop>this:StopMovingOrSizing()</OnDragStop>
    </Scripts>

  </Frame>
</Ui>