<Ui xmlns="http://www.blizzard.com/wow/ui" xmlns:xsi="http://www.w3.org/2001/XMLSchema-instance">
	<!-- Preset Pane -->
	<Frame name="OzRaidPresetsTemplate" inherits="OzRaidOptionTemplate" virtual="true">
		<Frames>
			<Button name="$parentCenter" text="Re-Center" inherits="UIPanelButtonTemplate">
				<Size x="80" y="25"/>
				<Anchors>
					<Anchor point="TOPRIGHT" relativeTo="$parent" relativePoint="TOPRIGHT"><Offset x="-10" y="-10" /></Anchor>
				</Anchors>
				<Scripts>
					<OnClick>OZ_OptionsCentre()</OnClick>
				</Scripts>
			</Button>
			<Frame inherits="OzRaidBasicTemplate">
				<Size x="300" y="88"/>
				<Anchors><Anchor point="TOP"><Offset x="0" y="-130"/></Anchor></Anchors>
				<Frames>
					<Frame name="$parentPreset" inherits="OZ_RowHeaderTemplate">
						<Size x="300" y="17" />
						<Anchors><Anchor point="TOPLEFT"><Offset x="0" y="-5"/></Anchor></Anchors>
					</Frame>
					<Button name="OZ_PresetsCombo1" inherits="UIDropDownMenuTemplate">
						<Size x="120" y="32" />
						<Anchors>
							<Anchor point="TOPLEFT">
								<Offset x="-6" y="-26" />
							</Anchor>
						</Anchors>
						<Scripts>
							<OnLoad>
								OZ_PresetsCombo1_OnLoad()
							</OnLoad> 
							<OnShow>
								OZ_PresetsCombo1_OnLoad()
							</OnShow> 
						</Scripts> 
					</Button>

					<Button name="OZ_PresetsCombo2" inherits="UIDropDownMenuTemplate">
						<Size x="120" y="32" />
						<Anchors>
							<Anchor point="TOPLEFT">
								<Offset x="134" y="-26" />
							</Anchor>
						</Anchors>
						<Scripts>
							<OnShow>
								OZ_PresetsCombo2_OnLoad()
							</OnShow> 
						</Scripts> 
					</Button>
					<Button name="$parentApply" text="Apply" inherits="UIPanelButtonTemplate">
						<Size x="60" y="25"/>
						<Anchors>
							<Anchor point="TOPLEFT">
								<Offset x="120" y="-54"/>
							</Anchor>
						</Anchors>
						<Scripts>
							<OnClick>OZ_PresetApply()</OnClick>
						</Scripts>
					</Button>

					<Button name="$parentReset" text="Reset" inherits="UIPanelButtonTemplate">
						<Size x="60" y="25"/>
						<Anchors>
							<Anchor point="TOPLEFT" relativeTo="$parentApply" relativePoint="TOPRIGHT"/>
						</Anchors>
						<Scripts>
							<OnClick>OZ_OptionsReset()</OnClick>
						</Scripts>
					</Button>

				</Frames>
			</Frame>

			<Frame inherits="OzRaidBasicTemplate">
				<Size x="350" y="60"/>
				<Anchors><Anchor point="TOP"><Offset x="0" y="-350"/></Anchor></Anchors>
				<Frames>
					<Frame name="$parentMiniAngleHeading" inherits="OZ_RowHeaderTemplate">
						<Size>
						  <AbsDimension x="100" y="17" />
						</Size>
						<Anchors>
							<Anchor point="TOPLEFT"><Offset x="15" y="0"/></Anchor>
						</Anchors>
					</Frame>
					<Slider name="$parentMiniAngle" inherits="OptionsSliderTemplate" minValue="0" maxValue="360" defaultValue="40" valueStep="1">
						<Size x="150" y="17" />
						<Anchors>
							<Anchor point="TOPLEFT" relativeTo="$parentMiniAngleHeading" relativePoint="BOTTOMLEFT"/>
						</Anchors>
					</Slider>

					<Frame name="$parentMiniDistHeading" inherits="OZ_RowHeaderTemplate">
						<Size>
						  <AbsDimension x="100" y="17" />
						</Size>
						<Anchors>
							<Anchor point="TOPLEFT" relativeTo="$parentMiniAngleHeading" relativePoint="TOPRIGHT"><Offset x="70" y="0"/></Anchor>
						</Anchors>
					</Frame>
					<Slider name="$parentMiniDist" inherits="OptionsSliderTemplate" minValue="0" maxValue="120" defaultValue="80" valueStep="1">
						<Size x="150" y="17" />
						<Anchors>
							<Anchor point="TOPLEFT" relativeTo="$parentMiniDistHeading" relativePoint="BOTTOMLEFT"/>
						</Anchors>
					</Slider>

					<Frame name="$parentMiniIcon" inherits="OzRaidCheckTemplate">
						<Anchors><Anchor point="TOPLEFT" relativeTo="$parentMiniAngleHeading" relativePoint="TOPLEFT"><Offset x="45" y="-35"/></Anchor></Anchors>
					</Frame>
				</Frames>
			</Frame>

			<Frame name="$parentTitleHeading" inherits="OZ_RowHeaderTemplate">
				<Size x="150" y="17" />
				<Anchors><Anchor point="TOPLEFT"><Offset x="20" y="-15"/></Anchor></Anchors>
			</Frame>
            <EditBox name="$parentTitleName" inherits="InputBoxTemplate">
				<Size x="120" y="26"/>
				<Anchors><Anchor point="TOPLEFT" relativeTo="$parentTitleHeading" relativePoint="TOPRIGHT"><Offset x="20" y="5"/></Anchor></Anchors>
				<Scripts>
					<OnLoad>
						this:SetAutoFocus( false );
						this:SetMaxLetters( 32 ) 
					</OnLoad>
					<OnEnterPressed>
						this:ClearFocus();
					</OnEnterPressed>
					<OnEditFocusLost>
					</OnEditFocusLost>
					<OnTextChanged>
                        OZ_OptionsSetConfigFromOptions();
					</OnTextChanged>
				</Scripts>
            </EditBox>

			<Frame name="$parentIsActive" inherits="OzRaidCheckTemplate">
				<Anchors><Anchor point="TOPLEFT"><Offset x="40" y="-35"/></Anchor></Anchors>
			</Frame>

			<Frame name="OZOpt_HideEmpty" inherits="OzRaidCheckTemplate">
				<Size x="135" y="17" />
				<Anchors><Anchor point="TOPLEFT"><Offset x="20" y="-55"/></Anchor></Anchors>
			</Frame>
			<Frame name="OZOpt_HideSolo" inherits="OzRaidCheckTemplate">
				<Size x="125" y="17" />
				<Anchors><Anchor point="LEFT" relativeTo="OZOpt_HideEmpty" relativePoint="RIGHT"/></Anchors>
			</Frame>
			<Frame name="OZOpt_HideParty" inherits="OzRaidCheckTemplate">
				<Size x="100" y="17" />
				<Anchors><Anchor point="LEFT" relativeTo="OZOpt_HideSolo" relativePoint="RIGHT"/></Anchors>
			</Frame>
			
			<Frame name="$parentToolTips" inherits="OzRaidCheckTemplate">
				<Anchors><Anchor point="TOPLEFT" relativeTo="$parentIsActive" relativePoint="BOTTOMLEFT"><Offset x="0" y="-25"/></Anchor></Anchors>
			</Frame>
			<Frame name="$parentLock" inherits="OzRaidCheckTemplate">
				<Anchors><Anchor point="TOPLEFT" relativeTo="$parentToolTips" relativePoint="BOTTOMLEFT"><Offset x="0" y="-5"/></Anchor></Anchors>
			</Frame>


			<Frame name="$parentPartyHeading" inherits="OZ_RowHeaderTemplate">
				<Size x="350" y="40" />
				<Anchors><Anchor point="TOP"><Offset x="0" y="-210"/></Anchor></Anchors>
			</Frame>
			<Frame name="$parentInPartyHeading" inherits="OZ_RowHeaderTemplate">
				<Size x="100" y="17" />
				<Anchors><Anchor point="TOPLEFT"><Offset x="25" y="-245"/></Anchor></Anchors>
			</Frame>
			<Frame name="$parentRadio11" inherits="OzRaidRadioTemplate" id="101">
				<Anchors><Anchor point="TOPLEFT" relativeTo="$parentInPartyHeading" relativePoint="TOPRIGHT"/></Anchors>
			</Frame>
			<Frame name="$parentRadio12" inherits="OzRaidRadioTemplate" id="102">
				<Anchors><Anchor point="TOPLEFT" relativeTo="$parentRadio11" relativePoint="TOPRIGHT"/></Anchors>
			</Frame>
			<Frame name="$parentRadio13" inherits="OzRaidRadioTemplate" id="103">
				<Anchors><Anchor point="TOPLEFT" relativeTo="$parentRadio12" relativePoint="TOPRIGHT"/></Anchors>
			</Frame>

			<Frame name="$parentInRaidHeading" inherits="OZ_RowHeaderTemplate">
				<Size x="100" y="17" />
				<Anchors><Anchor point="TOPLEFT"><Offset x="25" y="-260"/></Anchor></Anchors>
			</Frame>
			<Frame name="$parentRadio21" inherits="OzRaidRadioTemplate" id="201">
				<Anchors><Anchor point="TOPLEFT" relativeTo="$parentInRaidHeading" relativePoint="TOPRIGHT"/></Anchors>
			</Frame>
			<Frame name="$parentRadio22" inherits="OzRaidRadioTemplate" id="202">
				<Anchors><Anchor point="TOPLEFT" relativeTo="$parentRadio21" relativePoint="TOPRIGHT"/></Anchors>
			</Frame>
			<Frame name="$parentRadio23" inherits="OzRaidRadioTemplate" id="203">
				<Anchors><Anchor point="TOPLEFT" relativeTo="$parentRadio22" relativePoint="TOPRIGHT"/></Anchors>
			</Frame>
			

		</Frames>
	</Frame>

	<!-- Inputs Pane -->
	<Frame name="OzRaidInputsTemplate" inherits="OzRaidOptionTemplate" virtual="true">
		<Layers>
			<Layer level="OVERLAY">
				<FontString name="$parentT1" inherits="OZ_FontLeft" text="Select what values you want to see:">
					<Anchors><Anchor point="TOPLEFT"><Offset x="30" y="-10"/></Anchor></Anchors>
				</FontString>
				<FontString name="$parentT1" inherits="OZ_FontLeft" text="Choose the groups/classes you want:">
					<Anchors><Anchor point="TOPLEFT"><Offset x="30" y="-80"/></Anchor></Anchors>
				</FontString>
				<FontString name="$parentT1" inherits="OZ_FontLeft" text="Hide based on range/status (WARNING: Bars will not be clickable!)">
					<Anchors><Anchor point="TOPLEFT"><Offset x="10" y="-335"/></Anchor></Anchors>
				</FontString>
			</Layer>
		</Layers>

		<Frames>
			<Frame name="$parentHeading" inherits="OZ_RowHeaderTemplate">
				<Size x="100" y="17" />
				<Anchors><Anchor point="TOPLEFT"><Offset x="50" y="-30"/></Anchor></Anchors>
			</Frame>


			<Frame inherits="OzRaidBasicTemplate"><!-- Groups Pane -->
				<Size x="114" y="206"/>
				<Anchors><Anchor point="TOPLEFT"><Offset x="50" y="-100"/></Anchor></Anchors>
				<Frames>
					<Frame name="$parentCheckG1" inherits="OzRaidCheckTemplate">
						<Anchors><Anchor point="TOPLEFT"><Offset x="4" y="-4"/></Anchor></Anchors>
					</Frame>
					<Frame name="$parentCheckG2" inherits="OzRaidCheckTemplate">
						<Anchors><Anchor point="TOP" relativeTo="$parentCheckG1" relativePoint="BOTTOM"/></Anchors>
					</Frame>
					<Frame name="$parentCheckG3" inherits="OzRaidCheckTemplate">
						<Anchors><Anchor point="TOP" relativeTo="$parentCheckG2" relativePoint="BOTTOM"/></Anchors>
					</Frame>
					<Frame name="$parentCheckG4" inherits="OzRaidCheckTemplate">
						<Anchors><Anchor point="TOP" relativeTo="$parentCheckG3" relativePoint="BOTTOM"/></Anchors>
					</Frame>
					<Frame name="$parentCheckG5" inherits="OzRaidCheckTemplate">
						<Anchors><Anchor point="TOP" relativeTo="$parentCheckG4" relativePoint="BOTTOM"/></Anchors>
					</Frame>
					<Frame name="$parentCheckG6" inherits="OzRaidCheckTemplate">
						<Anchors><Anchor point="TOP" relativeTo="$parentCheckG5" relativePoint="BOTTOM"/></Anchors>
					</Frame>
					<Frame name="$parentCheckG7" inherits="OzRaidCheckTemplate">
						<Anchors><Anchor point="TOP" relativeTo="$parentCheckG6" relativePoint="BOTTOM"/></Anchors>
					</Frame>
					<Frame name="$parentCheckG8" inherits="OzRaidCheckTemplate">
						<Anchors><Anchor point="TOP" relativeTo="$parentCheckG7" relativePoint="BOTTOM"/></Anchors>
					</Frame>
                    <Frame name="$parentMyHeading" inherits="OZ_RowHeaderTemplate">
                        <Size x="114" y="17" />
						<Anchors><Anchor point="TOP" relativeTo="$parentCheckG8" relativePoint="BOTTOM"/></Anchors>
                    </Frame>
					<Frame name="$parentCheckParty" inherits="OzRaidCheckTemplate">
						<Anchors><Anchor point="TOP" relativeTo="$parentMyHeading" relativePoint="BOTTOM"/></Anchors>
					</Frame>
					<Frame name="$parentCheckHideParty" inherits="OzRaidCheckTemplate">
						<Anchors><Anchor point="TOP" relativeTo="$parentCheckParty" relativePoint="BOTTOM"/></Anchors>
					</Frame>
				</Frames>
			</Frame>

			<Frame inherits="OzRaidBasicTemplate"><!-- Classes Pane -->
				<Size x="140" y="230"/>
				<Anchors><Anchor point="TOPLEFT"><Offset x="200" y="-100"/></Anchor></Anchors>
				<Frames>
					<Frame name="$parentCheckDk" inherits="OzRaidCheckTemplate">
						<Anchors><Anchor point="TOPLEFT"><Offset x="4" y="-4"/></Anchor></Anchors>
					</Frame>
					<Frame name="$parentCheckDr" inherits="OzRaidCheckTemplate">
						<Anchors><Anchor point="TOP" relativeTo="$parentCheckDk" relativePoint="BOTTOM"/></Anchors>
					</Frame>
					<Frame name="$parentCheckHu" inherits="OzRaidCheckTemplate">
						<Anchors><Anchor point="TOP" relativeTo="$parentCheckDr" relativePoint="BOTTOM"/></Anchors>
					</Frame>
					<Frame name="$parentCheckMa" inherits="OzRaidCheckTemplate">
						<Anchors><Anchor point="TOP" relativeTo="$parentCheckHu" relativePoint="BOTTOM"/></Anchors>
					</Frame>
					<Frame name="$parentCheckPr" inherits="OzRaidCheckTemplate">
						<Anchors><Anchor point="TOP" relativeTo="$parentCheckMa" relativePoint="BOTTOM"/></Anchors>
					</Frame>
					<Frame name="$parentCheckPa" inherits="OzRaidCheckTemplate">
						<Anchors><Anchor point="TOP" relativeTo="$parentCheckPr" relativePoint="BOTTOM"/></Anchors>
					</Frame>
					<Frame name="$parentCheckRo" inherits="OzRaidCheckTemplate">
						<Anchors><Anchor point="TOP" relativeTo="$parentCheckPa" relativePoint="BOTTOM"/></Anchors>
					</Frame>
					<Frame name="$parentCheckSh" inherits="OzRaidCheckTemplate">
						<Anchors><Anchor point="TOP" relativeTo="$parentCheckRo" relativePoint="BOTTOM"/></Anchors>
					</Frame>
					<Frame name="$parentCheckWa" inherits="OzRaidCheckTemplate">
						<Anchors><Anchor point="TOP" relativeTo="$parentCheckSh" relativePoint="BOTTOM"/></Anchors>
					</Frame>
					<Frame name="$parentCheckWr" inherits="OzRaidCheckTemplate">
						<Anchors><Anchor point="TOP" relativeTo="$parentCheckWa" relativePoint="BOTTOM"/></Anchors>
					</Frame>

					<Frame name="$parentCheckPet" inherits="OzRaidCheckTemplate">
						<Anchors><Anchor point="TOP" relativeTo="$parentCheckWr" relativePoint="BOTTOM"/></Anchors>
					</Frame>
					<Frame name="$parentCheckTarget" inherits="OzRaidCheckTemplate">
						<Anchors><Anchor point="TOP" relativeTo="$parentCheckPet" relativePoint="BOTTOM"/></Anchors>
					</Frame>
                    
					<Frame name="$parentCheckPetDk" inherits="OzRaidCheckTemplate">
						<Anchors><Anchor point="TOPLEFT" relativeTo="$parentCheckDk" relativePoint="TOPRIGHT"/></Anchors>
					</Frame>
					<Frame name="$parentCheckPetHu" inherits="OzRaidCheckTemplate">
						<Anchors><Anchor point="TOPLEFT" relativeTo="$parentCheckHu" relativePoint="TOPRIGHT"/></Anchors>
					</Frame>
					<Frame name="$parentCheckPetMa" inherits="OzRaidCheckTemplate">
						<Anchors><Anchor point="TOPLEFT" relativeTo="$parentCheckMa" relativePoint="TOPRIGHT"/></Anchors>
					</Frame>
					<Frame name="$parentCheckPetPr" inherits="OzRaidCheckTemplate">
						<Anchors><Anchor point="TOPLEFT" relativeTo="$parentCheckPr" relativePoint="TOPRIGHT"/></Anchors>
					</Frame>
					<Frame name="$parentCheckPetSh" inherits="OzRaidCheckTemplate">
						<Anchors><Anchor point="TOPLEFT" relativeTo="$parentCheckSh" relativePoint="TOPRIGHT"/></Anchors>
					</Frame>
					<Frame name="$parentCheckPetWa" inherits="OzRaidCheckTemplate">
						<Anchors><Anchor point="TOPLEFT" relativeTo="$parentCheckWa" relativePoint="TOPRIGHT"/></Anchors>
					</Frame>



                </Frames>
			</Frame>

			<Button name="OZ_InputsCombo1" inherits="UIDropDownMenuTemplate">
				<Size x="250" y="32" />
				<Anchors>
					<Anchor point="LEFT" relativeTo="$parentHeading" relativePoint="RIGHT">>
						<Offset x="-20" y="-4" />
					</Anchor>
				</Anchors>
				<Scripts>
					<OnLoad>
						OZ_InputsCombo1_OnLoad()
					</OnLoad> 
					<OnShow>
						OZ_InputsCombo1_OnLoad()
					</OnShow> 
				</Scripts> 
			</Button>
			<Frame name="$parentCheck1" inherits="OzRaidCheckTemplate">
				<Anchors><Anchor point="TOPLEFT"><Offset x="100" y="-55"/></Anchor></Anchors>
			</Frame>

			<Frame inherits="OzRaidBasicTemplate"><!-- Status Pane -->
				<Size x="120" y="98"/>
				<Anchors><Anchor point="TOPLEFT"><Offset x="30" y="-350"/></Anchor></Anchors>
				<Frames>
					<Frame name="$parentCheck18" inherits="OzRaidCheckTemplate">
						<Anchors><Anchor point="TOPLEFT"><Offset x="4" y="-4"/></Anchor></Anchors>
					</Frame>
					<Frame name="$parentCheck19" inherits="OzRaidCheckTemplate">
						<Anchors><Anchor point="TOP" relativeTo="$parentCheck18" relativePoint="BOTTOM"/></Anchors>
					</Frame>
					<Frame name="$parentCheck27" inherits="OzRaidCheckTemplate">
						<Anchors><Anchor point="TOP" relativeTo="$parentCheck19" relativePoint="BOTTOM"/></Anchors>
					</Frame>
					<Frame name="$parentCheck29" inherits="OzRaidCheckTemplate">
						<Anchors><Anchor point="TOP" relativeTo="$parentCheck27" relativePoint="BOTTOM"/></Anchors>
					</Frame>
					<Frame name="$parentCheck28" inherits="OzRaidCheckTemplate">
						<Anchors><Anchor point="TOP" relativeTo="$parentCheck29" relativePoint="BOTTOM"/></Anchors>
					</Frame>
				</Frames>
			</Frame>

			<Frame inherits="OzRaidBasicTemplate"><!-- Buff Pane -->
				<Size x="120" y="82"/>
				<Anchors><Anchor point="TOPLEFT"><Offset x="150" y="-350"/></Anchor></Anchors>
				<Frames>
					<Frame name="$parentCheck20" inherits="OzRaidCheckTemplate">
						<Anchors><Anchor point="TOPLEFT"><Offset x="4" y="-4"/></Anchor></Anchors>
					</Frame>
					<Frame name="$parentCheck21" inherits="OzRaidCheckTemplate">
						<Anchors><Anchor point="TOP" relativeTo="$parentCheck20" relativePoint="BOTTOM"/></Anchors>
					</Frame>
					<Frame name="$parentCheck22" inherits="OzRaidCheckTemplate">
						<Anchors><Anchor point="TOP" relativeTo="$parentCheck21" relativePoint="BOTTOM"/></Anchors>
					</Frame>
					<Frame name="$parentCheck23" inherits="OzRaidCheckTemplate">
						<Anchors><Anchor point="TOP" relativeTo="$parentCheck22" relativePoint="BOTTOM"/></Anchors>
					</Frame>
				</Frames>
			</Frame>
			<Frame inherits="OzRaidBasicTemplate"><!-- Range Pane -->
				<Size x="120" y="64"/>
				<Anchors><Anchor point="TOPLEFT"><Offset x="270" y="-350"/></Anchor></Anchors>
				<Frames>
					<Frame name="$parentCheck24" inherits="OzRaidCheckTemplate">
						<Anchors><Anchor point="TOPLEFT"><Offset x="4" y="-4"/></Anchor></Anchors>
					</Frame>
					<Frame name="$parentCheck25" inherits="OzRaidCheckTemplate">
						<Anchors><Anchor point="TOP" relativeTo="$parentCheck24" relativePoint="BOTTOM"/></Anchors>
					</Frame>
					<Frame name="$parentCheck26" inherits="OzRaidCheckTemplate">
						<Anchors><Anchor point="TOP" relativeTo="$parentCheck25" relativePoint="BOTTOM"/></Anchors>
					</Frame>
				</Frames>
			</Frame>



			<Slider name="$parentSlider" inherits="OptionsSliderTemplate" minValue="0" maxValue="1" defaultValue="0.9" valueStep="0.01">
				<Size x="170" y="17" />
				<Anchors>
					<Anchor point="TOPLEFT"><Offset x="180" y="-445"/></Anchor>
				</Anchors>
			</Slider>

		</Frames>
	</Frame>

	<!-- Filters Pane -->
	<Frame name="OzRaidFiltersTemplate" inherits="OzRaidOptionTemplate" virtual="true">
		<Frames>
	
		</Frames>
	</Frame>

		<!-- Sort Pane -->
	<Frame name="OzRaidSortTemplate" inherits="OzRaidOptionTemplate" virtual="true">
		<Frames>

			<Frame name="$parentHeading1" inherits="OZ_RowHeaderTemplate">
				<Size x="120" y="17" />
				<Anchors><Anchor point="TOPLEFT"><Offset x="0" y="-15"/></Anchor></Anchors>
			</Frame>
			<Button name="OZ_SortCombo1" inherits="UIDropDownMenuTemplate">
				<Size x="271" y="32" />
				<Anchors>
					<Anchor point="TOPLEFT">
						<Offset x="30" y="-36" />
					</Anchor>
				</Anchors>
				<Scripts>
					<OnLoad>
						OZ_SortCombo1_OnLoad()
					</OnLoad> 
					<OnShow>
						OZ_SortCombo1_OnLoad()
					</OnShow> 
				</Scripts> 
			</Button>
			<Frame name="$parentCheck1" inherits="OzRaidCheckTemplate">
				<Anchors>
					<Anchor point="TOPLEFT" relativeTo="OZ_SortCombo1" relativePoint="TOPRIGHT"/>
				</Anchors>
			</Frame>

			<Button name="OZ_SortCombo2" inherits="UIDropDownMenuTemplate">
				<Size x="271" y="32" />
				<Anchors>
					<Anchor point="TOPLEFT">
						<Offset x="30" y="-66" />
					</Anchor>
				</Anchors>
				<Scripts>
					<OnLoad>
						OZ_SortCombo2_OnLoad()
					</OnLoad> 
					<OnShow>
						OZ_SortCombo2_OnLoad()
					</OnShow> 
				</Scripts> 
			</Button>
			<Frame name="$parentCheck2" inherits="OzRaidCheckTemplate">
				<Anchors>
					<Anchor point="TOPLEFT" relativeTo="OZ_SortCombo2" relativePoint="TOPRIGHT"/>
				</Anchors>
			</Frame>

		</Frames>
	</Frame>

		<!-- Display Pane -->
	<Frame name="OzRaidDisplayTemplate" inherits="OzRaidOptionTemplate" virtual="true">
		<Layers>
			<Layer level="OVERLAY">
				<FontString name="$parentT1" inherits="OZ_FontLeft" text="Bar Colouring Options:">
					<Anchors><Anchor point="TOPLEFT"><Offset x="10" y="-10"/></Anchor></Anchors>
				</FontString>
				<FontString name="$parentT2" inherits="OZ_FontLeft" text="Name Display Options:">
					<Anchors><Anchor point="TOPLEFT"><Offset x="10" y="-155"/></Anchor></Anchors>
				</FontString>
				<FontString name="$parentT3" inherits="OZ_FontLeft" text="Number Display Options:">
					<Anchors><Anchor point="TOPLEFT"><Offset x="10" y="-300"/></Anchor></Anchors>
				</FontString>
				<FontString name="$parentT4" inherits="OZ_FontLeft" text="Buff Display Options:">
					<Anchors><Anchor point="TOPLEFT"><Offset x="10" y="-400"/></Anchor></Anchors>
				</FontString>
			</Layer>
		</Layers>

		<Frames>

			<Frame name="$parentHeading3" inherits="OZ_RowHeaderTemplate">
				<Size x="300" y="20" />
				<Anchors><Anchor point="TOPLEFT"><Offset x="20" y="-30"/></Anchor></Anchors>
			</Frame>
			<Button name="OZ_DisplayCombo1" inherits="UIDropDownMenuTemplate">
				<Size x="171" y="32" />
				<Anchors>
					<Anchor point="TOPLEFT" relativeTo="$parentHeading3" relativePoint="BOTTOMLEFT"><Offset x="0" y="-4" /></Anchor>
				</Anchors>
				<Scripts>
					<OnLoad>
						OZ_DisplayCombo1_OnLoad()
					</OnLoad> 
					<OnShow>
						OZ_DisplayCombo1_OnLoad()
					</OnShow> 
				</Scripts> 
			</Button>
			<Button name="OZ_TextureCombo" inherits="UIDropDownMenuTemplate">
				<Size x="230" y="32" />
				<Anchors>
					<Anchor point="LEFT" relativeTo="OZ_DisplayCombo1" relativePoint="RIGHT"><Offset x="0" y="0" /></Anchor>
				</Anchors>
				<Scripts>
					<OnLoad>
						OZ_TextureCombo_OnLoad()
					</OnLoad> 
					<OnShow>
						OZ_TextureCombo_OnLoad()
					</OnShow> 
				</Scripts> 
			</Button>
			
			<Frame name="Oz_Check_Fade" inherits="OzRaidCheckTemplate">
				<Size x="150" y="20" />
				<Anchors><Anchor point="TOPLEFT" relativeTo="$parentHeading3" relativePoint="BOTTOMLEFT"><Offset x="0" y="-40" /></Anchor></Anchors>
			</Frame>
			<Slider name="$parentFadeAlpha" inherits="OptionsSliderTemplate" minValue="0" maxValue="1" defaultValue="0.9" valueStep="0.01">
				<Size x="200" y="20" />
				<Anchors><Anchor point="LEFT" relativeTo="Oz_Check_Fade" relativePoint="RIGHT"><Offset x="10" y="-15"/></Anchor></Anchors>
			</Slider>
			<Frame name="$parentFadeName" inherits="OzRaidCheckTemplate">
				<Anchors><Anchor point="TOP" relativeTo="Oz_Check_Fade" relativePoint="BOTTOM"><Offset x="0" y="0"/></Anchor></Anchors>
			</Frame>

			<Frame name="Oz_Check_HideAggro" inherits="OzRaidCheckTemplate">
				<Anchors><Anchor point="TOPLEFT" relativeTo="Oz_Check_Fade" relativePoint="BOTTOMLEFT"><Offset x="0" y="-20"/></Anchor></Anchors>
			</Frame>


			<!-- Name Options -->
			<Frame name="$parentCheck8" inherits="OzRaidCheckTemplate">
				<Anchors><Anchor point="TOPLEFT"><Offset x="40" y="-170"/></Anchor></Anchors>
			</Frame>
			<Frame name="$parentCheck19" inherits="OzRaidCheckTemplate">
				<Anchors><Anchor point="TOPLEFT" relativeTo="$parentCheck8" relativePoint="BOTTOMLEFT"><Offset x="0" y="0"/></Anchor></Anchors>
			</Frame>
			<Frame name="$parentCheck9" inherits="OzRaidCheckTemplate">
				<Anchors><Anchor point="TOPLEFT" relativeTo="$parentCheck19" relativePoint="BOTTOMLEFT"><Offset x="0" y="0"/></Anchor></Anchors>
			</Frame>

			<Frame name="$parentHeading4" inherits="OZ_RowHeaderTemplate">
				<Size x="100" y="17" />
				<Anchors><Anchor point="TOPLEFT" relativeTo="$parentCheck8"><Offset x="-10" y="-60"/></Anchor></Anchors>
			</Frame>
			<Button name="OZ_NameCombo" inherits="UIDropDownMenuTemplate">
				<Size x="230" y="32" />
				<Anchors>
					<Anchor point="LEFT" relativeTo="$parentHeading4" relativePoint="RIGHT">
						<Offset x="-20" y="-4" />
					</Anchor>
				</Anchors>
				<Scripts>
					<OnLoad>
						OZ_NameCombo_OnLoad()
					</OnLoad> 
					<OnShow>
						OZ_NameCombo_OnLoad()
					</OnShow> 
				</Scripts> 
			</Button>

			<Frame name="$parentCheck1Heading" inherits="OZ_RowHeaderTemplate">
				<Size x="120" y="17" />
				<Anchors><Anchor point="TOPLEFT" relativeTo="$parentHeading4"><Offset x="-10" y="-25"/></Anchor></Anchors>
			</Frame>
			<Frame name="$parentCheck1" inherits="OzRaidRadioTemplate" id="1">
				<Anchors><Anchor point="TOPLEFT" relativeTo="$parentCheck1Heading" relativePoint="TOPRIGHT"/></Anchors>
			</Frame>
			<Frame name="$parentCheck2" inherits="OzRaidRadioTemplate" id="2">
				<Anchors><Anchor point="TOPLEFT" relativeTo="$parentCheck1" relativePoint="TOPRIGHT"><Offset x="0" y="0"/></Anchor></Anchors>
			</Frame>
			<Frame name="$parentCheck22" inherits="OzRaidRadioTemplate" id="0">
				<Anchors><Anchor point="TOPLEFT" relativeTo="$parentCheck2" relativePoint="TOPRIGHT"><Offset x="5" y="0"/></Anchor></Anchors>
			</Frame>
			<Frame name="$parentCheck3" inherits="OzRaidRadioTemplate" id="3">
				<Anchors><Anchor point="TOPLEFT" relativeTo="$parentCheck22" relativePoint="TOPRIGHT"><Offset x="5" y="0"/></Anchor></Anchors>
			</Frame>
			
			<Frame name="$parentCheck23" inherits="OzRaidCheckTemplate">
				<Anchors><Anchor point="TOPLEFT" relativeTo="$parentCheck1Heading" relativePoint="BOTTOMLEFT"><Offset x="10" y="0"/></Anchor></Anchors>
			</Frame>
			<Frame name="$parentCheck21" inherits="OzRaidCheckTemplate">
				<Anchors><Anchor point="TOPLEFT" relativeTo="$parentCheck23" relativePoint="TOPRIGHT"><Offset x="60" y="0"/></Anchor></Anchors>
			</Frame>



			<!-- Buff options -->
			<Frame name="$parentCheck4Heading" inherits="OZ_RowHeaderTemplate">
				<Size x="120" y="17" />
				<Anchors><Anchor point="TOPLEFT" relativeTo="$parentT4" relativePoint="BOTTOMLEFT"><Offset x="20" y="0"/></Anchor></Anchors>
			</Frame>
			<Frame name="$parentCheck4" inherits="OzRaidRadioTemplate" id="4">
				<Anchors><Anchor point="TOPLEFT" relativeTo="$parentCheck4Heading" relativePoint="TOPRIGHT"/></Anchors>
			</Frame>
			<Frame name="$parentCheck5" inherits="OzRaidRadioTemplate" id="5">
				<Anchors><Anchor point="TOPLEFT" relativeTo="$parentCheck4" relativePoint="TOPRIGHT"><Offset x="0" y="0"/></Anchor></Anchors>
			</Frame>
			<Frame name="$parentCheck6" inherits="OzRaidRadioTemplate" id="6">
				<Anchors><Anchor point="TOPLEFT" relativeTo="$parentCheck5" relativePoint="TOPRIGHT"><Offset x="5" y="0"/></Anchor></Anchors>
			</Frame>

			<Frame name="$parentCheck7" inherits="OzRaidCheckTemplate">
				<Anchors><Anchor point="TOPLEFT" relativeTo="$parentCheck4Heading" relativePoint="BOTTOM"/></Anchors>
			</Frame>


			<!-- Number options -->
			<Frame name="$parentCheck11Heading" inherits="OZ_RowHeaderTemplate">
				<Size x="150" y="17" />
				<Anchors><Anchor point="TOPLEFT" relativeTo="$parentT3" relativePoint="BOTTOMLEFT"/><Offset x="10" y="0"/></Anchors>
			</Frame>
			<Frame name="$parentCheck11" inherits="OzRaidRadioTemplate" id="11">
				<Anchors>
					<Anchor point="TOPLEFT" relativeTo="$parentCheck11Heading" relativePoint="BOTTOMLEFT">
						<Offset x="40" y="0"/>
					</Anchor>
				</Anchors>
			</Frame>
			<Frame name="$parentCheck12" inherits="OzRaidRadioTemplate" id="12">
				<Anchors><Anchor point="TOPLEFT" relativeTo="$parentCheck11" relativePoint="TOPRIGHT"/></Anchors>
			</Frame>
			<Frame name="$parentCheck13" inherits="OzRaidRadioTemplate" id="13">
				<Anchors><Anchor point="TOPLEFT" relativeTo="$parentCheck12" relativePoint="TOPRIGHT"/></Anchors>
			</Frame>
			<Frame name="$parentCheck14" inherits="OzRaidRadioTemplate" id="14">
				<Anchors><Anchor point="TOPLEFT" relativeTo="$parentCheck13" relativePoint="TOPRIGHT"/></Anchors>
			</Frame>
			<Frame name="$parentCheck15" inherits="OzRaidRadioTemplate" id="15">
				<Anchors><Anchor point="TOPLEFT" relativeTo="$parentCheck14" relativePoint="TOPRIGHT"/></Anchors>
			</Frame>


			<Frame name="$parentCheck16Heading" inherits="OZ_RowHeaderTemplate">
				<Size x="150" y="17" />
				<Anchors><Anchor point="TOPLEFT" relativeTo="$parentCheck11Heading" relativePoint="BOTTOMLEFT"><Offset x="0" y="-20"/></Anchor></Anchors>
			</Frame>
			<Frame name="$parentCheck16" inherits="OzRaidRadioTemplate" id="16">
				<Anchors><Anchor point="TOPLEFT" relativeTo="$parentCheck16Heading" relativePoint="TOPRIGHT"/></Anchors>
			</Frame>
			<Frame name="$parentCheck17" inherits="OzRaidRadioTemplate" id="17">
				<Anchors><Anchor point="TOPLEFT" relativeTo="$parentCheck16" relativePoint="TOPRIGHT"><Offset x="0" y="0"/></Anchor></Anchors>
			</Frame>
			<Frame name="$parentCheck18" inherits="OzRaidRadioTemplate" id="18">
				<Anchors><Anchor point="TOPLEFT" relativeTo="$parentCheck17" relativePoint="TOPRIGHT"><Offset x="12" y="0"/></Anchor></Anchors>
			</Frame>

			<Frame name="$parentCheckBigVal" inherits="OzRaidCheckTemplate">
				<Anchors><Anchor point="TOPLEFT" relativeTo="$parentCheck16Heading" relativePoint="BOTTOMLEFT"><Offset x="20" y="-2"/></Anchor></Anchors>
			</Frame>









		</Frames>
	</Frame>

		<!-- Buffs Pane -->
	<Frame name="OzRaidBuffsTemplate" inherits="OzRaidOptionTemplate" virtual="true">
		<Frames>
			<Button name="$parentClear" text="Clear" inherits="UIPanelButtonTemplate">
				<Size x="80" y="20"/>
				<Anchors>
					<Anchor point="TOPLEFT">
						<Offset x="25" y="-20"/>
					</Anchor>
				</Anchors>
				<Scripts>
					<OnClick>OZ_BuffsReset()</OnClick>
				</Scripts>
			</Button>

			<Button name="$parentDefault" text="Default" inherits="UIPanelButtonTemplate">
				<Size x="80" y="20"/>
				<Anchors>
					<Anchor point="TOPLEFT" relativeTo="$parentClear" relativePoint="TOPRIGHT"/>
				</Anchors>
				<Scripts>
					<OnClick>OZ_BuffsDefault()</OnClick>
				</Scripts>
			</Button>

			<Frame name="$parentHideTimer" inherits="OzRaidCheckTemplate">
				<Anchors><Anchor point="TOPRIGHT"><Offset x="-60" y="-20"/></Anchor></Anchors>
			</Frame>

		</Frames>
		<Scripts>
			<OnLoad>
				OZ_BuffsAdvanced()
			</OnLoad> 
		</Scripts>
	</Frame>

		<!-- General Pane -->
	<Frame name="OzRaidGeneralTemplate" inherits="OzRaidOptionTemplate" virtual="true">
		<Layers>
			<Layer level="OVERLAY">
				<FontString name="$parentT1" inherits="OZ_FontLeft" text="Edit Bar Sizes:">
					<Anchors><Anchor point="TOPLEFT"><Offset x="30" y="-10"/></Anchor></Anchors>
				</FontString>
				<FontString name="$parentT2" inherits="OZ_FontLeft" text="Window Title Options:">
					<Anchors><Anchor point="TOPLEFT"><Offset x="30" y="-150"/></Anchor></Anchors>
				</FontString>
				<FontString name="$parentT3" inherits="OZ_FontLeft" text="Name and Number sizes:">
					<Anchors><Anchor point="TOPLEFT"><Offset x="30" y="-240"/></Anchor></Anchors>
				</FontString>
				<FontString name="$parentT4" inherits="OZ_FontLeft" text="Misc. Options:">
					<Anchors><Anchor point="TOPLEFT"><Offset x="30" y="-300"/></Anchor></Anchors>
				</FontString>
			</Layer>
		</Layers>
		<Frames>
		
			<Slider name="$parentBarWidth" inherits="OptionsSliderTemplate" minValue="40" maxValue="320" defaultValue="120" valueStep="2">
				<Size x="150" y="17" />
				<Anchors><Anchor point="TOPLEFT" relativeTo="$parentT1" relativePoint="BOTTOMLEFT"><Offset x="20" y="-15"/></Anchor></Anchors>
			</Slider>
			<Slider name="$parentBarHeight" inherits="OptionsSliderTemplate" minValue="8" maxValue="48" defaultValue="16" valueStep="1">
				<Size x="150" y="17" />
				<Anchors><Anchor point="LEFT" relativeTo="$parentBarWidth" relativePoint="RIGHT"><Offset x="10" y="0"/></Anchor></Anchors>
			</Slider>
			<Slider name="$parentButtonSize" inherits="OptionsSliderTemplate" minValue="8" maxValue="32" defaultValue="16" valueStep="1">
				<Size x="150" y="17" />
				<Anchors><Anchor point="TOP" relativeTo="$parentBarWidth" relativePoint="BOTTOM"><Offset x="0" y="-20"/></Anchor></Anchors>
			</Slider>
			<Slider name="$parentSpacing" inherits="OptionsSliderTemplate" minValue="0" maxValue="16" defaultValue="1" valueStep="1">
				<Size x="150" y="17" />
				<Anchors><Anchor point="LEFT" relativeTo="$parentButtonSize" relativePoint="RIGHT"><Offset x="10" y="0"/></Anchor></Anchors>
			</Slider>
			<Slider name="$parentMinBars" inherits="OptionsSliderTemplate" minValue="0" maxValue="40" defaultValue="0" valueStep="1">
				<Size x="150" y="17" />
				<Anchors><Anchor point="TOP" relativeTo="$parentButtonSize" relativePoint="BOTTOM"><Offset x="0" y="-20"/></Anchor></Anchors>
			</Slider>
			<Slider name="$parentMaxBars" inherits="OptionsSliderTemplate" minValue="0" maxValue="40" defaultValue="40" valueStep="1">
				<Size x="150" y="17" />
				<Anchors><Anchor point="LEFT" relativeTo="$parentMinBars" relativePoint="RIGHT"><Offset x="10" y="0"/></Anchor></Anchors>
			</Slider>
		
		
		

			<Slider name="$parentTitleSize" inherits="OptionsSliderTemplate" minValue="8" maxValue="32" defaultValue="16" valueStep="1">
				<Size x="150" y="17" />
				<Anchors><Anchor point="TOPLEFT" relativeTo="$parentT2" relativePoint="BOTTOMLEFT"><Offset x="20" y="-15"/></Anchor></Anchors>
			</Slider>
			<Slider name="$parentTextSize" inherits="OptionsSliderTemplate" minValue="8" maxValue="24" defaultValue="12" valueStep="1">
				<Size x="150" y="17" />
				<Anchors><Anchor point="LEFT" relativeTo="$parentTitleSize" relativePoint="RIGHT"><Offset x="10" y="0"/></Anchor></Anchors>
			</Slider>
			<Frame name="OZOpt_HideTitle" inherits="OzRaidCheckTemplate">
				<Anchors><Anchor point="TOPLEFT" relativeTo="$parentTitleSize" relativePoint="BOTTOMLEFT"><Offset x="20" y="-4"/></Anchor></Anchors>
			</Frame>
			<Frame name="OZOpt_HideButtons" inherits="OzRaidCheckTemplate">
				<Anchors><Anchor point="TOPLEFT" relativeTo="OZOpt_HideTitle" relativePoint="TOPRIGHT"><Offset x="20" y="0"/></Anchor></Anchors>
			</Frame>



			<Slider name="$parentNumSize" inherits="OptionsSliderTemplate" minValue="8" maxValue="24" defaultValue="14" valueStep="1">
				<Size x="150" y="17" />
				<Anchors><Anchor point="TOPLEFT" relativeTo="$parentT3" relativePoint="BOTTOMLEFT"><Offset x="20" y="-15"/></Anchor></Anchors>
			</Slider>
			<Slider name="$parentNameSize" inherits="OptionsSliderTemplate" minValue="8" maxValue="24" defaultValue="14" valueStep="1">
				<Size x="150" y="17" />
				<Anchors><Anchor point="LEFT" relativeTo="$parentNumSize" relativePoint="RIGHT"><Offset x="10" y="0"/></Anchor></Anchors>
			</Slider>


			<Slider name="$parentRefresh" inherits="OptionsSliderTemplate" minValue="0.05" maxValue="2" defaultValue="0.5" valueStep="0.1">
				<Size x="150" y="17" />
				<Anchors><Anchor point="TOPLEFT" relativeTo="$parentT4" relativePoint="BOTTOMLEFT"><Offset x="20" y="-15"/></Anchor></Anchors>
			</Slider>


			<Frame name="OZOpt_HideBG" inherits="OzRaidCheckTemplate">
				<Anchors><Anchor point="TOPLEFT" relativeTo="$parentRefresh" relativePoint="BOTTOMLEFT"><Offset x="0" y="-20"/></Anchor></Anchors>
			</Frame>

			<Frame name="OZOpt_GrowUp" inherits="OzRaidCheckTemplate">
				<Anchors><Anchor point="TOPLEFT" relativeTo="OZOpt_HideBG" relativePoint="BOTTOMLEFT"><Offset x="0" y="-20"/></Anchor></Anchors>
			</Frame>





		</Frames>

	</Frame>

</Ui>