<Ui xmlns="http://www.blizzard.com/wow/ui/" xmlns:xsi="http://www.w3.org/2001/XMLSchema-instance" xsi:schemaLocation="http://www.blizzard.com/wow/ui/
..\FrameXML\UI.xsd">
   <Script file="TriviaBot.lua" />
   <Frame name="TriviaBot" parent="UIParent">
      <Scripts>
         <OnLoad>
            self.TimeSinceLastUpdate = 0;
            TriviaBot_OnLoad(self);
         </OnLoad>
         <OnUpdate>
            TriviaBot_OnUpdate(self, elapsed);
         </OnUpdate>
         <OnEvent>
            TriviaBot_OnEvent(self, event, ...);
         </OnEvent>
      </Scripts>
   </Frame>
<!--   <Frame name="TriviaBotGUI" parent="UIParent">
      <Scripts>
         <OnMouseDown>
            TriviaBotGUI_ClearFocus();
            TriviaBotGUI_OnMouseDown(self, button);
         </OnMouseDown>
         <OnMouseUp>
         		TriviaBotGUI_OnMouseUp(self, button);
         </OnMouseUp>
         <OnHide>
            self:StopMovingOrSizing();
         </OnHide>
         <OnLoad>
            tinsert(UISpecialFrames,self:GetName());
         </OnLoad>
      </Scripts>
   </Frame> -->
</Ui>
