<Ui xmlns="http://www.blizzard.com/wow/ui/" xmlns:xsi="http://www.w3.org/2001/XMLSchema-instance" xsi:schemaLocation="http://www.blizzard.com/wow/ui/
..\FrameXML\UI.xsd">
	<Script	file="Interface\AddOns\MetaMapCVT\MetaMapData.lua"/>
	<Script file="Interface\AddOns\MetaMapBLT\MetaMapBLT.loc"/>
	<Script file="Interface\AddOns\MetaMapCVT\MetaMapBLTdata.lua"/>
	<Script	file="Interface\AddOns\MetaMapCVT\MetaMapEXP.lua"/>
	<Script file="MetaMapCVT.lua"/>

	<Frame name="MetaMap_ConfirmationDialog"	toplevel="true" parent="MetaMap_DialogFrame" hidden="true">
		<Size><AbsDimension	x="380"	y="130"	/></Size>
		<Anchors>
			<Anchor	point="CENTER"/>
		</Anchors>
		<Backdrop	bgFile="Interface\DialogFrame\UI-DialogBox-Background" edgeFile="Interface\DialogFrame\UI-DialogBox-Border"	tile="true">
			<BackgroundInsets>
				<AbsInset	left="11"	right="12" top="12"	bottom="11"/>
			</BackgroundInsets>
			<TileSize>
				<AbsValue	val="32"/>
			</TileSize>
			<EdgeSize>
				<AbsValue	val="32"/>
			</EdgeSize>
		</Backdrop>
		<Layers>
			<Layer level="ARTWORK">
				<FontString	name="MetaMap_ConfirmationHeader"	inherits="GameFontHighlight"	wraponspaces="true"	text="Header Text">
					<Size><AbsDimension	x="360"	y="0"	/></Size>
					<Anchors>
						<Anchor	point="TOP">
						 <Offset><AbsDimension x="0" y="-30"/></Offset>
						</Anchor>
					 </Anchors>
				 </FontString>
			 </Layer>
		</Layers>
		<Frames>
			<Button	name="MetaMap_SelectionButton1" inherits="UIPanelButtonTemplate2" text="">
				 <Size><AbsDimension x="100" y="24"/></Size>
				 <Anchors>
						<Anchor	point="BOTTOM">
						 <Offset><AbsDimension x="-120" y="50"	/></Offset>
					 </Anchor>
				 </Anchors>
				 <Scripts>
					<OnClick>
						MetaMap_SelectedImport(this:GetText());
					</OnClick>
				</Scripts>
			</Button>
			<Button	name="MetaMap_SelectionButton2" inherits="UIPanelButtonTemplate2" text="">
				 <Size><AbsDimension x="100" y="24"/></Size>
				 <Anchors>
						<Anchor	point="BOTTOM">
						 <Offset><AbsDimension x="0" y="50"	/></Offset>
					 </Anchor>
				 </Anchors>
				 <Scripts>
					<OnClick>
						MetaMap_SelectedImport(this:GetText());
					</OnClick>
				</Scripts>
			</Button>
			<Button	name="MetaMap_SelectionButton3" inherits="UIPanelButtonTemplate2" text="">
				 <Size><AbsDimension x="100" y="24"/></Size>
				 <Anchors>
						<Anchor	point="BOTTOM">
						 <Offset><AbsDimension x="-120" y="20"	/></Offset>
					 </Anchor>
				 </Anchors>
				 <Scripts>
					<OnClick>
						MetaMap_SelectedImport(this:GetText());
					</OnClick>
				</Scripts>
			</Button>
			<Button	name="MetaMap_SelectionButton4" inherits="UIPanelButtonTemplate2" text="">
				 <Size><AbsDimension x="100" y="24"/></Size>
				 <Anchors>
						<Anchor	point="BOTTOM">
						 <Offset><AbsDimension x="0" y="20"	/></Offset>
					 </Anchor>
				 </Anchors>
				 <Scripts>
					<OnClick>
						MetaMap_SelectedImport(this:GetText());
					</OnClick>
				</Scripts>
			</Button>
			<Button	name="MetaMap_CancelButton" inherits="UIPanelButtonTemplate2" text="METAMAPNOTES_CANCEL">
				 <Size><AbsDimension x="100" y="24"/></Size>
				 <Anchors>
						<Anchor	point="BOTTOM">
						 <Offset><AbsDimension x="120" y="20"	/></Offset>
					 </Anchor>
				 </Anchors>
				 <Scripts>
					<OnClick>
						this:GetParent():Hide();
					</OnClick>
				</Scripts>
			</Button>
		</Frames>
	</Frame>
</Ui>
