<Ui xmlns="http://www.blizzard.com/wow/ui/" xmlns:xsi="http://www.w3.org/2001/XMLSchema-instance" xsi:schemaLocation="http://www.blizzard.com/wow/ui/
..\FrameXML\UI.xsd">
<Include file="libraries\LibGroupTalents-1.0\lib.xml"/>
<Include file="libraries\LibBabble-TalentTree-3.0\lib.xml"/>

<Script file="init.lua"/>
<Script file="private.lua"/>

<Script file="elements\table.lua" />
<Script file="elements\group.lua" />
<Script file="elements\unit.lua" />
<Script file="elements\color.lua" />
<Script file="elements\class.lua" />
<Script file="elements\spec.lua" />
<Script file="elements\timer.lua" />

<Script file="finalize.lua"/>
</Ui>