<Ui xmlns="http://www.blizzard.com/wow/ui/" xmlns:xsi="http://www.w3.org/2001/XMLSchema-instance" xsi:schemaLocation="http://www.blizzard.com/wow/ui/
..\FrameXML\UI.xsd">

<!--@no-lib-strip@-->
<Script file="Libs\LibStub\LibStub.lua"/>

<Script file="Libs\AceLibrary\AceLibrary.lua"/>
<Script file="Libs\AceOO-2.0\AceOO-2.0.lua"/>
<Script file="Libs\AceAddon-2.0\AceAddon-2.0.lua"/>
<Script file="Libs\AceComm-2.0\AceComm-2.0.lua"/>
<Script file="Libs\AceConsole-2.0\AceConsole-2.0.lua"/>
<Script file="Libs\AceDB-2.0\AceDB-2.0.lua"/>
<Script file="Libs\AceEvent-2.0\AceEvent-2.0.lua"/>
<Script file="Libs\AceHook-2.1\AceHook-2.1.lua"/>
<Script file="Libs\AceLocale-2.2\AceLocale-2.2.lua"/>
<Script file="Libs\Window-1.0\Window-1.0.lua"/>
<Script file="Libs\Waterfall-1.0\Waterfall-1.0.lua"/>
<Script file="Libs\Abacus-2.0\Abacus-2.0.lua"/>

<Script file="Libs\LibPeriodicTable-3.1\LibPeriodicTable-3.1.lua"/>
<Script file="Libs\LibPeriodicTable-3.1\LibPeriodicTable-3.1-Tradeskill\LibPeriodicTable-3.1-Tradeskill.lua"/>
<Script file="Libs\LibPeriodicTable-3.1\LibPeriodicTable-3.1-TradeskillResultMats\LibPeriodicTable-3.1-TradeskillResultMats.lua"/>
<!--@end-no-lib-strip@-->

</Ui>
