﻿<Ui xmlns="http://www.blizzard.com/wow/ui/" xmlns:xsi="http://www.w3.org/2001/XMLSchema-instance" xsi:schemaLocation="http://www.blizzard.com/wow/ui/
..\FrameXML\UI.xsd">
    <Script file="package.lua"/>
    <Script file="initialise.lua"/>
    <Script file="parser.lua"/>
	<Script file="options.lua"/>
	<Script file="mainframe.lua"/>
	<Script file="restoreframe.lua"/>
	<Script file="popupframe.lua"/>
	<Script file="scriptframe.lua"/>
	<Script file="builderframe.lua"/>
	<Script file="shareframe.lua"/>
	<Script file="bindingframe.lua"/>
	<Script file="copyframe.lua"/>
	<Script file="elvskin.lua"/>
</Ui>