<Bindings>
  <Binding name="WINDOW1" description="Show/Hide OzRaid Window 1" header="OZRAID">
    OZ_ToggleWindow(1)
  </Binding>
  <Binding name="WINDOW2" description="Show/Hide OzRaid Window 2">
    OZ_ToggleWindow(2)
  </Binding>
  <Binding name="WINDOW3" description="Show/Hide OzRaid Window 3">
    OZ_ToggleWindow(3)
  </Binding>
  <Binding name="WINDOW4" description="Show/Hide OzRaid Window 4">
    OZ_ToggleWindow(4)
  </Binding>
  <Binding name="WINDOW5" description="Show/Hide OzRaid Window 5">
    OZ_ToggleWindow(5)
  </Binding>
  <Binding name="WINDOW6" description="Show/Hide OzRaid Window 6">
    OZ_ToggleWindow(6)
  </Binding>
  <Binding name="WINDOW7" description="Show/Hide OzRaid Window 7">
    OZ_ToggleWindow(7)
  </Binding>
  <Binding name="WINDOW8" description="Show/Hide OzRaid Window 8">
    OZ_ToggleWindow(8)
  </Binding>
</Bindings>
