<Ui xmlns="http://www.blizzard.com/wow/ui" xmlns:xsi="http://www.w3.org/2001/XMLSchema-instance">
	<Script file="OzRaid.lua"/>

	<!-- Copied from KLH THreatmeters, cos I really like their UI style -->
	<!-- The base font -->
	<Font name="OZ_Font" inherits="GameFontNormal" virtual="true">
		<Color r="1.0" g="1.0" b="1.0"/>
	</Font>
	
	<!-- Used by the "name" data strings -->
	<Font name="OZ_FontLeft" inherits="OZ_Font" justifyH="LEFT" virtual="true"/>
	
	<!-- Used by title bar strings -->
	<Font name="OZ_FontCenter" inherits="OZ_Font" justifyH="CENTER" virtual="true"/>
	
	<!-- Used by data strings -->
	<Font name="OZ_FontRight" inherits="OZ_Font" justifyH="RIGHT" virtual="true"/>
	
	<!-- Used by column headers -->
	<Font name="OZ_FontYellowRight" inherits="OZ_FontRight" virtual="true">
		<Color r="1.0" g="0.82" b="0"/>
	</Font>
	
	<!-- Used by the "name" column headers -->
	<Font name="OZ_FontYellowLeft" inherits="OZ_FontLeft" virtual="true">
		<Color r="1.0" g="0.82" b="0"/>
	</Font>

	<!-- Used by the "header" row headers -->
	<Font name="OZ_FontYellowCenter" inherits="OZ_FontCenter" virtual="true">
		<Color r="1.0" g="0.82" b="0"/>
	</Font>

	<!-- A fontstring with the default font and a frame for packaging. Used by "name" data strings. -->
	<Frame name="OZ_StringTemplate" virtual="true">
		<Layers>
			<Layer level="OVERLAY">
				<FontString name="$parentText" inherits="OZ_FontLeft" text="TextString">
					<Anchors>
						<Anchor point="RIGHT">	
							<Offset x="10" y="0"/>	
						</Anchor>
						<Anchor point="LEFT"/>
					</Anchors>
				</FontString>
			</Layer>
		</Layers>
	</Frame>
	
	<!-- A fontstring with right-aligned font and a frame for packaging. Used by data strings -->
	<Frame name="OZ_NumberTemplate" virtual="true">
		<Layers>
			<Layer level="OVERLAY">
				<FontString name="$parentText" inherits="OZ_FontRight">
					<Anchors>
						<Anchor point="LEFT">
							<Offset x="-6" y="0"/>
						</Anchor>
						<Anchor point="RIGHT"/>
					</Anchors>
				</FontString>
			</Layer>
		</Layers>
	</Frame>
	
	<!-- A title bar string -->
	<Frame name="OZ_TitleStringTemplate" virtual="true">
		<Layers>
			<Layer level="OVERLAY">
				<FontString name="$parentText" inherits="OZ_FontCenter">
					<Anchors>
						<Anchor point="CENTER"/>
					</Anchors>
				</FontString>
			</Layer>
		</Layers>
	</Frame>


	<!-- A fontstring with centre-aligned yellow font and a frame for packaging. Used by rows -->
	<Frame name="OZ_RowHeaderTemplate" virtual="true">
		<Layers>
			<Layer level="OVERLAY">
				<FontString name="$parentText" inherits="OZ_FontYellowCenter">
					<Anchors>
						<Anchor point="LEFT">
							<Offset x="-6" y="0"/>
						</Anchor>
						<Anchor point="RIGHT"/>
					</Anchors>
				</FontString>
			</Layer>
		</Layers>
	</Frame>

	<Frame name="OZ_BigNumTemplate" virtual="true">
		<Size><AbsDimension x="45" y="15"/></Size>
		<Layers>
			<Layer level="OVERLAY">
				<FontString name="$parentHundreds" inherits="OZ_FontLeft">
					<Anchors>
						<Anchor point="TOPRIGHT"/>
					</Anchors>
				</FontString>
				<FontString name="$parentThousands" inherits="OZ_FontRight">
					<Anchors>
						<Anchor point="TOPRIGHT" relativeTo="$parentHundreds" relativePoint="TOPLEFT">
							<Offset x="6" y="0"/>
						</Anchor>
					</Anchors>
				</FontString>
			</Layer>
		</Layers>
	</Frame>
	
</Ui>