<Ui xmlns="http://www.blizzard.com/wow/ui/" xmlns:xsi="http://www.w3.org/2001/XMLSchema-instance" xsi:schemaLocation="http://www.blizzard.com/wow/ui/ ..\FrameXML\UI.xsd">

	<Script file="OzRaid.lua"/>
	<Frame name="OzRaid_InvisibleUpdater">
		<Size x="1" y="1"/>
		<Anchors>
			<Anchor point="TOPLEFT" relativeTo="UIParent" relativePoint="TOPLEFT"/>
		</Anchors>
		<Scripts>
			<OnUpdate>OzRaid_OnUpdate()</OnUpdate>
			<OnEvent>OzRaidFormEvent()</OnEvent>
			<OnLoad>OzRaid_OnLoad()</OnLoad>
		</Scripts>
	</Frame>
	
	<!-- Minimap Icon frame -->
	<Frame name="OzRaid_IconFrame" enableMouse="true" hidden="true" parent="Minimap" frameStrata="MEDIUM">
		<Size>
			<AbsDimension x="33" y="33"/>
		</Size>
		<Layers>
			<Layer level="ARTWORK">
				<Texture name="$parent_IconTexture" file="Interface\Addons\OzRaid\oz">
					<Size>
						<AbsDimension x="20" y="20"/>
					</Size>
					<Anchors>
						<Anchor point="TOPLEFT">
							<Offset>
								<AbsDimension x="6" y="-5"/>
							</Offset>
						</Anchor>
					</Anchors>
				</Texture>
			</Layer>
			<Layer level="OVERLAY">
				<Texture file="Interface\Minimap\MiniMap-TrackingBorder">
					<Size>
						<AbsDimension x="52" y="52"/>
					</Size>
					<Anchors>
						<Anchor point="TOPLEFT"/>
					</Anchors>
				</Texture>
			</Layer>
		</Layers>
		<Scripts>
			<OnEnter>
				OzRaid_IconFrameOnEnter(this);
			</OnEnter>
			<OnLeave>
				GameTooltip:Hide();
			</OnLeave>
			<OnMouseUp>
				OzRaid_IconFrameOnClick();
			</OnMouseUp> 
		</Scripts>
	</Frame>

	<Frame name="OzDropDown" inherits="UIDropDownMenuTemplate" id="1" hidden="true">
		<Size>
			<AbsDimension x="10" y="10"/>
		</Size>
		<Anchors>
			<Anchor point="TOP">
				<Offset>
					<AbsDimension x="10" y="-60"/>
				</Offset>
			</Anchor>
		</Anchors>
		<Scripts>
			<OnLoad>
				OzDropDown_OnLoad();
			</OnLoad>
		</Scripts>
	</Frame>

    <GameTooltip name="OzTooltip" inherits="GameTooltipTemplate"/>

</Ui>