
<Ui xmlns="http://www.blizzard.com/wow/ui" xmlns:xsi="http://www.w3.org/2001/XMLSchema-instance">
<!-- OZ RAID
	Templates for OZ Raid windows

	I have blatantly & unashamedly copied most of this from KLH THreatMeters
	Partly cos I am a noob at Addons, but mainly cos I like the UI style, its doing
	the same sort of thing (scalable windows, status bars, and text), and the code
	was really well written and I could understand it.

	KLH_ThreatMeters written by Kenco@Perenolde,
		New KLH UI code (which this uses) by Lukon@Perenolde
-->
	<Script file="OzRaid.lua"/>


	<!-- The command buttons on the right side of the title bar -->
	<Button name="OZ_ButtonTemplate" virtual="true">
		<Scripts>
			<OnLeave> OZ_Button_OnLeave(); </OnLeave>
		</Scripts>
		<HighlightTexture>
			<Anchors>
				<Anchor point="TOPLEFT">
					<Offset x="2" y="-2"/>
				</Anchor>
				<Anchor point="BOTTOMRIGHT">
					<Offset x="-2" y="2"/>
				</Anchor>
			</Anchors>
			<Color r="1.0" g="1.0" b="0" a="0.1"/> 
		</HighlightTexture>
	</Button>
	
	<!-- A dark red background texture used by some buttons to supplement a transparent texture -->
	<Texture name="OZ_ButtonBackground" virtual="true">
		<Anchors>
			<Anchor point="TOPLEFT">
				<Offset x="2" y="-2"/>
			</Anchor>
			<Anchor point="BOTTOMRIGHT">
				<Offset x="-2" y="2"/>
			</Anchor>
		</Anchors>
		<Color r="0.7" g="0" b="0"/>
	</Texture>

	<Frame name="OZ_BarIconButtonTemplate" virtual="true" hidden="false">
		<Size>
			<AbsDimension x="10" y="10"/>
		</Size>
		<Layers>
			<Layer level="OVERLAY">
				<Texture name="$parentIcon">
					<TexCoords left="0.1" right="0.9" top="0.1" bottom="0.9"/>
				</Texture>
			</Layer>
		</Layers>
		<Frames>
			<Cooldown name="$parentCooldown" inherits="CooldownFrameTemplate" reverse="true" hidden="true">
				<Anchors>
					<Anchor point="CENTER">
						<Offset>
							<AbsDimension x="0" y="-1"/>
						</Offset>
					</Anchor>
				</Anchors>
			</Cooldown>
			<Frame>
				<Anchors>
					<Anchor point="TOPLEFT" relativeTo="$parent" relativePoint="LEFT"/>
					<Anchor point="BOTTOMRIGHT"/>
				</Anchors>
				<Layers>
					<Layer level="OVERLAY">
						<FontString name="$parentText" inherits="SystemFont_Outline_Small" outline="THICK" monochrome="true" text="" maxLines="0" hidden="true">
							<Anchors>
								<Anchor point="TOPLEFT" relativeTo="$parent" relativePoint="LEFT"/>
								<Anchor point="BOTTOMRIGHT"/>
							</Anchors>
						</FontString>
					</Layer>
				</Layers>			
			</Frame>
		</Frames>
		<Scripts>
			<OnEnter>
				OZ_BuffTooltip();
			</OnEnter>
			<OnLeave>
				OZ_ToolTipHide();
			</OnLeave>
		</Scripts>
	</Frame>

	<!-- A data row for a single entry -->
	<Frame name="OZ_RowTemplate" virtual="true" hidden="true">
		<Anchors>
			<Anchor point="LEFT" relativeTo="$parent"/>
			<Anchor point="RIGHT" relativeTo="$parent"/>
		</Anchors>

		<Frames>
			<Frame  name="$parentHeader" inherits="OZ_RowHeaderTemplate" hidden="true">
				<Anchors>
					<Anchor point="TOPLEFT"/>
					<Anchor point="TOPRIGHT"/>
				</Anchors>
			</Frame>
			<Button name="$parentBarFrame" inherits="SecureUnitButtonTemplate">
				<Anchors>
					<Anchor point="TOPLEFT" relativeTo="$parentHeader" relativePoint="BOTTOMLEFT"/>
					<Anchor point="BOTTOM"/>			
				</Anchors>

				<Layers>
					<Layer level="BACKGROUND">
						<!-- Status bar -->
						<Texture name="$parentBar" file="Interface\TargetingFrame\UI-StatusBar">
							<Anchors>
								<Anchor point="TOPLEFT">
									<Offset x="0" y="-1"/>
								</Anchor>
								<Anchor point="BOTTOMLEFT"/>
							</Anchors>
						</Texture>
						<Texture name="$parentBarInc" file="Interface\TargetingFrame\UI-StatusBar">
							<Anchors>
                                <Anchor point="LEFT" relativeTo="$parentBar" relativePoint="RIGHT"/>
							</Anchors>
                            <Size><AbsDimension x="0.01" y="1"/></Size>
						</Texture>
					</Layer>
				</Layers>
				<Frames>
					<!-- An icon before the name (debuffed, leader, raid mark, etc.) -->
					<Frame name="$parentIcon" inherits="OZ_BarIconButtonTemplate" hidden="false" id="0" enableMouse="false">
						<Anchors>
							<Anchor point="TOPLEFT"/>
						</Anchors>
					</Frame>
					<Frame name="$parentIcon2" inherits="OZ_BarIconButtonTemplate" hidden="false" id="-1" enableMouse="false">
						<Anchors>
							<Anchor point="LEFT" relativeTo="$parentIcon" relativePoint="RIGHT"/>
						</Anchors>
					</Frame>

					<!-- Name of the bar's owner (player or mob) -->
					<Frame name="$parentName" inherits="OZ_StringTemplate">
						<Anchors>
							<Anchor point="LEFT" relativeTo="$parentIcon2" relativePoint="RIGHT"/>
							<Anchor point="TOPRIGHT"/>
							<Anchor point="BOTTOM"/>
						</Anchors>
					</Frame>
					<Frame name="$parentValue" inherits="OZ_StringTemplate" hidden="true">
						<Anchors>
							<Anchor point="TOPLEFT"/>
							<Anchor point="BOTTOMRIGHT"/>
						</Anchors>
					</Frame>
					<Frame name="$parentBigValue" inherits="OZ_BigNumTemplate" hidden="true">
						<Anchors>
							<Anchor point="RIGHT"/>
						</Anchors>
					</Frame>
					<!-- Arbitrary value (matches bar contents) -->
					<!-- Buff Icons -->
					<Frame name="$parentBuff1" inherits="OZ_BarIconButtonTemplate" hidden="false" id="1">
						<Anchors>
							<Anchor point="TOPRIGHT"/>
						</Anchors>
					</Frame>
					<Frame name="$parentBuff2" inherits="OZ_BarIconButtonTemplate" hidden="false" id="2">
						<Anchors>
							<Anchor point="RIGHT" relativeTo="$parentBuff1" relativePoint="LEFT"/>
						</Anchors>
					</Frame>
					<Frame name="$parentBuff3" inherits="OZ_BarIconButtonTemplate" hidden="false" id="3">
						<Anchors>
							<Anchor point="RIGHT" relativeTo="$parentBuff2" relativePoint="LEFT"/>
						</Anchors>
					</Frame>
					<Frame name="$parentBuff4" inherits="OZ_BarIconButtonTemplate" hidden="false" id="4">
						<Anchors>
							<Anchor point="RIGHT" relativeTo="$parentBuff3" relativePoint="LEFT"/>
						</Anchors>
					</Frame>
					<Frame name="$parentBuff5" inherits="OZ_BarIconButtonTemplate" hidden="false" id="5">
						<Anchors>
							<Anchor point="RIGHT" relativeTo="$parentBuff4" relativePoint="LEFT"/>
						</Anchors>
					</Frame>
					<Frame name="$parentBuff6" inherits="OZ_BarIconButtonTemplate" hidden="false" id="6">
						<Anchors>
							<Anchor point="RIGHT" relativeTo="$parentBuff5" relativePoint="LEFT"/>
						</Anchors>
					</Frame>
					<Frame name="$parentBarGlow">
						<Size><AbsDimension x="20" y="20"/></Size>
						<Anchors>
							<Anchor point="CENTER" relativePoint="LEFT"/>
						</Anchors>
						<Layers>
							<Layer level="OVERLAY">
								<Texture name="$parentBarGlowTex" file="Interface\CharacterFrame\UI-StateIcon" alphaMode="ADD">
									<TexCoords left="0.55" right="0.95" top="0.05" bottom="0.45"/>
								</Texture>
								<Texture name="$parentBarGlowTex2" file="Interface\CharacterFrame\UI-StateIcon" alphaMode="ADD">
									<TexCoords left="0.55" right="0.95" top="0.55" bottom="0.95"/>
								</Texture>
								<Texture name="$parentBarGlowTex2" file="Interface\CharacterFrame\UI-StateIcon" alphaMode="ADD">
									<TexCoords left="0.55" right="0.95" top="0.55" bottom="0.95"/>
								</Texture>
							</Layer>
						</Layers>
					</Frame>
				</Frames>

				<Scripts>
					<OnLoad>
						this:RegisterForClicks("LeftButtonUp", "RightButtonUp", "MiddleButtonUp", "Button4Up", "Button5Up");
					</OnLoad>
					<OnEnter>
						OZ_ToolTip();
					</OnEnter>
					<OnLeave>
						OZ_ToolTipHide();
					</OnLeave>
				</Scripts>
			</Button>
		</Frames>

	</Frame>

	<!-- A data row for a single entry -->
	<!--  NOT CLICKABLE, but it is moveable in combat! -->
	<Frame name="OZ_RowTemplateINFO" virtual="true" hidden="true">
		<Anchors>
			<Anchor point="LEFT" relativeTo="$parent"/>
			<Anchor point="RIGHT" relativeTo="$parent"/>
		</Anchors>

		<Frames>
			<Frame  name="$parentHeader" inherits="OZ_RowHeaderTemplate" hidden="true">
				<Anchors>
					<Anchor point="TOPLEFT"/>
					<Anchor point="TOPRIGHT"/>
				</Anchors>
			</Frame>
			<Frame name="$parentBarFrame">
				<Anchors>
					<Anchor point="TOPLEFT" relativeTo="$parentHeader" relativePoint="BOTTOMLEFT"/>
					<Anchor point="BOTTOM"/>			
				</Anchors>

				<Layers>
					<Layer level="BACKGROUND">
						<!-- Status bar -->
						<Texture name="$parentBar" file="Interface\TargetingFrame\UI-StatusBar">
							<Anchors>
								<Anchor point="TOPLEFT">
									<Offset x="0" y="-1"/>
								</Anchor>
								<Anchor point="BOTTOMLEFT"/>
							</Anchors>
						</Texture>
						<Texture name="$parentBarInc" file="Interface\TargetingFrame\UI-StatusBar">
							<Anchors>
                                <Anchor point="LEFT" relativeTo="$parentBar" relativePoint="RIGHT"/>
							</Anchors>
                            <Size><AbsDimension x="0.01" y="1"/></Size>
						</Texture>
					</Layer>
				</Layers>
				<Frames>
					<!-- An icon before the name (debuffed, leader, raid mark, etc.) -->
					<Frame name="$parentIcon" inherits="OZ_BarIconButtonTemplate" hidden="false" id="0">
						<Anchors>
							<Anchor point="TOPLEFT"/>
						</Anchors>
					</Frame>
					<Frame name="$parentIcon2" inherits="OZ_BarIconButtonTemplate" hidden="false" id="-1" enableMouse="false">
						<Anchors>
							<Anchor point="LEFT" relativeTo="$parentIcon" relativePoint="RIGHT"/>
						</Anchors>
					</Frame>

					<!-- Name of the bar's owner (player or mob) -->
					<Frame name="$parentName" inherits="OZ_StringTemplate">
						<Anchors>
							<Anchor point="LEFT" relativeTo="$parentIcon2" relativePoint="RIGHT"/>
							<Anchor point="TOPRIGHT"/>
							<Anchor point="BOTTOM"/>
						</Anchors>
					</Frame>
					<Frame name="$parentValue" inherits="OZ_StringTemplate" hidden="true">
						<Anchors>
							<Anchor point="RIGHT"/>
						</Anchors>
					</Frame>
					<Frame name="$parentBigValue" inherits="OZ_BigNumTemplate" hidden="true">
						<Anchors>
							<Anchor point="RIGHT"/>
						</Anchors>
					</Frame>
					<!-- Arbitrary value (matches bar contents) -->
					<!-- Buff Icons -->
					<Frame name="$parentBuff1" inherits="OZ_BarIconButtonTemplate" hidden="false" id="1">
						<Anchors>
							<Anchor point="TOPRIGHT"/>
						</Anchors>
					</Frame>
					<Frame name="$parentBuff2" inherits="OZ_BarIconButtonTemplate" hidden="false" id="2">
						<Anchors>
							<Anchor point="RIGHT" relativeTo="$parentBuff1" relativePoint="LEFT"/>
						</Anchors>
					</Frame>
					<Frame name="$parentBuff3" inherits="OZ_BarIconButtonTemplate" hidden="false" id="3">
						<Anchors>
							<Anchor point="RIGHT" relativeTo="$parentBuff2" relativePoint="LEFT"/>
						</Anchors>
					</Frame>
					<Frame name="$parentBuff4" inherits="OZ_BarIconButtonTemplate" hidden="false" id="4">
						<Anchors>
							<Anchor point="RIGHT" relativeTo="$parentBuff3" relativePoint="LEFT"/>
						</Anchors>
					</Frame>
					<Frame name="$parentBuff5" inherits="OZ_BarIconButtonTemplate" hidden="false" id="5">
						<Anchors>
							<Anchor point="RIGHT" relativeTo="$parentBuff4" relativePoint="LEFT"/>
						</Anchors>
					</Frame>
					<Frame name="$parentBuff6" inherits="OZ_BarIconButtonTemplate" hidden="false" id="6">
						<Anchors>
							<Anchor point="RIGHT" relativeTo="$parentBuff5" relativePoint="LEFT"/>
						</Anchors>
					</Frame>
					<Frame name="$parentBarGlow">
						<Size><AbsDimension x="20" y="20"/></Size>
						<Anchors>
							<Anchor point="CENTER" relativePoint="LEFT"/>
						</Anchors>
						<Layers>
							<Layer level="OVERLAY">
								<Texture name="$parentBarGlowTex" file="Interface\CharacterFrame\UI-StateIcon" alphaMode="ADD">
									<TexCoords left="0.55" right="0.95" top="0.05" bottom="0.45"/>
								</Texture>
								<Texture name="$parentBarGlowTex2" file="Interface\CharacterFrame\UI-StateIcon" alphaMode="ADD">
									<TexCoords left="0.55" right="0.95" top="0.55" bottom="0.95"/>
								</Texture>
								<Texture name="$parentBarGlowTex2" file="Interface\CharacterFrame\UI-StateIcon" alphaMode="ADD">
									<TexCoords left="0.55" right="0.95" top="0.55" bottom="0.95"/>
								</Texture>
							</Layer>
						</Layers>
					</Frame>
				</Frames>

				<Scripts>
					<OnEnter>
						OZ_ToolTip();
					</OnEnter>
					<OnLeave>
						OZ_ToolTipHide();
					</OnLeave>
				</Scripts>
			</Frame>
		</Frames>
	</Frame>


	<Frame name="OZ_WindowTemplate" toplevel="true" parent="UIParent" hidden="false" enableMouse="true" movable="true" virtual="true">
		<Size>
			<AbsDimension x="280" y="200"/>
		</Size>

		<Backdrop bgFile="Interface\Tooltips\UI-Tooltip-Background" edgeFile="Interface\Tooltips\UI-Tooltip-Border" tile="true">
			<EdgeSize>
			    <AbsValue val="16"/>
			</EdgeSize>
			<TileSize>
			    <AbsValue val="16"/>
			</TileSize>
			<BackgroundInsets>
			    <AbsInset left="4" right="4" top="4" bottom="4"/>
			</BackgroundInsets>
		</Backdrop>

		<Frames>
			<!-- The title bar of the main frame. Contains command buttons, texts, background -->
			<Frame name="$parentTitle">
				<Anchors>
					<Anchor point="TOPLEFT">
						<Offset>
							<AbsDimension x="5" y="-5"/>
						</Offset>
					</Anchor>
					<Anchor point="TOPRIGHT">
						<Offset>
							<AbsDimension x="-5" y="-5"/>
						</Offset>
					</Anchor>
				</Anchors>
				<Layers>
					<Layer level="BACKGROUND">					
						<!-- The title bar background -->
						<Texture name="$parentBackground" >
							<Anchors>
								<Anchor point="TOPLEFT">
									<Offset x="-1" y="1"/>
								</Anchor>
								<Anchor point="BOTTOMRIGHT">
									<Offset x="1" y="0"/>
								</Anchor>
							</Anchors>
							<Color r="1.0" g="1.0" b="1.0" a="1.0"/>
						</Texture>
						<!-- a dividing line between the title bar and the data -->
						<Texture name="$parentLine" file="Interface\TradeSkillFrame\UI-TradeSkill-SkillBorder">
							<Anchors>
								<Anchor point="TOPLEFT" relativePoint="BOTTOMLEFT">
									<Offset>
										<AbsDimension x="0" y="4"/>
									</Offset>
								</Anchor>
								<Anchor point="BOTTOMRIGHT">
									<Offset>
										<AbsDimension x="0" y="-3"/>
									</Offset>
								</Anchor>
							</Anchors>
							<TexCoords left="0.1" right="1.0" top="0" bottom="0.25"/>
						</Texture>
					</Layer>
				</Layers>

				<!-- The title bar strings (left to right) -->
				<Frames>
					<!-- Minimised title -->
					<Frame name="$parentName" inherits="OZ_StringTemplate">
						<Anchors>
							<Anchor point="LEFT">
								<Offset x="2" y="1"/>
							</Anchor>
						</Anchors>
					</Frame>

					<!-- Command buttons (right to left) -->
					<!-- Close -->
					<Button name="$parentClose" inherits="OZ_ButtonTemplate">
						<Anchors>
							<Anchor point="RIGHT"/>
						</Anchors>
						<Scripts>
							<OnClick> OZ_Button_Close(this); </OnClick>
							<OnEnter> OZ_Button_OnEnter("close"); </OnEnter>
						</Scripts>
						<NormalTexture file="Interface\Buttons\UI-Panel-MinimizeButton-Up">
							<TexCoords left="0.175" top="0.175" right="0.825" bottom="0.825"/>
						</NormalTexture>
						<PushedTexture file="Interface\Buttons\UI-Panel-MinimizeButton-Down">
							<TexCoords left="0.175" top="0.175" right="0.825" bottom="0.825"/>
						</PushedTexture>
					</Button>
					<!-- Options -->
					<Button name="$parentOptions" inherits="OZ_ButtonTemplate">
						<Anchors>
							<Anchor point="RIGHT" relativeTo="$parentClose" relativePoint="LEFT"/>
						</Anchors>
						<Scripts>							
							<OnClick> OZ_Button_Options(this); </OnClick>
							<OnEnter> OZ_Button_OnEnter("opt"); </OnEnter>
						</Scripts>
						<Layers>
							<Layer level="BORDER">
								<Texture inherits="OZ_ButtonBackground"/>
							</Layer>
						</Layers>
						<NormalTexture file="Interface\ChatFrame\UI-ChatIcon-Chat-Up">
							<TexCoords left="0.1" top="0.1" right="0.9" bottom="0.9"/>
						</NormalTexture>
						<PushedTexture file="Interface\ChatFrame\UI-ChatIcon-Chat-Down">
							<TexCoords left="0.1" top="0.1" right="0.9" bottom="0.9"/>
						</PushedTexture>
					</Button>
				</Frames>
			</Frame>
			
			<Frame name="$parentTable">
				<Anchors>
					<Anchor point="TOPLEFT" relativeTo="$parentTitle" relativePoint="BOTTOMLEFT">
						<Offset x="0" y="-2"/>
					</Anchor>
					<Anchor point="BOTTOMRIGHT" relativeTo="$parent">
						<Offset x="-6" y="6"/>
					</Anchor>
				</Anchors>
				<Frames>
					<Frame name="$parentMarker" hidden="false" frameStrata="HIGH">
						<Layers>
							<Layer level="OVERLAY">					
								<Texture file="Creature\FrostSabre\PVPRidingTigerEyeGlowPurple" alphaMode="ADD"/>
							</Layer>
						</Layers>
					</Frame>
				</Frames>
			</Frame>
		</Frames>
		<Scripts>
			<OnMouseDown>
				OZ_DragStart()
			</OnMouseDown>
			<OnMouseUp>
				OZ_DragStop()
			</OnMouseUp>
		    <OnHide>
				OZ_DragStop()
			</OnHide> 
		</Scripts>
	</Frame>
</Ui>