<Ui xmlns="http://www.blizzard.com/wow/ui" xmlns:xsi="http://www.w3.org/2001/XMLSchema-instance">
    
	<CheckButton name="TotemusOptionsTabTemplate" virtual="true" hidden="false">
		<Size>
			<AbsDimension x="32" y="32"/>
		</Size>
		<Layers>
			<Layer level="BACKGROUND">
				<Texture file="Interface\SpellBook\SpellBook-SkillLineTab">
					<Size>
						<AbsDimension x="64" y="64"/>
					</Size>
					<Anchors>
						<Anchor point="TOPLEFT">
							<Offset>
								<AbsDimension x="-3" y="11"/>
							</Offset>
						</Anchor>
					</Anchors>
				</Texture>
			</Layer>
		</Layers>
		<NormalTexture/>
		<HighlightTexture file="Interface\Buttons\ButtonHilight-Square" alphaMode="ADD"/>
		<CheckedTexture file="Interface\Buttons\CheckButtonHilight" alphaMode="ADD"/>
	</CheckButton>

    <Frame name="TotemusOptionsFrame" frameStrata="DIALOG"  movable="true" enableMouse="true" hidden="true" parent="UIParent">
		<Size>
			<AbsDimension x="384" y="512"/>
		</Size>
		<Anchors>
			<Anchor point="TOPLEFT">
				<Offset>
					<AbsDimension x="0" y="-104"/>
				</Offset>
			</Anchor>
		</Anchors>
		<HitRectInsets>
			<AbsInset left="0" right="34" top="0" bottom="75"/>
		</HitRectInsets>
        <Layers>
			<Layer level="BACKGROUND">
				<Texture name="TotemusFramePortrait" file="Interface\MacroFrame\MacroFrame-Icon">
					<Size>
						<AbsDimension x="60" y="60"/>
					</Size>
					<Anchors>
						<Anchor point="TOPLEFT">
							<Offset>
								<AbsDimension x="7" y="-6"/>
							</Offset>
						</Anchor>
					</Anchors>
				</Texture>
			</Layer>
			<Layer level="BORDER">
				<Texture file="Interface\PaperDollInfoFrame\UI-Character-General-TopLeft">
					<Size>
						<AbsDimension x="256" y="256"/>
					</Size>
					<Anchors>
						<Anchor point="TOPLEFT"/>
					</Anchors>
				</Texture>
				<Texture file="Interface\PaperDollInfoFrame\UI-Character-General-TopRight">
					<Size>
						<AbsDimension x="128" y="256"/>
					</Size>
					<Anchors>
						<Anchor point="TOPRIGHT"/>
					</Anchors>
				</Texture>
				<Texture file="Interface\PaperDollInfoFrame\SkillFrame-BotLeft">
					<Size>
						<AbsDimension x="256" y="256"/>
					</Size>
					<Anchors>
						<Anchor point="BOTTOMLEFT"/>
					</Anchors>
				</Texture>
				<Texture file="Interface\PaperDollInfoFrame\SkillFrame-BotRight">
					<Size>
						<AbsDimension x="128" y="256"/>
					</Size>
					<Anchors>
						<Anchor point="BOTTOMRIGHT"/>
					</Anchors>
				</Texture>
            </Layer>
            <Layer level="OVERLAY">
				<Texture name="TotemusOptionsFrameSubTitleLeft" file="Interface\Common\Common-Input-Border">
					<Size>
						<AbsDimension x="8" y="20"/>
					</Size>
					<Anchors>
						<Anchor point="TOPLEFT" relativeTo="TotemusOptionsFrame">
							<Offset>
								<AbsDimension x="75" y="-48"/>
							</Offset>
						</Anchor>
					</Anchors>
					<TexCoords left="0" right="0.0625" top="0" bottom="0.625"/>
				</Texture>
				<Texture name="TotemusOptionsFrameSubTitleMiddle" file="Interface\Common\Common-Input-Border">
					<Size>
						<AbsDimension x="248" y="20"/>
					</Size>
					<Anchors>
						<Anchor point="LEFT" relativeTo="TotemusOptionsFrameSubTitleLeft" relativePoint="RIGHT"/>
					</Anchors>
					<TexCoords left="0.0625" right="0.9375" top="0" bottom="0.625"/>
				</Texture>
				<Texture name="TotemusOptionsFrameSubTitleRight" file="Interface\Common\Common-Input-Border">
					<Size>
						<AbsDimension x="8" y="20"/>
					</Size>
					<Anchors>
						<Anchor point="LEFT" relativeTo="TotemusOptionsFrameSubTitleMiddle" relativePoint="RIGHT"/>
					</Anchors>
					<TexCoords left="0.9375" right="1.0" top="0" bottom="0.625"/>
				</Texture>

				<FontString name="TotemusOptionsFrameSubTitleText" inherits="GameFontNormal">
					<Anchors>
						<Anchor point="TOP" relativeTo="TotemusOptionsFrame" relativePoint="TOP">
							<Offset>
								<AbsDimension x="10" y="-52"/>
							</Offset>
						</Anchor>
					</Anchors>
				</FontString>
                
				<FontString name="TotemusOptionsFrameTitleText" inherits="GameFontNormal" text="Totemus Options">
					<Anchors>
						<Anchor point="TOP" relativeTo="TotemusOptionsFrame" relativePoint="TOP">
							<Offset>
								<AbsDimension x="0" y="-17"/>
							</Offset>
						</Anchor>
					</Anchors>
				</FontString>
			</Layer>
        </Layers>
		<Frames>
            <Button name="TotemusOptionsFrameCloseButton1" inherits="UIPanelCloseButton">
                <Anchors>
                    <Anchor point="TOPRIGHT" relativeto="TotemusOptionsFrame" relativepoint="TOPRIGHT">
                        <Offset>
                            <AbsDimension x="-29" y="-8"/>
                        </Offset>
                    </Anchor>
                </Anchors>
            </Button>
            
			<Button name="TotemusOptionsFrameCloseButton2" inherits="UIPanelButtonTemplate" text="CLOSE">
				<Size>
					<AbsDimension x="80" y="22"/>
				</Size>
				<Anchors>
					<Anchor point="CENTER" relativeTo="TotemusOptionsFrame" relativePoint="TOPLEFT">
						<Offset>
							<AbsDimension x="302" y="-420"/>
						</Offset>
					</Anchor>
				</Anchors>
				<Scripts>
					<OnClick>
						HideUIPanel(TotemusOptionsFrame);
					</OnClick>
				</Scripts>
			</Button>
            
			<CheckButton name="TotemusOptionsTabSphere" inherits="TotemusOptionsTabTemplate">
				<Anchors>
					<Anchor point="TOPLEFT" relativePoint="TOPRIGHT">
						<Offset>
							<AbsDimension x="-35" y="-65"/>
						</Offset>
					</Anchor>
				</Anchors>
				<Scripts>
					<OnEnter>
                        TotemusOptions:ShowTooltip(this, "TAB_SPHERE", "ANCHOR_RIGHT");
					</OnEnter>
                    <OnLeave>
                        TotemusOptions:HideTooltip();
                    </OnLeave>
					<OnClick>
                        TotemusOptions:TabButtonClick("Sphere", "TAB_SPHERE");
					</OnClick>
				</Scripts>
				<NormalTexture file="Interface\Icons\INV_Ore_Arcanite_01"/>
			</CheckButton>
			<CheckButton name="TotemusOptionsTabButtons" inherits="TotemusOptionsTabTemplate">
				<Anchors>
					<Anchor point="TOPLEFT" relativeTo="TotemusOptionsTabSphere" relativePoint="BOTTOMLEFT">
						<Offset>
							<AbsDimension x="0" y="-17"/>
						</Offset>
					</Anchor>
				</Anchors>
				<Scripts>
					<OnEnter>
                        TotemusOptions:ShowTooltip(this, "TAB_BUTTONS", "ANCHOR_RIGHT");
					</OnEnter>
                    <OnLeave>
                        TotemusOptions:HideTooltip();
                    </OnLeave>
					<OnClick>
                        TotemusOptions:TabButtonClick("Buttons", "TAB_BUTTONS");
					</OnClick>
				</Scripts>
				<NormalTexture file="Interface\Icons\INV_Misc_Rune_01"/>
			</CheckButton>
			<CheckButton name="TotemusOptionsTabMessages" inherits="TotemusOptionsTabTemplate">
				<Anchors>
					<Anchor point="TOPLEFT" relativeTo="TotemusOptionsTabButtons" relativePoint="BOTTOMLEFT">
						<Offset>
							<AbsDimension x="0" y="-17"/>
						</Offset>
					</Anchor>
				</Anchors>
				<Scripts>
					<OnEnter>
                        TotemusOptions:ShowTooltip(this, "TAB_MESSAGES", "ANCHOR_RIGHT");
					</OnEnter>
                    <OnLeave>
                        TotemusOptions:HideTooltip();
                    </OnLeave>
					<OnClick>
                        TotemusOptions:TabButtonClick("Messages", "TAB_MESSAGES");
					</OnClick>
				</Scripts>
				<NormalTexture file="Interface\Icons\INV_Letter_06"/>
			</CheckButton>
			<CheckButton name="TotemusOptionsTabTimers" inherits="TotemusOptionsTabTemplate">
				<Anchors>
					<Anchor point="TOPLEFT" relativeTo="TotemusOptionsTabMessages" relativePoint="BOTTOMLEFT">
						<Offset>
							<AbsDimension x="0" y="-17"/>
						</Offset>
					</Anchor>
				</Anchors>
				<Scripts>
					<OnEnter>
                        TotemusOptions:ShowTooltip(this, "TAB_TIMERS", "ANCHOR_RIGHT");
					</OnEnter>
                    <OnLeave>
                        TotemusOptions:HideTooltip();
                    </OnLeave>
					<OnClick>
                        TotemusOptions:TabButtonClick("Timers", "TAB_TIMERS");
					</OnClick>
				</Scripts>
				<NormalTexture file="Interface\Icons\Spell_Totem_WardOfDraining"/>
			</CheckButton>
			<CheckButton name="TotemusOptionsTabInventory" inherits="TotemusOptionsTabTemplate" hidden="true">
				<Anchors>
					<Anchor point="TOPLEFT" relativeTo="TotemusOptionsTabMessages" relativePoint="BOTTOMLEFT">
						<Offset>
							<AbsDimension x="0" y="-17"/>
						</Offset>
					</Anchor>
				</Anchors>
				<Scripts>
					<OnEnter>
                        TotemusOptions:ShowTooltip(this, "TAB_INVENTORY", "ANCHOR_RIGHT");
					</OnEnter>
                    <OnLeave>
                        TotemusOptions:HideTooltip();
                    </OnLeave>
					<OnClick>
                        TotemusOptions:TabButtonClick("Inventory", "TAB_INVENTORY");
					</OnClick>
				</Scripts>
				<NormalTexture file="Interface\Icons\INV_Misc_Bag_08"/>
			</CheckButton>
			<CheckButton name="TotemusOptionsTabDebug" inherits="TotemusOptionsTabTemplate">
				<Anchors>
					<Anchor point="TOPLEFT" relativeTo="TotemusOptionsTabInventory" relativePoint="BOTTOMLEFT">
						<Offset>
							<AbsDimension x="0" y="-17"/>
						</Offset>
					</Anchor>
				</Anchors>
				<Scripts>
					<OnEnter>
                        TotemusOptions:ShowTooltip(this, "TAB_DEBUG", "ANCHOR_RIGHT");
					</OnEnter>
                    <OnLeave>
                        TotemusOptions:HideTooltip();
                    </OnLeave>
					<OnClick>
                        TotemusOptions:TabButtonClick("Debug", "TAB_DEBUG");
					</OnClick>
				</Scripts>
				<NormalTexture file="Interface\Icons\INV_Scarab_Stone"/>
			</CheckButton>
            
            <Frame name="TotemusOptionsFrameMessages" frameStrata="DIALOG" movable="false" enableMouse="true" toplevel="true" hidden="true">
                <Size>
                    <AbsDimension x="320" y="330"/>
                </Size>
                <Anchors>
                    <Anchor point="TOPLEFT" relativeTo="TotemusOptionsFrame" relativeFrom="TOPLEFT">
                        <Offset>
                            <AbsDimension x="20" y="-75"/>
                        </Offset>            
                    </Anchor>
                </Anchors>
                <Layers>
                    <Layer level="ARTWORK">
                        <FontString name="TotemusOptionsLabel_OnScreen" inherits="GameFontNormalSmall" text="MESSAGES_ONSCREEN">
                            <Anchors>
                                <Anchor point="TOPLEFT" relativeTo="TotemusOptionsFrameMessages" relativeFrom="TOPLEFT">
                                    <Offset>
                                        <AbsDimension x="30" y="-10"/>
                                    </Offset>
                                </Anchor>
                            </Anchors>
                        </FontString>
                        <FontString name="TotemusOptionsLabel_Raid" inherits="GameFontNormalSmall" text="MESSAGES_RAID">
                            <Anchors>
                                <Anchor point="TOPLEFT" relativeTo="TotemusOptionsFrameMessages" relativeFrom="TOPLEFT">
                                    <Offset>
                                        <AbsDimension x="30" y="-60"/>
                                    </Offset>
                                </Anchor>
                            </Anchors>
                        </FontString>
                        <FontString name="TotemusOptionsLabel_MsgRandom" inherits="GameFontNormalSmall" text="MESSAGES_RANDOM">
                            <Anchors>
                                <Anchor point="TOPLEFT" relativeTo="TotemusOptionsFrameMessages" relativeFrom="TOPLEFT">
                                    <Offset>
                                        <AbsDimension x="30" y="-110"/>
                                    </Offset>
                                </Anchor>
                            </Anchors>
                        </FontString>
                        <FontString name="TotemusOptionsLabel_MsgRandomAncestralSpirit" inherits="GameFontNormalSmall" text="MESSAGES_RANDOM_ANCESTRAL_SPIRIT">
                            <Anchors>
                                <Anchor point="TOPLEFT" relativeTo="TotemusOptionsFrameMessages" relativeFrom="TOPLEFT">
                                    <Offset>
                                        <AbsDimension x="50" y="-130"/>
                                    </Offset>
                                </Anchor>
                            </Anchors>
                        </FontString>
                        <FontString name="TotemusOptionsLabel_MsgRandomMount" inherits="GameFontNormalSmall" text="MESSAGES_RANDOM_MOUNT">
                            <Anchors>
                                <Anchor point="TOPLEFT" relativeTo="TotemusOptionsFrameMessages" relativeFrom="TOPLEFT">
                                    <Offset>
                                        <AbsDimension x="50" y="-150"/>
                                    </Offset>
                                </Anchor>
                            </Anchors>
                        </FontString>
                    </Layer>
                </Layers>
                <Frames>			
                    <CheckButton name="TotemusOptionsCheckButton_OnScreen" enableMouse="true" inherits="UICheckButtonTemplate" checked="false">
                        <Size>
                            <AbsDimension x="24" y="24"/>
                        </Size>
                        <Anchors>
                            <Anchor point="TOPLEFT" relativeTo="TotemusOptionsFrameMessages" relativeFrom="TOPLEFT">
                                <Offset>
                                    <AbsDimension x="5" y="-5"/>
                                </Offset>
                            </Anchor>
                        </Anchors>
                        <Scripts>
                            <OnClick>
                                TotemusOptions:SetOptionCheckbox(this, 'messagesOnScreen');
                            </OnClick>
                        </Scripts>
                    </CheckButton>
                    <CheckButton name="TotemusOptionsCheckButton_Raid" enableMouse="true" inherits="UICheckButtonTemplate" checked="false">
                        <Size>
                            <AbsDimension x="24" y="24"/>
                        </Size>
                        <Anchors>
                            <Anchor point="TOPLEFT" relativeTo="TotemusOptionsFrameMessages" relativeFrom="TOPLEFT">
                                <Offset>
                                    <AbsDimension x="5" y="-55"/>
                                </Offset>
                            </Anchor>
                        </Anchors>
                        <Scripts>
                            <OnClick>
                                TotemusOptions:SetOptionCheckbox(this, 'messagesRaidMode');
                            </OnClick>
                        </Scripts>
                    </CheckButton>
                    <CheckButton name="TotemusOptionsCheckButton_MsgRandom" enableMouse="true" inherits="UICheckButtonTemplate" checked="false">
                        <Size>
                            <AbsDimension x="24" y="24"/>
                        </Size>
                        <Anchors>
                            <Anchor point="TOPLEFT" relativeTo="TotemusOptionsFrameMessages" relativeFrom="TOPLEFT">
                                <Offset>
                                    <AbsDimension x="5" y="-105"/>
                                </Offset>
                            </Anchor>
                        </Anchors>
                        <Scripts>
                            <OnClick>
                                TotemusOptions:SetOptionCheckbox(this, 'messagesRandom');
                            </OnClick>
                        </Scripts>
                    </CheckButton>
                    <CheckButton name="TotemusOptionsCheckButton_MsgRandomAncestralSpirit" enableMouse="true" inherits="UICheckButtonTemplate" checked="false">
                        <Size>
                            <AbsDimension x="24" y="24"/>
                        </Size>
                        <Anchors>
                            <Anchor point="TOPLEFT" relativeTo="TotemusOptionsFrameMessages" relativeFrom="TOPLEFT">
                                <Offset>
                                    <AbsDimension x="25" y="-125"/>
                                </Offset>
                            </Anchor>
                        </Anchors>
                        <Scripts>
                            <OnClick>
                                TotemusOptions:SetOptionCheckbox(this, 'messagesAncestralSpirit');
                            </OnClick>
                        </Scripts>
                    </CheckButton>
                    <CheckButton name="TotemusOptionsCheckButton_MsgRandomMount" enableMouse="true" inherits="UICheckButtonTemplate" checked="false">
                        <Size>
                            <AbsDimension x="24" y="24"/>
                        </Size>
                        <Anchors>
                            <Anchor point="TOPLEFT" relativeTo="TotemusOptionsFrameMessages" relativeFrom="TOPLEFT">
                                <Offset>
                                    <AbsDimension x="25" y="-145"/>
                                </Offset>
                            </Anchor>
                        </Anchors>
                        <Scripts>
                            <OnClick>
                                TotemusOptions:SetOptionCheckbox(this, 'messagesRandomMount');
                            </OnClick>
                        </Scripts>
                    </CheckButton>
                    <Slider name="TotemusOptionsSlider_MsgRandomLanguage" inherits="OptionsSliderTemplate" minValue="0" maxValue="4" valueStep="1" virtual="true">
                        <Size>
                            <AbsDimension x="160" y="16"/>
                        </Size>
                        <Anchors>
                            <Anchor point="TOP" relativeTo="TotemusOptionsFrameMessages" relativeFrom="TOP">
                                <Offset>
                                    <AbsDimension x="0" y="-255"/>
                                </Offset>
                            </Anchor>
                        </Anchors>
                        <Scripts>
                            <OnEnter>
                                TotemusOptions:ShowTooltip(this, 'MSG_LANGUAGE', 'ANCHOR_CURSOR');
                            </OnEnter>
                            <OnLeave>
                                TotemusOptions:HideTooltip();
                            </OnLeave>
                            <OnValueChanged>
                                TotemusOptions:ShowTooltip(this, 'MSG_LANGUAGE', 'ANCHOR_CURSOR');
                                TotemusOptions:SetOptionSlider(this, 'messagesLanguage');
                            </OnValueChanged>
                        </Scripts>
                    </Slider>
                </Frames>
            </Frame>
            
            <Frame name="TotemusOptionsFrameButtons" frameStrata="DIALOG" movable="false" enableMouse="true" toplevel="true" hidden="true">
                <Size>
                    <AbsDimension x="320" y="330"/>
                </Size>
                <Anchors>
                    <Anchor point="TOPLEFT" relativeTo="TotemusOptionsFrame" relativeFrom="TOPLEFT">
                        <Offset>
                            <AbsDimension x="20" y="-75"/>
                        </Offset>            
                    </Anchor>
                </Anchors>
                <Layers>
                    <Layer level="ARTWORK">
                        <FontString name="TotemusOptionsLabel_ShowButtons" inherits="GameFontNormalSmall" text="SHOW_BUTTONS">
                            <Anchors>
                                <Anchor point="TOPLEFT" relativeTo="TotemusOptionsFrameButtons" relativeFrom="TOPLEFT">
                                    <Offset>
                                        <AbsDimension x="10" y="-10"/>
                                    </Offset>
                                </Anchor>
                            </Anchors>
                        </FontString>
                        <FontString name="TotemusOptionsLabel_last" inherits="GameFontNormalSmall" text="BUTTON_LOCK_LAST">
                            <Anchors>
                                <Anchor point="TOPLEFT" relativeTo="TotemusOptionsFrameButtons" relativeFrom="TOPLEFT">
                                    <Offset>
                                        <AbsDimension x="180" y="-30"/>
                                    </Offset>
                                </Anchor>
                            </Anchors>
                        </FontString>
                        <FontString name="TotemusOptionsLabel_Drink" inherits="GameFontNormalSmall" text="BUTTON_DRINK_FOOD">
                            <Anchors>
                                <Anchor point="TOPLEFT" relativeTo="TotemusOptionsFrameButtons" relativeFrom="TOPLEFT">
                                    <Offset>
                                        <AbsDimension x="30" y="-30"/>
                                    </Offset>
                                </Anchor>
                            </Anchors>
                        </FontString>
                        <FontString name="TotemusOptionsLabel_Potion" inherits="GameFontNormalSmall" text="BUTTON_POTION">
                            <Anchors>
                                <Anchor point="TOPLEFT" relativeTo="TotemusOptionsFrameButtons" relativeFrom="TOPLEFT">
                                    <Offset>
                                        <AbsDimension x="30" y="-50"/>
                                    </Offset>
                                </Anchor>
                            </Anchors>
                        </FontString>
                        <FontString name="TotemusOptionsLabel_Mount" inherits="GameFontNormalSmall" text="BUTTON_MOUNT">
                            <Anchors>
                                <Anchor point="TOPLEFT" relativeTo="TotemusOptionsFrameButtons" relativeFrom="TOPLEFT">
                                    <Offset>
                                        <AbsDimension x="30" y="-70"/>
                                    </Offset>
                                </Anchor>
                            </Anchors>
                        </FontString>
                        <FontString name="TotemusOptionsLabel_BuffMenu" inherits="GameFontNormalSmall" text="BUTTON_BUFFMENU">
                            <Anchors>
                                <Anchor point="TOPLEFT" relativeTo="TotemusOptionsFrameButtons" relativeFrom="TOPLEFT">
                                    <Offset>
                                        <AbsDimension x="30" y="-90"/>
                                    </Offset>
                                </Anchor>
                            </Anchors>
                        </FontString>
                        <FontString name="TotemusOptionsLabel_AirMenu" inherits="GameFontNormalSmall" text="BUTTON_AIRMENU">
                            <Anchors>
                                <Anchor point="TOPLEFT" relativeTo="TotemusOptionsFrameButtons" relativeFrom="TOPLEFT">
                                    <Offset>
                                        <AbsDimension x="30" y="-110"/>
                                    </Offset>
                                </Anchor>
                            </Anchors>
                        </FontString>
                        <FontString name="TotemusOptionsLabel_EauMenu" inherits="GameFontNormalSmall" text="BUTTON_EAUMENU">
                            <Anchors>
                                <Anchor point="TOPLEFT" relativeTo="TotemusOptionsFrameButtons" relativeFrom="TOPLEFT">
                                    <Offset>
                                        <AbsDimension x="30" y="-130"/>
                                    </Offset>
                                </Anchor>
                            </Anchors>
                        </FontString>
                        <FontString name="TotemusOptionsLabel_FeuMenu" inherits="GameFontNormalSmall" text="BUTTON_FEUMENU">
                            <Anchors>
                                <Anchor point="TOPLEFT" relativeTo="TotemusOptionsFrameButtons" relativeFrom="TOPLEFT">
                                    <Offset>
                                        <AbsDimension x="180" y="-110"/>
                                    </Offset>
                                </Anchor>
                            </Anchors>
                        </FontString>
                        <FontString name="TotemusOptionsLabel_TerreMenu" inherits="GameFontNormalSmall" text="BUTTON_TERREMENU">
                            <Anchors>
                                <Anchor point="TOPLEFT" relativeTo="TotemusOptionsFrameButtons" relativeFrom="TOPLEFT">
                                    <Offset>
                                        <AbsDimension x="180" y="-130"/>
                                    </Offset>
                                </Anchor>
                            </Anchors>
                        </FontString>
                        <FontString name="TotemusOptionsLabel_ActionOne" inherits="GameFontNormalSmall" text="BUTTON_ACTION_ONE">
                            <Anchors>
                                <Anchor point="TOPLEFT" relativeTo="TotemusOptionsFrameButtons" relativeFrom="TOPLEFT">
                                    <Offset>
                                        <AbsDimension x="30" y="-155"/>
                                    </Offset>
                                </Anchor>
                            </Anchors>
                        </FontString>
                        <FontString name="TotemusOptionsLabel_ActionTwo" inherits="GameFontNormalSmall" text="BUTTON_ACTION_TWO">
                            <Anchors>
                                <Anchor point="TOPLEFT" relativeTo="TotemusOptionsFrameButtons" relativeFrom="TOPLEFT">
                                    <Offset>
                                        <AbsDimension x="30" y="-250"/>
                                    </Offset>
                                </Anchor>
                            </Anchors>
                        </FontString>
                        </Layer>
                </Layers>
                <Frames>			
                    <CheckButton name="TotemusOptionsCheckButton_last" enableMouse="true" inherits="UICheckButtonTemplate" checked="false">
                        <Size>
                            <AbsDimension x="24" y="24"/>
                        </Size>
                        <Anchors>
                            <Anchor point="TOPLEFT" relativeTo="TotemusOptionsFrameButtons" relativeFrom="TOPLEFT">
                                <Offset>
                                    <AbsDimension x="155" y="-25"/>
                                </Offset>
                            </Anchor>
                        </Anchors>
                        <Scripts>
                            <OnClick>
                                TotemusOptions:SetOptionCheckbox(this, 'buttonlocklast');
                                TotemusOptions:Invalidate(true, true, false);
                            </OnClick>
                        </Scripts>
                    </CheckButton>			
                    <CheckButton name="TotemusOptionsCheckButton_Drink" enableMouse="true" inherits="UICheckButtonTemplate" checked="false">
                        <Size>
                            <AbsDimension x="24" y="24"/>
                        </Size>
                        <Anchors>
                            <Anchor point="TOPLEFT" relativeTo="TotemusOptionsFrameButtons" relativeFrom="TOPLEFT">
                                <Offset>
                                    <AbsDimension x="5" y="-25"/>
                                </Offset>
                            </Anchor>
                        </Anchors>
                        <Scripts>
                            <OnClick>
                                TotemusOptions:SetOptionCheckbox(this, 'buttonDrinkVisible');
                                TotemusOptions:Invalidate(true, true, false);
                            </OnClick>
                        </Scripts>
                    </CheckButton>
                    <CheckButton name="TotemusOptionsCheckButton_Potion" enableMouse="true" inherits="UICheckButtonTemplate" checked="false">
                        <Size>
                            <AbsDimension x="24" y="24"/>
                        </Size>
                        <Anchors>
                            <Anchor point="TOPLEFT" relativeTo="TotemusOptionsFrameButtons" relativeFrom="TOPLEFT">
                                <Offset>
                                    <AbsDimension x="5" y="-45"/>
                                </Offset>
                            </Anchor>
                        </Anchors>
                        <Scripts>
                            <OnClick>
                                TotemusOptions:SetOptionCheckbox(this, 'buttonPotionVisible');
                                TotemusOptions:Invalidate(true, true, false);
                            </OnClick>
                        </Scripts>
                    </CheckButton>
                    <CheckButton name="TotemusOptionsCheckButton_Mount" enableMouse="true" inherits="UICheckButtonTemplate" checked="false">
                        <Size>
                            <AbsDimension x="24" y="24"/>
                        </Size>
                        <Anchors>
                            <Anchor point="TOPLEFT" relativeTo="TotemusOptionsFrameButtons" relativeFrom="TOPLEFT">
                                <Offset>
                                    <AbsDimension x="5" y="-65"/>
                                </Offset>
                            </Anchor>
                        </Anchors>
                        <Scripts>
                            <OnClick>
                                TotemusOptions:SetOptionCheckbox(this, 'buttonMountVisible');
                                TotemusOptions:Invalidate(true, true, false);
                            </OnClick>
                        </Scripts>
                    </CheckButton>
                    <CheckButton name="TotemusOptionsCheckButton_BuffMenu" enableMouse="true" inherits="UICheckButtonTemplate" checked="false">
                        <Size>
                            <AbsDimension x="24" y="24"/>
                        </Size>
                        <Anchors>
                            <Anchor point="TOPLEFT" relativeTo="TotemusOptionsFrameButtons" relativeFrom="TOPLEFT">
                                <Offset>
                                    <AbsDimension x="5" y="-85"/>
                                </Offset>
                            </Anchor>
                        </Anchors>
                        <Scripts>
                            <OnClick>
                                TotemusOptions:SetOptionCheckbox(this, 'buttonBuffMenuVisible');
                                TotemusOptions:Invalidate(true, true, false);
                            </OnClick>
                        </Scripts>
                    </CheckButton>
                    <CheckButton name="TotemusOptionsCheckButton_AirMenu" enableMouse="true" inherits="UICheckButtonTemplate" checked="false">
                        <Size>
                            <AbsDimension x="24" y="24"/>
                        </Size>
                        <Anchors>
                            <Anchor point="TOPLEFT" relativeTo="TotemusOptionsFrameButtons" relativeFrom="TOPLEFT">
                                <Offset>
                                    <AbsDimension x="5" y="-105"/>
                                </Offset>
                            </Anchor>
                        </Anchors>
                        <Scripts>
                            <OnClick>
                                TotemusOptions:SetOptionCheckbox(this, 'buttonAirMenuVisible');
                                TotemusOptions:Invalidate(true, true, false);
                            </OnClick>
                        </Scripts>
                    </CheckButton>
                    <CheckButton name="TotemusOptionsCheckButton_EauMenu" enableMouse="true" inherits="UICheckButtonTemplate" checked="false">
                        <Size>
                            <AbsDimension x="24" y="24"/>
                        </Size>
                        <Anchors>
                            <Anchor point="TOPLEFT" relativeTo="TotemusOptionsFrameButtons" relativeFrom="TOPLEFT">
                                <Offset>
                                    <AbsDimension x="5" y="-125"/>
                                </Offset>
                            </Anchor>
                        </Anchors>
                        <Scripts>
                            <OnClick>
                                TotemusOptions:SetOptionCheckbox(this, 'buttonEauMenuVisible');
                                TotemusOptions:Invalidate(true, true, false);
                            </OnClick>
                        </Scripts>
                    </CheckButton>
                    <CheckButton name="TotemusOptionsCheckButton_FeuMenu" enableMouse="true" inherits="UICheckButtonTemplate" checked="false">
                        <Size>
                            <AbsDimension x="24" y="24"/>
                        </Size>
                        <Anchors>
                            <Anchor point="TOPLEFT" relativeTo="TotemusOptionsFrameButtons" relativeFrom="TOPLEFT">
                                <Offset>
                                    <AbsDimension x="155" y="-105"/>
                                </Offset>
                            </Anchor>
                        </Anchors>
                        <Scripts>
                            <OnClick>
                                TotemusOptions:SetOptionCheckbox(this, 'buttonFeuMenuVisible');
                                TotemusOptions:Invalidate(true, true, false);
                            </OnClick>
                        </Scripts>
                    </CheckButton>
                    <CheckButton name="TotemusOptionsCheckButton_TerreMenu" enableMouse="true" inherits="UICheckButtonTemplate" checked="false">
                        <Size>
                            <AbsDimension x="24" y="24"/>
                        </Size>
                        <Anchors>
                            <Anchor point="TOPLEFT" relativeTo="TotemusOptionsFrameButtons" relativeFrom="TOPLEFT">
                                <Offset>
                                    <AbsDimension x="155" y="-125"/>
                                </Offset>
                            </Anchor>
                        </Anchors>
                        <Scripts>
                            <OnClick>
                                TotemusOptions:SetOptionCheckbox(this, 'buttonTerreMenuVisible');
                                TotemusOptions:Invalidate(true, true, false);
                            </OnClick>
                        </Scripts>
                    </CheckButton>
                    <CheckButton name="TotemusOptionsCheckButton_ActionOne" enableMouse="true" inherits="UICheckButtonTemplate" checked="false">
                        <Size>
                            <AbsDimension x="24" y="24"/>
                        </Size>
                        <Anchors>
                            <Anchor point="TOPLEFT" relativeTo="TotemusOptionsFrameButtons" relativeFrom="TOPLEFT">
                                <Offset>
                                    <AbsDimension x="5" y="-150"/>
                                </Offset>
                            </Anchor>
                        </Anchors>
                        <Scripts>
                            <OnClick>
                                TotemusOptions:SetOptionCheckbox(this, 'buttonActionOneVisible');
                                TotemusOptions:Invalidate(true, true, false);
                            </OnClick>
                        </Scripts>
                    </CheckButton>
                    <Slider name="TotemusOptionsSlider_ActionOneLeft" inherits="OptionsSliderTemplate" minValue="0" maxValue="20" valueStep="1" virtual="true">
                        <Size>
                            <AbsDimension x="300" y="16"/>
                        </Size>
                        <Anchors>
                            <Anchor point="TOPLEFT" relativeTo="TotemusOptionsFrameButtons" relativeFrom="TOPLEFT">
                                <Offset>
                                    <AbsDimension x="10" y="-180"/>
                                </Offset>
                            </Anchor>
                        </Anchors>
                        <Scripts>
                            <OnEnter>
                                TotemusOptions:ShowTooltip(this, 'ACTION_VALUE', 'ANCHOR_CURSOR');
                            </OnEnter>
                            <OnLeave>
                                TotemusOptions:HideTooltip();
                            </OnLeave>
                            <OnValueChanged>
                                TotemusOptions:ShowTooltip(this, 'ACTION_VALUE', 'ANCHOR_CURSOR');
                                TotemusOptions:SetOptionSlider(this, 'buttonActionOneLeft');
                                TotemusOptions:Invalidate(true, false, false);
                            </OnValueChanged>
                        </Scripts>
                    </Slider>
                    <Slider name="TotemusOptionsSlider_ActionOneRight" inherits="OptionsSliderTemplate" minValue="0" maxValue="20" valueStep="1" virtual="true">
                        <Size>
                            <AbsDimension x="300" y="16"/>
                        </Size>
                        <Anchors>
                            <Anchor point="TOPLEFT" relativeTo="TotemusOptionsFrameButtons" relativeFrom="TOPLEFT">
                                <Offset>
                                    <AbsDimension x="10" y="-210"/>
                                </Offset>
                            </Anchor>
                        </Anchors>
                        <Scripts>
                            <OnEnter>
                                TotemusOptions:ShowTooltip(this, 'ACTION_VALUE', 'ANCHOR_CURSOR');
                            </OnEnter>
                            <OnLeave>
                                TotemusOptions:HideTooltip();
                            </OnLeave>
                            <OnValueChanged>
                                TotemusOptions:ShowTooltip(this, 'ACTION_VALUE', 'ANCHOR_CURSOR');
                                TotemusOptions:SetOptionSlider(this, 'buttonActionOneRight');
                                TotemusOptions:Invalidate(true, false, false);
                            </OnValueChanged>
                        </Scripts>
                    </Slider>
                    
                    <CheckButton name="TotemusOptionsCheckButton_ActionTwo" enableMouse="true" inherits="UICheckButtonTemplate" checked="false">
                        <Size>
                            <AbsDimension x="24" y="24"/>
                        </Size>
                        <Anchors>
                            <Anchor point="TOPLEFT" relativeTo="TotemusOptionsFrameButtons" relativeFrom="TOPLEFT">
                                <Offset>
                                    <AbsDimension x="5" y="-245"/>
                                </Offset>
                            </Anchor>
                        </Anchors>
                        <Scripts>
                            <OnClick>
                                TotemusOptions:SetOptionCheckbox(this, 'buttonActionTwoVisible');
                                TotemusOptions:Invalidate(true, true, false);
                            </OnClick>
                        </Scripts>
                    </CheckButton>
                    <Slider name="TotemusOptionsSlider_ActionTwoLeft" inherits="OptionsSliderTemplate" minValue="0" maxValue="20" valueStep="1" virtual="true">
                        <Size>
                            <AbsDimension x="300" y="16"/>
                        </Size>
                        <Anchors>
                            <Anchor point="TOPLEFT" relativeTo="TotemusOptionsFrameButtons" relativeFrom="TOPLEFT">
                                <Offset>
                                    <AbsDimension x="10" y="-275"/>
                                </Offset>
                            </Anchor>
                        </Anchors>
                        <Scripts>
                            <OnEnter>
                                TotemusOptions:ShowTooltip(this, 'ACTION_VALUE', 'ANCHOR_CURSOR');
                            </OnEnter>
                            <OnLeave>
                                TotemusOptions:HideTooltip();
                            </OnLeave>
                            <OnValueChanged>
                                TotemusOptions:ShowTooltip(this, 'ACTION_VALUE', 'ANCHOR_CURSOR');
                                TotemusOptions:SetOptionSlider(this, 'buttonActionTwoLeft');
                                TotemusOptions:Invalidate(true, false, false);
                            </OnValueChanged>
                        </Scripts>
                    </Slider>
                    <Slider name="TotemusOptionsSlider_ActionTwoRight" inherits="OptionsSliderTemplate" minValue="0" maxValue="20" valueStep="1" virtual="true">
                        <Size>
                            <AbsDimension x="300" y="16"/>
                        </Size>
                        <Anchors>
                            <Anchor point="TOPLEFT" relativeTo="TotemusOptionsFrameButtons" relativeFrom="TOPLEFT">
                                <Offset>
                                    <AbsDimension x="10" y="-305"/>
                                </Offset>
                            </Anchor>
                        </Anchors>
                        <Scripts>
                            <OnEnter>
                                TotemusOptions:ShowTooltip(this, 'ACTION_VALUE', 'ANCHOR_CURSOR');
                            </OnEnter>
                            <OnLeave>
                                TotemusOptions:HideTooltip();
                            </OnLeave>
                            <OnValueChanged>
                                TotemusOptions:ShowTooltip(this, 'ACTION_VALUE', 'ANCHOR_CURSOR');
                                TotemusOptions:SetOptionSlider(this, 'buttonActionTwoRight');
                                TotemusOptions:Invalidate(true, false, false);
                            </OnValueChanged>
                        </Scripts>
                    </Slider>
                    
                </Frames>
            </Frame>
             
            <Frame name="TotemusOptionsFrameTimers" frameStrata="DIALOG" movable="false" enableMouse="true" toplevel="true" hidden="true">
                <Size>
                    <AbsDimension x="320" y="330"/>
                </Size>
                <Anchors>
                    <Anchor point="TOPLEFT" relativeTo="TotemusOptionsFrame" relativeFrom="TOPLEFT">
                        <Offset>
                            <AbsDimension x="20" y="-75"/>
                        </Offset>            
                    </Anchor>
                </Anchors>
                <Layers>
                    <Layer level="ARTWORK">
                        <FontString name="TotemusOptionsLabel_Show" inherits="GameFontNormalSmall" text="TIMERS_SHOW">
                            <Anchors>
                                <Anchor point="TOPLEFT" relativeTo="TotemusOptionsFrameTimers" relativeFrom="TOPLEFT">
                                    <Offset>
                                        <AbsDimension x="30" y="-10"/>
                                    </Offset>
                                </Anchor>
                            </Anchors>
                        </FontString>
                        <FontString name="TotemusOptionsLabel_Lock" inherits="GameFontNormalSmall" text="TIMERS_LOCK">
                            <Anchors>
                                <Anchor point="TOPLEFT" relativeTo="TotemusOptionsFrameTimers" relativeFrom="TOPLEFT">
                                    <Offset>
                                        <AbsDimension x="30" y="-30"/>
                                    </Offset>
                                </Anchor>
                            </Anchors>
                        </FontString>
                        <FontString name="TotemusOptionsLabel_Warn" inherits="GameFontNormalSmall" text="TIMERS_WARN">
                            <Anchors>
                                <Anchor point="TOPLEFT" relativeTo="TotemusOptionsFrameTimers" relativeFrom="TOPLEFT">
                                    <Offset>
                                        <AbsDimension x="30" y="-50"/>
                                    </Offset>
                                </Anchor>
                            </Anchors>
                        </FontString>
                        <FontString name="TotemusOptionsLabel_Notify" inherits="GameFontNormalSmall" text="TIMERS_NOTIFY">
                            <Anchors>
                                <Anchor point="TOPLEFT" relativeTo="TotemusOptionsFrameTimers" relativeFrom="TOPLEFT">
                                    <Offset>
                                        <AbsDimension x="30" y="-70"/>
                                    </Offset>
                                </Anchor>
                            </Anchors>
                        </FontString>
                        <FontString name="TotemusOptionsLabel_Time" inherits="GameFontNormalSmall" text="TIMERS_TIME">
                            <Anchors>
                                <Anchor point="TOPLEFT" relativeTo="TotemusOptionsFrameTimers" relativeFrom="TOPLEFT">
                                    <Offset>
                                        <AbsDimension x="30" y="-100"/>
                                    </Offset>
                                </Anchor>
                            </Anchors>
                        </FontString>
                    </Layer>
                </Layers>
                <Frames>			
                    <CheckButton name="TotemusOptionsCheckButton_Show" enableMouse="true" inherits="UICheckButtonTemplate" checked="false">
                        <Size>
                            <AbsDimension x="24" y="24"/>
                        </Size>
                        <Anchors>
                            <Anchor point="TOPLEFT" relativeTo="TotemusOptionsFrameTimers" relativeFrom="TOPLEFT">
                                <Offset>
                                    <AbsDimension x="5" y="-5"/>
                                </Offset>
                            </Anchor>
                        </Anchors>
                        <Scripts>
                            <OnClick>
                                TotemusOptions:SetOptionCheckbox(this, 'timersShow');
                                TotemusTimers_OnShow();
                            </OnClick>
                        </Scripts>
                    </CheckButton>
                    <CheckButton name="TotemusOptionsCheckButton_Lock" enableMouse="true" inherits="UICheckButtonTemplate" checked="false">
                        <Size>
                            <AbsDimension x="24" y="24"/>
                        </Size>
                        <Anchors>
                            <Anchor point="TOPLEFT" relativeTo="TotemusOptionsFrameTimers" relativeFrom="TOPLEFT">
                                <Offset>
                                    <AbsDimension x="5" y="-25"/>
                                </Offset>
                            </Anchor>
                        </Anchors>
                        <Scripts>
                            <OnClick>
                                TotemusOptions:SetOptionCheckbox(this, 'timersLock');
                            </OnClick>
                        </Scripts>
                    </CheckButton>
                    <CheckButton name="TotemusOptionsCheckButton_Warn" enableMouse="true" inherits="UICheckButtonTemplate" checked="false">
                        <Size>
                            <AbsDimension x="24" y="24"/>
                        </Size>
                        <Anchors>
                            <Anchor point="TOPLEFT" relativeTo="TotemusOptionsFrameTimers" relativeFrom="TOPLEFT">
                                <Offset>
                                    <AbsDimension x="5" y="-45"/>
                                </Offset>
                            </Anchor>
                        </Anchors>
                        <Scripts>
                            <OnClick>
                                TotemusOptions:SetOptionCheckbox(this, 'timersWarn');
                            </OnClick>
                        </Scripts>
                    </CheckButton>
                    <CheckButton name="TotemusOptionsCheckButton_Notify" enableMouse="true" inherits="UICheckButtonTemplate" checked="false">
                        <Size>
                            <AbsDimension x="24" y="24"/>
                        </Size>
                        <Anchors>
                            <Anchor point="TOPLEFT" relativeTo="TotemusOptionsFrameTimers" relativeFrom="TOPLEFT">
                                <Offset>
                                    <AbsDimension x="5" y="-65"/>
                                </Offset>
                            </Anchor>
                        </Anchors>
                        <Scripts>
                            <OnClick>
                                TotemusOptions:SetOptionCheckbox(this, 'timersNotify');
                            </OnClick>
                        </Scripts>
                    </CheckButton>
                    <CheckButton name="TotemusOptionsCheckButton_Time" enableMouse="true" inherits="UICheckButtonTemplate" checked="false">
                        <Size>
                            <AbsDimension x="24" y="24"/>
                        </Size>
                        <Anchors>
                            <Anchor point="TOPLEFT" relativeTo="TotemusOptionsFrameTimers" relativeFrom="TOPLEFT">
                                <Offset>
                                    <AbsDimension x="5" y="-95"/>
                                </Offset>
                            </Anchor>
                        </Anchors>
                        <Scripts>
                            <OnClick>
                                TotemusOptions:SetOptionCheckbox(this, 'timersTime');
                            </OnClick>
                        </Scripts>
                    </CheckButton>
                    <Slider name="TotemusOptionsSlider_timersArrange" inherits="OptionsSliderTemplate" minValue="0" maxValue="3" valueStep="1" virtual="true">
                        <Size>
                            <AbsDimension x="160" y="16"/>
                        </Size>
                        <Anchors>
                            <Anchor point="TOP" relativeTo="TotemusOptionsFrameTimers" relativeFrom="TOP">
                                <Offset>
                                    <AbsDimension x="0" y="-150"/>
                                </Offset>
                            </Anchor>
                        </Anchors>
                        <Scripts>
                            <OnEnter>
                                TotemusOptions:ShowTooltip(this, 'ARRANGE', 'ANCHOR_CURSOR');
                            </OnEnter>
                            <OnLeave>
                                TotemusOptions:HideTooltip();
                            </OnLeave>
                            <OnValueChanged>
                                TotemusOptions:ShowTooltip(this, 'ARRANGE', 'ANCHOR_CURSOR');
                                TotemusOptions:SetOptionSlider(this, 'timersArrange');
                                TotemusTimers_SetOrientation();
                            </OnValueChanged>
                        </Scripts>
                    </Slider>
                    <Slider name="TotemusOptionsSlider_timersAlign" inherits="OptionsSliderTemplate" minValue="0" maxValue="2" valueStep="1" virtual="true">
                        <Size>
                            <AbsDimension x="160" y="16"/>
                        </Size>
                        <Anchors>
                            <Anchor point="TOP" relativeTo="TotemusOptionsFrameTimers" relativeFrom="TOP">
                                <Offset>
                                    <AbsDimension x="0" y="-180"/>
                                </Offset>
                            </Anchor>
                        </Anchors>
                        <Scripts>
                            <OnEnter>
                                TotemusOptions:ShowTooltip(this, 'ALIGN', 'ANCHOR_CURSOR');
                            </OnEnter>
                            <OnLeave>
                                TotemusOptions:HideTooltip();
                            </OnLeave>
                            <OnValueChanged>
                                TotemusOptions:ShowTooltip(this, 'ALIGN', 'ANCHOR_CURSOR');
                                TotemusOptions:SetOptionSlider(this, 'timersAlign');
                                TotemusTimers_UpdateButtons();
                            </OnValueChanged>
                        </Scripts>
                    </Slider>
                    <Slider name="TotemusOptionsSlider_timersStyle" inherits="OptionsSliderTemplate" minValue="0" maxValue="4" valueStep="1" virtual="true">
                        <Size>
                            <AbsDimension x="160" y="16"/>
                        </Size>
                        <Anchors>
                            <Anchor point="TOP" relativeTo="TotemusOptionsFrameTimers" relativeFrom="TOP">
                                <Offset>
                                    <AbsDimension x="0" y="-210"/>
                                </Offset>
                            </Anchor>
                        </Anchors>
                        <Scripts>
                            <OnEnter>
                                TotemusOptions:ShowTooltip(this, 'STYLE', 'ANCHOR_CURSOR');
                            </OnEnter>
                            <OnLeave>
                                TotemusOptions:HideTooltip();
                            </OnLeave>
                            <OnValueChanged>
                                TotemusOptions:ShowTooltip(this, 'STYLE', 'ANCHOR_CURSOR');
                                TotemusOptions:SetOptionSlider(this, 'timersStyle');
                                TotemusTimers_UpdateButtons();
                            </OnValueChanged>
                        </Scripts>
                    </Slider>
                </Frames>
            </Frame>
            <Frame name="TotemusOptionsFrameInventory" frameStrata="DIALOG" movable="false" enableMouse="true" toplevel="true" hidden="true">
                <Size>
                    <AbsDimension x="320" y="330"/>
                </Size>
                <Anchors>
                    <Anchor point="TOPLEFT" relativeTo="TotemusOptionsFrame" relativeFrom="TOPLEFT">
                        <Offset>
                            <AbsDimension x="20" y="-75"/>
                        </Offset>            
                    </Anchor>
                </Anchors>
                <Layers>
                    <Layer level="ARTWORK">
                        <FontString name="TotemusOptionsLabel_RestackAmmo" inherits="GameFontNormalSmall" text="RESTACK_AMMO">
                            <Anchors>
                                <Anchor point="TOPLEFT" relativeTo="TotemusOptionsFrameInventory" relativeFrom="TOPLEFT">
                                    <Offset>
                                        <AbsDimension x="30" y="-10"/>
                                    </Offset>
                                </Anchor>
                            </Anchors>
                        </FontString>
                    </Layer>
                </Layers>
                <Frames>			
                </Frames>
            </Frame>
             
            <Frame name="TotemusOptionsFrameSphere" frameStrata="DIALOG" movable="false" enableMouse="true" toplevel="true" hidden="true">
                <Size>
                    <AbsDimension x="320" y="330"/>
                </Size>
                <Anchors>
                    <Anchor point="TOPLEFT" relativeTo="TotemusOptionsFrame" relativeFrom="TOPLEFT">
                        <Offset>
                            <AbsDimension x="20" y="-75"/>
                        </Offset>            
                    </Anchor>
                </Anchors>
                <Layers>
                    <Layer level="ARTWORK">
                        <FontString name="TotemusOptionsLabel_LockSphere" inherits="GameFontNormalSmall" text="LOCK_SPHERE">
                            <Anchors>
                                <Anchor point="TOPLEFT" relativeTo="TotemusOptionsFrameSphere" relativeFrom="TOPLEFT">
                                    <Offset>
                                        <AbsDimension x="30" y="-10"/>
                                    </Offset>
                                </Anchor>
                            </Anchors>
                        </FontString>
                        <FontString name="TotemusOptionsLabel_LockButtons" inherits="GameFontNormalSmall" text="LOCK_BUTTONS">
                            <Anchors>
                                <Anchor point="TOPLEFT" relativeTo="TotemusOptionsFrameSphere" relativeFrom="TOPLEFT">
                                    <Offset>
                                        <AbsDimension x="30" y="-30"/>
                                    </Offset>
                                </Anchor>
                            </Anchors>
                        </FontString>
                        <FontString name="TotemusOptionsLabel_Tooltips" inherits="GameFontNormalSmall" text="MESSAGES_TOOLTIPS">
                            <Anchors>
                                <Anchor point="TOPLEFT" relativeTo="TotemusOptionsFrameMessages" relativeFrom="TOPLEFT">
                                    <Offset>
                                        <AbsDimension x="30" y="-200"/>
                                    </Offset>
                                </Anchor>
                            </Anchors>
                        </FontString>
                        <FontString name="TotemusOptionsLabel_DefaultTooltips" inherits="GameFontNormalSmall" text="MESSAGES_TOOLTIPS_DEFAULTPOS">
                            <Anchors>
                                <Anchor point="TOPLEFT" relativeTo="TotemusOptionsFrameMessages" relativeFrom="TOPLEFT">
                                    <Offset>
                                        <AbsDimension x="30" y="-220"/>
                                    </Offset>
                                </Anchor>
                            </Anchors>
                        </FontString>
                        <FontString name="TotemusOptionsLabel_MenuKeepOpen" inherits="GameFontNormalSmall" text="MENU_KEEPOPEN">
                            <Anchors>
                                <Anchor point="TOPLEFT" relativeTo="TotemusOptionsFrameMessages" relativeFrom="TOPLEFT">
                                    <Offset>
                                        <AbsDimension x="30" y="-240"/>
                                    </Offset>
                                </Anchor>
                            </Anchors>
                        </FontString>
                    </Layer>
                </Layers>
                <Frames>			
                    <CheckButton name="TotemusOptionsCheckButton_SphereLocking" enableMouse="true" inherits="UICheckButtonTemplate" checked="false">
                        <Size>
                            <AbsDimension x="24" y="24"/>
                        </Size>
                        <Anchors>
                            <Anchor point="TOPLEFT" relativeTo="TotemusOptionsFrameSphere" relativeFrom="TOPLEFT">
                                <Offset>
                                    <AbsDimension x="5" y="-5"/>
                                </Offset>
                            </Anchor>
                        </Anchors>
                        <Scripts>
                            <OnClick>
                                TotemusOptions:SetOptionCheckbox(this, 'sphereLocking');
                                TotemusOptions:Invalidate(true, true, true);
                            </OnClick>
                        </Scripts>
                    </CheckButton>
                    <CheckButton name="TotemusOptionsCheckButton_ButtonLocking" enableMouse="true" inherits="UICheckButtonTemplate" checked="false">
                        <Size>
                            <AbsDimension x="24" y="24"/>
                        </Size>
                        <Anchors>
                            <Anchor point="TOPLEFT" relativeTo="TotemusOptionsFrameSphere" relativeFrom="TOPLEFT">
                                <Offset>
                                    <AbsDimension x="5" y="-25"/>
                                </Offset>
                            </Anchor>
                        </Anchors>
                        <Scripts>
                            <OnClick>
                                TotemusOptions:SetOptionCheckbox(this, 'buttonLocking');
                                TotemusOptions:Invalidate(true, true, true);
                            </OnClick>
                        </Scripts>
                    </CheckButton>
                    <Slider name="TotemusOptionsSlider_SphereRotation" inherits="OptionsSliderTemplate" minValue="0" maxValue="360" valueStep="18" virtual="true">
                        <Size>
                            <AbsDimension x="140" y="16"/>
                        </Size>
                        <Anchors>
                            <Anchor point="TOPLEFT" relativeTo="TotemusOptionsFrameSphere" relativeFrom="TOPLEFT">
                                <Offset>
                                    <AbsDimension x="10" y="-75"/>
                                </Offset>
                            </Anchor>
                        </Anchors>
                        <Scripts>
                            <OnEnter>
                                TotemusOptions:ShowTooltip(this, 'VALUE', 'ANCHOR_CURSOR');
                            </OnEnter>
                            <OnLeave>
                                TotemusOptions:HideTooltip();
                            </OnLeave>
                            <OnValueChanged>
                                TotemusOptions:ShowTooltip(this, 'VALUE', 'ANCHOR_CURSOR');
                                TotemusOptions:SetOptionSlider(this, 'sphereRotation');
                                TotemusOptions:Invalidate(false, true, false);
                            </OnValueChanged>
                        </Scripts>
                    </Slider>
                    <Slider name="TotemusOptionsSlider_SphereScale" inherits="OptionsSliderTemplate" minValue="50" maxValue="150" valueStep="5" virtual="true">
                        <Size>
                            <AbsDimension x="140" y="16"/>
                        </Size>
                        <Anchors>
                            <Anchor point="TOPLEFT" relativeTo="TotemusOptionsFrameSphere" relativeFrom="TOPLEFT">
                                <Offset>
                                    <AbsDimension x="160" y="-75"/>
                                </Offset>
                            </Anchor>
                        </Anchors>
                        <Scripts>
                            <OnEnter>
                                TotemusOptions:ShowTooltip(this, 'VALUE', 'ANCHOR_CURSOR');
                            </OnEnter>
                            <OnLeave>
                                TotemusOptions:HideTooltip();
                            </OnLeave>
                            <OnValueChanged>
                                TotemusOptions:ShowTooltip(this, 'VALUE', 'ANCHOR_CURSOR');
                                TotemusOptions:SetOptionSlider(this, 'sphereScale');
                                TotemusOptions:Invalidate(false, true, false);
                            </OnValueChanged>
                        </Scripts>
                    </Slider>
                    <Slider name="TotemusOptionsSlider_SphereCircle" inherits="OptionsSliderTemplate" minValue="0" maxValue="20" valueStep="1" virtual="true">
                        <Size>
                            <AbsDimension x="140" y="16"/>
                        </Size>
                        <Anchors>
                            <Anchor point="TOPLEFT" relativeTo="TotemusOptionsFrameSphere" relativeFrom="TOPLEFT">
                                <Offset>
                                    <AbsDimension x="10" y="-115"/>
                                </Offset>
                            </Anchor>
                        </Anchors>
                        <Scripts>
                            <OnEnter>
                                TotemusOptions:ShowTooltip(this, 'SPHERE_CIRCLE', 'ANCHOR_CURSOR');
                            </OnEnter>
                            <OnLeave>
                                TotemusOptions:HideTooltip();
                            </OnLeave>
                            <OnValueChanged>
                                TotemusOptions:ShowTooltip(this, 'SPHERE_CIRCLE', 'ANCHOR_CURSOR');
                                TotemusOptions:SetOptionSlider(this, 'sphereStatusCircle');
                                TotemusOptions:Invalidate(false, false, false);
                            </OnValueChanged>
                        </Scripts>
                    </Slider>
                    <Slider name="TotemusOptionsSlider_SphereText" inherits="OptionsSliderTemplate" minValue="0" maxValue="20" valueStep="1" virtual="true">
                        <Size>
                            <AbsDimension x="140" y="16"/>
                        </Size>
                        <Anchors>
                            <Anchor point="TOPLEFT" relativeTo="TotemusOptionsFrameSphere" relativeFrom="TOPLEFT">
                                <Offset>
                                    <AbsDimension x="160" y="-115"/>
                                </Offset>
                            </Anchor>
                        </Anchors>
                        <Scripts>
                            <OnEnter>
                                TotemusOptions:ShowTooltip(this, 'SPHERE_TEXT', 'ANCHOR_CURSOR');
                            </OnEnter>
                            <OnLeave>
                                TotemusOptions:HideTooltip();
                            </OnLeave>
                            <OnValueChanged>
                                TotemusOptions:ShowTooltip(this, 'SPHERE_TEXT', 'ANCHOR_CURSOR');
                                TotemusOptions:SetOptionSlider(this, 'sphereStatusText');
                                TotemusOptions:Invalidate(false, false, false);
                            </OnValueChanged>
                        </Scripts>
                    </Slider>
                    <Slider name="TotemusOptionsSlider_SphereActionLeft" inherits="OptionsSliderTemplate" minValue="0" maxValue="20" valueStep="1" virtual="true">
                        <Size>
                            <AbsDimension x="140" y="16"/>
                        </Size>
                        <Anchors>
                            <Anchor point="TOPLEFT" relativeTo="TotemusOptionsFrameSphere" relativeFrom="TOPLEFT">
                                <Offset>
                                    <AbsDimension x="10" y="-155"/>
                                </Offset>
                            </Anchor>
                        </Anchors>
                        <Scripts>
                            <OnEnter>
                                TotemusOptions:ShowTooltip(this, 'ACTION_VALUE', 'ANCHOR_CURSOR');
                            </OnEnter>
                            <OnLeave>
                                TotemusOptions:HideTooltip();
                            </OnLeave>
                            <OnValueChanged>
                                TotemusOptions:ShowTooltip(this, 'ACTION_VALUE', 'ANCHOR_CURSOR');
                                TotemusOptions:SetOptionSlider(this, 'sphereActionLeft');
                                TotemusOptions:Invalidate(true, false, false);
                            </OnValueChanged>
                        </Scripts>
                    </Slider>
                    <Slider name="TotemusOptionsSlider_SphereActionRight" inherits="OptionsSliderTemplate" minValue="0" maxValue="20" valueStep="1" virtual="true">
                        <Size>
                            <AbsDimension x="140" y="16"/>
                        </Size>
                        <Anchors>
                            <Anchor point="TOPLEFT" relativeTo="TotemusOptionsFrameSphere" relativeFrom="TOPLEFT">
                                <Offset>
                                    <AbsDimension x="160" y="-155"/>
                                </Offset>
                            </Anchor>
                        </Anchors>
                        <Scripts>
                            <OnEnter>
                                TotemusOptions:ShowTooltip(this, 'ACTION_VALUE', 'ANCHOR_CURSOR');
                            </OnEnter>
                            <OnLeave>
                                TotemusOptions:HideTooltip();
                            </OnLeave>
                            <OnValueChanged>
                                TotemusOptions:ShowTooltip(this, 'ACTION_VALUE', 'ANCHOR_CURSOR');
                                TotemusOptions:SetOptionSlider(this, 'sphereActionRight');
                                TotemusOptions:Invalidate(true, false, false);
                            </OnValueChanged>
                        </Scripts>
                    </Slider>
                    <CheckButton name="TotemusOptionsCheckButton_Tooltips" enableMouse="true" inherits="UICheckButtonTemplate" checked="false">
                        <Size>
                            <AbsDimension x="24" y="24"/>
                        </Size>
                        <Anchors>
                            <Anchor point="TOPLEFT" relativeTo="TotemusOptionsFrameMessages" relativeFrom="TOPLEFT">
                                <Offset>
                                    <AbsDimension x="5" y="-195"/>
                                </Offset>
                            </Anchor>
                        </Anchors>
                        <Scripts>
                            <OnClick>
                                TotemusOptions:SetOptionCheckbox(this, 'buttonTooltips');
                            </OnClick>
                        </Scripts>
                    </CheckButton>
                    <CheckButton name="TotemusOptionsCheckButton_DefaultTooltips" enableMouse="true" inherits="UICheckButtonTemplate" checked="false">
                        <Size>
                            <AbsDimension x="24" y="24"/>
                        </Size>
                        <Anchors>
                            <Anchor point="TOPLEFT" relativeTo="TotemusOptionsFrameMessages" relativeFrom="TOPLEFT">
                                <Offset>
                                    <AbsDimension x="5" y="-215"/>
                                </Offset>
                            </Anchor>
                        </Anchors>
                        <Scripts>
                            <OnClick>
                                TotemusOptions:SetOptionCheckbox(this, 'buttonDefaultTooltips');
                            </OnClick>
                        </Scripts>
                    </CheckButton>
                    <CheckButton name="TotemusOptionsCheckButton_MenuKeepOpen" enableMouse="true" inherits="UICheckButtonTemplate" checked="false">
                        <Size>
                            <AbsDimension x="24" y="24"/>
                        </Size>
                        <Anchors>
                            <Anchor point="TOPLEFT" relativeTo="TotemusOptionsFrameMessages" relativeFrom="TOPLEFT">
                                <Offset>
                                    <AbsDimension x="5" y="-235"/>
                                </Offset>
                            </Anchor>
                        </Anchors>
                        <Scripts>
                            <OnClick>
                                TotemusOptions:SetOptionCheckbox(this, 'menuKeepOpen');
                                TotemusOptions:Invalidate(true, true, true);
                            </OnClick>
                        </Scripts>
                    </CheckButton>
                </Frames>
            </Frame>
            
            <Frame name="TotemusOptionsFrameDebug" frameStrata="DIALOG" movable="false" enableMouse="true" toplevel="true" hidden="true">
                <Size>
                    <AbsDimension x="320" y="330"/>
                </Size>
                <Anchors>
                    <Anchor point="TOPLEFT" relativeTo="TotemusOptionsFrame" relativeFrom="TOPLEFT">
                        <Offset>
                            <AbsDimension x="20" y="-75"/>
                        </Offset>            
                    </Anchor>
                </Anchors>
                <Layers>
                    <Layer level="ARTWORK">
                        <FontString name="TotemusOptionsDebugItemTitle" inherits="GameFontNormalSmall" text="DEBUG_ITEMDROP">
                            <Anchors>
                                <Anchor point="TOPLEFT" relativeTo="TotemusOptionsFrameDebug" relativeFrom="TOPLEFT">
                                    <Offset>
                                        <AbsDimension x="72" y="-15"/>
                                    </Offset>
                                </Anchor>
                            </Anchors>
                        </FontString>
                        <FontString name="TotemusOptionsDebugTexture" inherits="GameFontNormalSmall" text="DEBUG_TEXTURES">
                            <Anchors>
                                <Anchor point="TOPLEFT" relativeTo="TotemusOptionsFrameDebug" relativeFrom="TOPLEFT">
                                    <Offset>
                                        <AbsDimension x="15" y="-75"/>
                                    </Offset>
                                </Anchor>
                            </Anchors>
                        </FontString>
                        <FontString name="TotemusOptionsLabel_DebugTexture" inherits="GameFontNormalSmall" text="MESSAGES_TEXTURE_DEBUG">
                            <Anchors>
                                <Anchor point="TOPLEFT" relativeTo="TotemusOptionsFrameDebug" relativeFrom="TOPLEFT">
                                    <Offset>
                                        <AbsDimension x="35" y="-130"/>
                                    </Offset>
                                </Anchor>
                            </Anchors>
                        </FontString>
                    </Layer>
                </Layers>
                <Frames>		
                    <CheckButton name="TotemusOptionsDebugItem" checked="false">
                        <Size>
                            <AbsDimension x="64" y="64"/>
                        </Size>
                        <Anchors>
                            <Anchor point="TOPLEFT" relativeTo="TotemusOptionsFrameDebug" relativeFrom="TOPLEFT">
                                <Offset>
                                    <AbsDimension x="5" y="-5"/>
                                </Offset>
                            </Anchor>
                        </Anchors>
                        <Layers>
                            <Layer level="BACKGROUND">
                                <Texture name="$parentBackground" file="Interface\Buttons\UI-EmptySlot"/>
                            </Layer>
                            <Layer level="ARTWORK">
                                <Texture name="$parentIcon">
                                    <Size>
                                        <AbsDimension x="37" y="37"/>
                                    </Size>
                                    <Anchors>
                                        <Anchor point="CENTER" relativeTo="$parent" relativeFrom="CENTER"/>
                                    </Anchors>
                                </Texture>
                            </Layer>
                        </Layers>
                        <Scripts>
                            <OnLoad>
                                this:RegisterForClicks("LeftButtonUp", "RightButtonUp");
                            </OnLoad>
                            <OnClick>
                                TotemusOptions:OnDebugItemDrop();
                            </OnClick>
                        </Scripts>
                    </CheckButton> 
                    <EditBox name="TotemusOptionsDebugItemEdit">
                        <Size>
                            <AbsDimension x="235" y="24"/>
                        </Size>
                        <Anchors>
                            <Anchor point="TOPLEFT" relativeTo="TotemusOptionsFrameDebug" relativeFrom="TOPLEFT">
                                <Offset>
                                    <AbsDimension x="70" y="-32"/>
                                </Offset>
                            </Anchor>
                        </Anchors>    
                        <Backdrop bgFile="Interface\TutorialFrame\TutorialFrameBackground" edgeFile="Interface\DialogFrame\UI-DialogBox-Border" tile="true">
                            <EdgeSize>
                                <AbsValue val="16"/>
                            </EdgeSize>
                            <TileSize>
                                <AbsValue val="32"/>
                            </TileSize>
                            <BackgroundInsets>
                                <AbsInset left="5" right="5" top="5" bottom="5"/>
                            </BackgroundInsets>
                        </Backdrop>
                        <TextInsets>
                            <AbsInset left="10" right="5" top="5" bottom="5"/>
                        </TextInsets>
                        <FontString inherits="GameFontNormal"/>
                    </EditBox>
                    <EditBox name="TotemusOptionsDebugTextureMsgs">
                        <Size>
                            <AbsDimension x="290" y="24"/>
                        </Size>
                        <Anchors>
                            <Anchor point="TOPLEFT" relativeTo="TotemusOptionsFrameDebug" relativeFrom="TOPLEFT">
                                <Offset>
                                    <AbsDimension x="15" y="-90"/>
                                </Offset>
                            </Anchor>
                        </Anchors>    
                        <Backdrop bgFile="Interface\TutorialFrame\TutorialFrameBackground" edgeFile="Interface\DialogFrame\UI-DialogBox-Border" tile="true">
                            <EdgeSize>
                                <AbsValue val="16"/>
                            </EdgeSize>
                            <TileSize>
                                <AbsValue val="32"/>
                            </TileSize>
                            <BackgroundInsets>
                                <AbsInset left="5" right="5" top="5" bottom="5"/>
                            </BackgroundInsets>
                        </Backdrop>
                        <TextInsets>
                            <AbsInset left="10" right="5" top="5" bottom="5"/>
                        </TextInsets>
                        <FontString inherits="GameFontNormal"/>                    
                    </EditBox>
                    <CheckButton name="TotemusOptionsCheckButton_DebugTexture" enableMouse="true" inherits="UICheckButtonTemplate" checked="false">
                        <Size>
                            <AbsDimension x="24" y="24"/>
                        </Size>
                        <Anchors>
                            <Anchor point="TOPLEFT" relativeTo="TotemusOptionsFrameDebug" relativeFrom="TOPLEFT">
                                <Offset>
                                    <AbsDimension x="10" y="-125"/>
                                </Offset>
                            </Anchor>
                        </Anchors>
                        <Scripts>
                            <OnClick>
                                TotemusOptions:SetOptionCheckbox(this, 'messagesMissingTexture');
                            </OnClick>
                        </Scripts>
                    </CheckButton>
                </Frames>
            </Frame>
        </Frames>
        <Scripts>
			<OnDragStart>
				this:StartMoving();
			</OnDragStart>
			<OnDragStop>
                this:StopMovingOrSizing();
			</OnDragStop>
        </Scripts>
   </Frame>
</Ui>