<Ui xmlns="http://www.blizzard.com/wow/ui/" xmlns:xsi="http://www.w3.org/2001/XMLSchema-instance" xsi:schemaLocation="http://www.blizzard.com/wow/ui/
..\..\FrameXML\UI.xsd">

	<Button name="ZActionBarButtonTemplate" frameStrata="MEDIUM" virtual="true" parent="UIParent" inherits="SecureActionButtonTemplate" hidden="true">
		<Size>
			<AbsDimension x="30" y="30"/>
		</Size>
		<Layers>
			<Layer level="BACKGROUND">
				<Texture name="$parentBackground" file="Interface\Icons\Spell_Holy_WordFortitude">
					<TexCoords left="0.07" right="0.93" top="0.07" bottom="0.93"/>
				</Texture>
			</Layer>
			<Layer level="ARTWORK">
				<Texture name="$parentIcon">
					<Anchors>
						<Anchor point="LEFT">
							<Offset x="2" y="0"/>
						</Anchor>
						<Anchor point="RIGHT">
							<Offset x="-2" y="0"/>
						</Anchor>
						<Anchor point="TOP">
							<Offset x="0" y="-2"/>
						</Anchor>
						<Anchor point="BOTTOM">
							<Offset x="0" y="2"/>
						</Anchor>
					</Anchors>
					<TexCoords left="0.07" right="0.93" top="0.07" bottom="0.93"/>
				</Texture>
			</Layer>
		</Layers>
		<Frames>
			<Cooldown name="$parentCooldown" inherits="CooldownFrameTemplate"/>
		</Frames>
		<HighlightTexture alphaMode="ADD" file="Interface\Buttons\ButtonHilight-Square"/>
		<Scripts>
			<OnLoad>
				ZActionBar_Button_OnLoad(self)
			</OnLoad>
		</Scripts>
	</Button>

</Ui>