﻿<Ui xmlns:xsi="http://www.w3.org/2001/XMLSchema-instance" xmlns:xsd="http://www.w3.org/2001/XMLSchema" xmlns="http://www.blizzard.com/wow/ui/">
	<Script file="RCLootHistory.lua" />
	<Button name="RCLootHistoryEntry" virtual="true" hidden="true" text="">
		<Size>
			<AbsDimension x="546" y="20" />
		</Size>
		<Layers>
			<Layer level="OVERLAY">
				<FontString name="$parentString1" inherits="GameFontNormal" text="Potdisc" justifyH="LEFT">
					<Size>
						<AbsDimension x="75" y="20" />
					</Size>
					<Anchors>
						<Anchor point="TOPLEFT">
							<Offset x="3" />
						</Anchor>
					</Anchors>
					<FontHeight>
						<AbsValue val="10" />
					</FontHeight>
					<Color r="1" g="1" b="1" />
				</FontString>
				<FontString name="$parentString2" inherits="GameFontNormal" text="5/6-2013 - 20:56" justifyH="LEFT">
					<Size>
						<AbsDimension x="101" y="20" />
					</Size>
					<Anchors>
						<Anchor point="TOPLEFT">
							<Offset x="84" y="1" />
						</Anchor>
					</Anchors>
					<FontHeight>
						<AbsValue val="8" />
					</FontHeight>
					<Color r="1" g="1" b="1" />
				</FontString>
				<FontString name="$parentString3" inherits="GameFontNormal" text="Trinket of Awesome Power!" justifyH="LEFT">
					<Size>
						<AbsDimension x="239" y="20" />
					</Size>
					<Anchors>
						<Anchor point="TOPLEFT">
							<Offset x="191" />
						</Anchor>
					</Anchors>
					<FontHeight>
						<AbsValue val="10" />
					</FontHeight>
					<Color r="0.753" g="0" b="0.753" />
				</FontString>
				<FontString name="$parentString4" inherits="GameFontNormal" text="Mainspec/Need" justifyH="RIGHT">
					<Size>
						<AbsDimension x="110" y="20" />
					</Size>
					<Anchors>
						<Anchor point="TOPLEFT">
							<Offset x="436" />
						</Anchor>
					</Anchors>
					<FontHeight>
						<AbsValue val="10" />
					</FontHeight>
					<Color r="0" g="0.753" b="0" />
				</FontString>
			</Layer>
		</Layers>
		<Scripts>
			<OnClick>
				if not RCLootHistory:IsSelected(self:GetID()) then
				RCLootHistory:Select(self:GetID());
				end
			</OnClick>
			<OnEnter>
				getglobal(self:GetName().."BG"):Show();
				RCLootHistory:MouseOver(self:GetID());
			</OnEnter>
			<OnLeave>
				if not RCLootHistory:IsSelected(self:GetID()) then
				getglobal(self:GetName().."BG"):Hide();
				end
				GameTooltip:Hide();
			</OnLeave>
			<OnLoad>
				getglobal(self:GetName().."BG"):Hide();
			</OnLoad>
		</Scripts>
		<NormalTexture name="$parentBG">
			<Color a="0.35" r="1" g="0.839" b="0" />
		</NormalTexture>
	</Button>
	<Frame name="RCLootHistoryFrame" parent="UIParent" toplevel="true" movable="true" enableMouse="true">
		<Size>
			<AbsDimension x="600" y="400" />
		</Size>
		<Anchors>
			<Anchor point="TOPLEFT">
				<Offset x="163" y="-124" />
			</Anchor>
		</Anchors>
		<Backdrop bgFile="Interface\DialogFrame\UI-DialogBox-Gold-Background" edgeFile="Interface\Tooltips\UI-Tooltip-Border" tile="true">
			<BackgroundInsets>
				<AbsInset left="4" right="4" top="4" bottom="4" />
			</BackgroundInsets>
			<TileSize>
				<AbsValue val="64" />
			</TileSize>
			<EdgeSize>
				<AbsValue val="16" />
			</EdgeSize>
			<Color r="0.5" g="0" b="0" />
			<BorderColor r="1" g="0.5" b="0" />
		</Backdrop>
		<Layers>
			<Layer level="OVERLAY">
				<FontString name="$parentTitleString" inherits="GameFontNormal" text="RCLootCouncil Loot History">
					<Size>
						<AbsDimension x="594" y="20" />
					</Size>
					<Anchors>
						<Anchor point="TOPLEFT">
							<Offset x="3" y="-3" />
						</Anchor>
					</Anchors>
					<Color r="1" g="1" b="1" />
				</FontString>
				<FontString name="$parentString1" inherits="GameFontNormal" font="Fonts\ARIALN.TTF" text="Potdisc" justifyH="LEFT">
					<Size>
						<AbsDimension x="180" y="20" />
					</Size>
					<Anchors>
						<Anchor point="TOPLEFT">
							<Offset x="16" y="-50" />
						</Anchor>
					</Anchors>
					<FontHeight>
						<AbsValue val="14" />
					</FontHeight>
					<Color r="1" g="1" b="1" />
				</FontString>
				<FontString name="$parentString2" inherits="GameFontNormal" font="Fonts\ARIALN.TTF" text="Mainspec rolls: 2" justifyH="LEFT">
					<Size>
						<AbsDimension x="180" y="20" />
					</Size>
					<Anchors>
						<Anchor point="TOPLEFT">
							<Offset x="16" y="-65" />
						</Anchor>
					</Anchors>
					<FontHeight>
						<AbsValue val="14" />
					</FontHeight>
					<Color r="0" g="0.753" b="0" />
				</FontString>
				<FontString inherits="GameFontNormal" font="Fonts\ARIALN.TTF" text="Filter passes" justifyH="LEFT">
					<Size>
						<AbsDimension x="71" y="20" />
					</Size>
					<Anchors>
						<Anchor point="TOPLEFT">
							<Offset x="414" y="-84" />
						</Anchor>
					</Anchors>
					<Color r="1" g="1" b="1" />
				</FontString>
				<FontString name="$parentString3" inherits="GameFontNormal" font="Fonts\ARIALN.TTF" text="Recieved 3 items over 29 days ,12 months and 2 years" justifyH="LEFT">
					<Size>
						<AbsDimension x="371" y="20" />
					</Size>
					<Anchors>
						<Anchor point="TOPLEFT">
							<Offset x="16" y="-84" />
						</Anchor>
					</Anchors>
					<FontHeight>
						<AbsValue val="14" />
					</FontHeight>
					<Color r="1" g="1" b="1" />
				</FontString>
			</Layer>
		</Layers>
		<Frames>
			<Button name="$parentButtonClose" inherits="UIPanelButtonTemplate" text="Close">
				<Size>
					<AbsDimension x="75" y="23" />
				</Size>
				<Anchors>
					<Anchor point="TOPLEFT">
						<Offset x="508" y="-81" />
					</Anchor>
				</Anchors>
				<Scripts>
					<OnClick>
						RCLootHistory:Close();
					</OnClick>
				</Scripts>
			</Button>
			<ScrollFrame name="$parentScrollFrame" inherits="FauxScrollFrameTemplate">
				<Size>
					<AbsDimension x="554" y="276" />
				</Size>
				<Anchors>
					<Anchor point="TOPLEFT">
						<Offset x="13" y="-110" />
					</Anchor>
				</Anchors>
				<Backdrop bgFile="Interface\DialogFrame\UI-DialogBox-Background" edgeFile="Interface\Tooltips\UI-Tooltip-Border" tile="true">
					<BackgroundInsets>
						<AbsInset left="4" right="4" top="4" bottom="4" />
					</BackgroundInsets>
					<TileSize>
						<AbsValue val="32" />
					</TileSize>
					<EdgeSize>
						<AbsValue val="16" />
					</EdgeSize>
				</Backdrop>
				<Scripts>
					<OnVerticalScroll>
						FauxScrollFrame_OnVerticalScroll(self, offset, 20, RCLootHistory:Update());
					</OnVerticalScroll>
				</Scripts>
			</ScrollFrame>
			<CheckButton name="$parentFilterPasses" inherits="UICheckButtonTemplate" text="Filter passes">
				<Size>
					<AbsDimension x="20" y="20" />
				</Size>
				<Anchors>
					<Anchor point="TOPLEFT">
						<Offset x="482" y="-84" />
					</Anchor>
				</Anchors>
				<Scripts>
					<OnUpdate>
						self:SetChecked(RCLootHistory:GetFilterPasses());
					</OnUpdate>
					<OnClick>
						self:SetChecked(RCLootHistory:SetFilterPasses());
					</OnClick>
				</Scripts>
			</CheckButton>
		</Frames>
		<Scripts>
			<OnLoad>
				self:RegisterForDrag("LeftButton");
				RCLootHistory:OnLoad();
				self:Hide();
			</OnLoad>
			<OnDragStart>
				self:StartMoving()
			</OnDragStart>
			<OnDragStop>
				self:StopMovingOrSizing()
			</OnDragStop>
		</Scripts>
	</Frame>
</Ui>