﻿<Ui xmlns:xsi="http://www.w3.org/2001/XMLSchema-instance" xmlns:xsd="http://www.w3.org/2001/XMLSchema" xmlns="http://www.blizzard.com/wow/ui/">
	<Script file="Containers.lua"></Script>

	<Button name="ContainerTemplate" virtual="true">
		<Size>
			<AbsDimension x="615" y="41"/>
		</Size>
		<Frames>
			<Button name="$parentItem1" inherits="BagItemTemplate" />
			<Button name="$parentItem2" inherits="BagItemTemplate" />
			<Button name="$parentItem3" inherits="BagItemTemplate" />
			<Button name="$parentItem4" inherits="BagItemTemplate" />
			<Button name="$parentItem5" inherits="BagItemTemplate" />
			<Button name="$parentItem6" inherits="BagItemTemplate" />
			<Button name="$parentItem7" inherits="BagItemTemplate" />
			<Button name="$parentItem8" inherits="BagItemTemplate" />
			<Button name="$parentItem9" inherits="BagItemTemplate" />
			<Button name="$parentItem10" inherits="BagItemTemplate" />
			<Button name="$parentItem11" inherits="BagItemTemplate" />
			<Button name="$parentItem12" inherits="BagItemTemplate" />
			<Button name="$parentItem13" inherits="BagItemTemplate" />
			<Button name="$parentItem14" inherits="BagItemTemplate" />
		</Frames>
	</Button>
	
	<Frame name="AltoContainers" parent="AltoholicFrame" hidden="true">
		<Size>
			<AbsDimension x="615" y="306"/>
		</Size>
		<Anchors>
			<Anchor point="TOPRIGHT">
				<Offset>
					<AbsDimension x="-33" y="-105"/>
				</Offset>
			</Anchor>
		</Anchors>
		<Frames>
			<ScrollFrame name="$parentScrollFrame" inherits="FauxScrollFrameTemplate">
				<Anchors>
					<Anchor point="TOPLEFT" />
					<Anchor point="BOTTOMRIGHT" />
				</Anchors>
				<Layers>
					<Layer level="ARTWORK">
						<Texture file="Interface\PaperDollInfoFrame\UI-Character-ScrollBar">
							<Size>
								<AbsDimension x="31" y="256"/>
							</Size>
							<Anchors>
								<Anchor point="TOPLEFT" relativePoint="TOPRIGHT">
									<Offset>
										<AbsDimension x="-2" y="5"/>
									</Offset>
								</Anchor>
							</Anchors>
							<TexCoords left="0" right="0.484375" top="0" bottom="1.0"/>
						</Texture>
						<Texture file="Interface\PaperDollInfoFrame\UI-Character-ScrollBar">
							<Size>
								<AbsDimension x="31" y="106"/>
							</Size>
							<Anchors>
								<Anchor point="BOTTOMLEFT" relativePoint="BOTTOMRIGHT">
									<Offset>
										<AbsDimension x="-2" y="0"/>
									</Offset>
								</Anchor>
							</Anchors>
							<TexCoords left="0.515625" right="1.0" top="0" bottom="0.4140625"/>
						</Texture>
					</Layer>
				</Layers>
				<Scripts>
					<OnVerticalScroll>
						FauxScrollFrame_OnVerticalScroll(41, function(this) 
							Altoholic:Containers_Update();
						end)
					</OnVerticalScroll>
					<OnShow>
						Altoholic:Containers_Update();
					</OnShow>
				</Scripts>
			</ScrollFrame>
		</Frames>
		<Scripts>
			<OnShow>
				AltoContainersScrollFrame:Show()
			</OnShow>
		</Scripts>
	</Frame>
	
</Ui>