﻿<Ui xmlns:xsi="http://www.w3.org/2001/XMLSchema-instance" xmlns:xsd="http://www.w3.org/2001/XMLSchema" xmlns="http://www.blizzard.com/wow/ui/">
	<Script file="Recipes.lua"></Script>

 	<Button name="CraftReagentTemplate" virtual="true">
		<Size>
			<AbsDimension x="18" y="18"/>
		</Size>
		<Layers>
			<Layer level="BORDER">
				<Texture name="$parentIconTexture"/>
				<FontString name="$parentCount" inherits="NumberFontNormal" justifyH="RIGHT" hidden="true">
					<Anchors>
						<Anchor point="BOTTOMLEFT" relativeTo="$parent" relativePoint="BOTTOMRIGHT">
							<Offset>
								<AbsDimension x="2" y="1"/>
							</Offset>
						</Anchor>
					</Anchors>
				</FontString>
			</Layer>
		</Layers>
		<Scripts>
			<OnEnter>
			</OnEnter>
			<OnLeave>
				GameTooltip:Hide();
			</OnLeave>
		</Scripts>
		<PushedTexture file="Interface\Buttons\UI-Quickslot-Depress"/>
		<HighlightTexture file="Interface\Buttons\ButtonHilight-Square" alphaMode="ADD"/>
	</Button>	
	
	<Button name="RecipesEntryTemplate" virtual="true">
		<Size>
			<AbsDimension x="615" y="22"/>
		</Size>
		<Frames>
			<Button name="$parentCollapse" hidden="true">
				<Size>
					<AbsDimension x="16" y="16"/>
				</Size>
				<Anchors>
					<Anchor point="LEFT">
						<Offset>
							<AbsDimension x="5" y="0"/>
						</Offset>
					</Anchor>
				</Anchors>
				<Scripts>
					<OnClick>
						local id = this:GetParent():GetID()
						if id ~= 0 then
							local v = Altoholic.vars
							local c = Altoholic.db.account.data[v.CurrentFaction][v.CurrentRealm].char[v.CurrentAlt]
							local s = c.recipes[v.CurrentProfession].list[id]
							if s.isCollapsed ~= nil then
								if s.isCollapsed == true then
									s.isCollapsed = false
								else
									s.isCollapsed = true
								end
							end
						end
						Altoholic:Recipes_Update()
					</OnClick>
				</Scripts>
				<NormalTexture name="$parentIcon" file="Interface\Buttons\UI-MinusButton-UP" />
				<HighlightTexture file="Interface\Buttons\UI-PlusButton-Hilight" alphaMode="ADD" />
			</Button>
			<Button name="$parentRecipeLink" id="1">
				<Size>
					<AbsDimension x="270" y="18"/>
				</Size>
				<Anchors>
					<Anchor point="TOPLEFT">
						<Offset>
							<AbsDimension x="15" y="0"/>
						</Offset>
					</Anchor>
				</Anchors>
				<ButtonText name="$parentNormalText" justifyH="LEFT">
					<Size>
						<AbsDimension x="270" y="18"/>
					</Size>
					<Anchors>
						<Anchor point="LEFT">
							<Offset>
								<AbsDimension x="0" y="0"/>
							</Offset>
						</Anchor>
					</Anchors>
				</ButtonText>
				<Scripts>
					<OnEnter>
						Altoholic:Recipes_OnEnter(this)
					</OnEnter>
					<OnLeave>
						GameTooltip:Hide();
					</OnLeave>
					<OnClick>
						Altoholic:Recipes_OnClick(arg1, this:GetID())
					</OnClick>
				</Scripts>		
				<NormalFont inherits="GameFontNormal" justifyH="LEFT"/>
			</Button>
			<Button name="$parentItem1" inherits="CraftReagentTemplate">
				<Anchors>
					<Anchor point="TOPLEFT" relativeTo="$parentRecipeLink" relativePoint="TOPRIGHT">
						<Offset>
							<AbsDimension x="20" y="0"/>
						</Offset>
					</Anchor>
				</Anchors>
			</Button>
			<Button name="$parentItem2" inherits="CraftReagentTemplate">
				<Anchors>
					<Anchor point="TOPLEFT" relativeTo="$parentItem1" relativePoint="TOPRIGHT">
						<Offset>
							<AbsDimension x="20" y="0"/>
						</Offset>
					</Anchor>
				</Anchors>
			</Button>
			<Button name="$parentItem3" inherits="CraftReagentTemplate">
				<Anchors>
					<Anchor point="TOPLEFT" relativeTo="$parentItem2" relativePoint="TOPRIGHT">
						<Offset>
							<AbsDimension x="20" y="0"/>
						</Offset>
					</Anchor>
				</Anchors>
			</Button>
			<Button name="$parentItem4" inherits="CraftReagentTemplate">
				<Anchors>
					<Anchor point="TOPLEFT" relativeTo="$parentItem3" relativePoint="TOPRIGHT">
						<Offset>
							<AbsDimension x="20" y="0"/>
						</Offset>
					</Anchor>
				</Anchors>
			</Button>
			<Button name="$parentItem5" inherits="CraftReagentTemplate">
				<Anchors>
					<Anchor point="TOPLEFT" relativeTo="$parentItem4" relativePoint="TOPRIGHT">
						<Offset>
							<AbsDimension x="20" y="0"/>
						</Offset>
					</Anchor>
				</Anchors>
			</Button>
			<Button name="$parentItem6" inherits="CraftReagentTemplate">
				<Anchors>
					<Anchor point="TOPLEFT" relativeTo="$parentItem5" relativePoint="TOPRIGHT">
						<Offset>
							<AbsDimension x="20" y="0"/>
						</Offset>
					</Anchor>
				</Anchors>
			</Button>
			<Button name="$parentItem7" inherits="CraftReagentTemplate">
				<Anchors>
					<Anchor point="TOPLEFT" relativeTo="$parentItem6" relativePoint="TOPRIGHT">
						<Offset>
							<AbsDimension x="20" y="0"/>
						</Offset>
					</Anchor>
				</Anchors>
			</Button>
			<Button name="$parentItem8" inherits="CraftReagentTemplate">
				<Anchors>
					<Anchor point="TOPLEFT" relativeTo="$parentItem7" relativePoint="TOPRIGHT">
						<Offset>
							<AbsDimension x="20" y="0"/>
						</Offset>
					</Anchor>
				</Anchors>
			</Button>
		</Frames>
	</Button>
	
	<Frame name="AltoRecipes" parent="AltoholicFrame" hidden="true">
		<Size>
			<AbsDimension x="615" y="306"/>
		</Size>
		<Anchors>
			<Anchor point="TOPRIGHT">
				<Offset>
					<AbsDimension x="-33" y="-105"/>
				</Offset>
			</Anchor>
		</Anchors>
		<Frames>
			<ScrollFrame name="$parentScrollFrame" inherits="FauxScrollFrameTemplate">
				<Anchors>
					<Anchor point="TOPLEFT" />
					<Anchor point="BOTTOMRIGHT" />
				</Anchors>
				<Layers>
					<Layer level="ARTWORK">
						<Texture file="Interface\PaperDollInfoFrame\UI-Character-ScrollBar">
							<Size>
								<AbsDimension x="31" y="256"/>
							</Size>
							<Anchors>
								<Anchor point="TOPLEFT" relativePoint="TOPRIGHT">
									<Offset>
										<AbsDimension x="-2" y="5"/>
									</Offset>
								</Anchor>
							</Anchors>
							<TexCoords left="0" right="0.484375" top="0" bottom="1.0"/>
						</Texture>
						<Texture file="Interface\PaperDollInfoFrame\UI-Character-ScrollBar">
							<Size>
								<AbsDimension x="31" y="106"/>
							</Size>
							<Anchors>
								<Anchor point="BOTTOMLEFT" relativePoint="BOTTOMRIGHT">
									<Offset>
										<AbsDimension x="-2" y="0"/>
									</Offset>
								</Anchor>
							</Anchors>
							<TexCoords left="0.515625" right="1.0" top="0" bottom="0.4140625"/>
						</Texture>
					</Layer>
				</Layers>
				<Scripts>
					<OnVerticalScroll>
						FauxScrollFrame_OnVerticalScroll(18, function(this) 
							Altoholic:Recipes_Update();
						end)
					</OnVerticalScroll>
					<OnShow>
						Altoholic:Recipes_Update();
					</OnShow>
				</Scripts>
			</ScrollFrame>
		</Frames>
		<Scripts>
			<OnShow>
				AltoRecipesScrollFrame:Show()
			</OnShow>
		</Scripts>
	</Frame>

</Ui>