<Ui xmlns="http://www.blizzard.com/wow/ui/">
	<Script file="LibStub\LibStub.lua"/>
	<Script file="CallbackHandler-1.0\CallbackHandler-1.0.lua"/>
	<Script file="LibDataBroker-1.1\LibDataBroker-1.1.lua"/>
	
	<Script file="AceAddon-3.0\AceAddon-3.0.lua"/>
	<Script file="AceEvent-3.0\AceEvent-3.0.lua"/>
	<Script file="AceConsole-3.0\AceConsole-3.0.lua"/>
	<Script file="AceLocale-3.0\AceLocale-3.0.lua"/>
	
	<Include file="LibItemCache-1.0\LibItemCache-1.0.xml"/>
	<Script file="LibItemSearch-1.0\LibItemSearch-1.0.lua"/>
	<Script file="Unfit-1.0\Unfit-1.0.lua"/>
</Ui>