﻿<Ui xmlns:xsi="http://www.w3.org/2001/XMLSchema-instance" xmlns:xsd="http://www.w3.org/2001/XMLSchema" xmlns="http://www.blizzard.com/wow/ui/">
	<Script file="Core.lua"></Script>
	<Script file="Loots.lua"></Script>
	<Script file="Suggestions.lua"></Script>
	<Script file="Suggestions_zhCN.lua"></Script>
	<Script file="Suggestions_zhTW.lua"></Script>
	<Script file="AltoholicFu.lua"></Script>
	<Script file="Altoholic.lua"></Script>
	
	<GameTooltip name="AltoTooltip" inherits="GameTooltipTemplate" parent="UIParent" hidden="true" />

	<Button name="AltoholicMinimapButton" parent="Minimap" toplevel="true">
		<Size>
			<AbsDimension x="33" y="33"/>
		</Size>
		<Anchors>
			<Anchor point="CENTER" relativeTo="Minimap" relativePoint="RIGHT">
				<Offset>
					<AbsDimension x="5" y="0"/>
				</Offset>
			</Anchor>
		</Anchors>		
		<Scripts>
			<OnLoad>
				this:RegisterForClicks("LeftButtonDown", "RightButtonDown");
				this:RegisterForDrag("RightButton")
			</OnLoad>
			<OnClick>
				if button == "LeftButton" then
					Altoholic:ToggleUI()
				end
			</OnClick>
			<OnUpdate>
				if(this.isMoving == true) then
					Altoholic:UpdateMinimapIconCoords()
				end
			</OnUpdate>
			<OnDragStart>
				this.isMoving = true;
			</OnDragStart>
			<OnDragStop>
				this.isMoving = false;
			</OnDragStop>
			<OnEnter> 
				AltoTooltip:SetOwner(this, "ANCHOR_LEFT");
				AltoTooltip:ClearLines();
				AltoTooltip:SetText("Altoholic"); 
				AltoTooltip:AddLine(LEFT_HINT,1,1,1);
				AltoTooltip:AddLine(RIGHT_HINT,1,1,1);
				AltoTooltip:Show(); 
			</OnEnter>
			<OnLeave>
				AltoTooltip:Hide();
			</OnLeave>
		</Scripts>
		<Layers>
			<Layer level="ARTWORK">
				<Texture name="$parentIcon" file="Interface\Icons\INV_Drink_05">
					<Size>
						<AbsDimension x="21" y="21"/>
					</Size>
					<Anchors>
						<Anchor point="TOPLEFT">
							<Offset>
								<AbsDimension x="7" y="-6"/>
							</Offset>
						</Anchor>
					</Anchors>
					<TexCoords left="0.075" right="0.925" top="0.075" bottom="0.925"/>
				</Texture>
			</Layer>
			<Layer level="OVERLAY">
				<Texture file="Interface\Minimap\MiniMap-TrackingBorder">
					<Size>
						<AbsDimension x="56" y="56"/>
					</Size>
					<Anchors>
						<Anchor point="TOPLEFT"/>
					</Anchors>
				</Texture>
			</Layer>
		</Layers>
		<HighlightTexture alphaMode="ADD" file="Interface\Minimap\UI-Minimap-ZoomButton-Highlight"/>
	</Button>

	<Frame name="AltoholicFrame" toplevel="true" parent="UIParent" movable="true" enableMouse="true" hidden="true">
		<Size>
			<AbsDimension x="832" y="447"/>
		</Size>
		<Anchors>
			<Anchor point="TOPLEFT">
				<Offset>
					<AbsDimension x="0" y="-104"/>
				</Offset>
			</Anchor>
		</Anchors>
		<Scripts>
			<OnLoad>
				this:RegisterForDrag("LeftButton");
				this.elapsed = 0;
				PanelTemplates_SetNumTabs(AltoholicFrame, 5);
				PanelTemplates_SetTab(AltoholicFrame, 1);
			</OnLoad>
			<OnDragStart>
				this:StartMoving();
				this.isMoving = true;
			</OnDragStart>
			<OnDragStop>
				this:StopMovingOrSizing();
				this.isMoving = false;
			</OnDragStop>
			<OnShow>
				Altoholic:OnShow();
				PlaySound("UChatScrollButton");
			</OnShow>
			<OnHide>
				PlaySound("UChatScrollButton");
			</OnHide>
		</Scripts>
		<Layers>
			<Layer level="BACKGROUND">
				<Texture name="$parentPortrait">
					<Size>
						<AbsDimension x="58" y="58"/>
					</Size>
					<Anchors>
						<Anchor point="TOPLEFT">
							<Offset>
								<AbsDimension x="12" y="-8"/>
							</Offset>
						</Anchor>
					</Anchors>
				</Texture>
			</Layer>
			<Layer level="ARTWORK">
				<Texture name="$parentTopLeft" file="Interface\AuctionFrame\UI-AuctionFrame-Browse-TopLeft">
					<Size>
						<AbsDimension x="256" y="256"/>
					</Size>
					<Anchors>
						<Anchor point="TOPLEFT"/>
					</Anchors>
				</Texture>
				<Texture name="$parentTop" file="Interface\AuctionFrame\UI-AuctionFrame-Browse-Top">
					<Size>
						<AbsDimension x="320" y="256"/>
					</Size>
					<Anchors>
						<Anchor point="TOPLEFT">
							<Offset>
								<AbsDimension x="256" y="0"/>
							</Offset>
						</Anchor>
					</Anchors>
				</Texture>
				<Texture name="$parentTopRight" file="Interface\AuctionFrame\UI-AuctionFrame-Browse-TopRight">
					<Size>
						<AbsDimension x="256" y="256"/>
					</Size>
					<Anchors>
						<Anchor point="TOPLEFT" relativeTo="$parentTop" relativePoint="TOPRIGHT">
							<Offset>
								<AbsDimension x="0" y="0"/>
							</Offset>
						</Anchor>
					</Anchors>
				</Texture>
				<Texture name="$parentBotLeft" file="Interface\AuctionFrame\UI-AuctionFrame-Browse-BotLeft">
					<Size>
						<AbsDimension x="256" y="256"/>
					</Size>
					<Anchors>
						<Anchor point="TOPLEFT">
							<Offset>
								<AbsDimension x="0" y="-256"/>
							</Offset>
						</Anchor>
					</Anchors>
				</Texture>
				<Texture name="$parentBot" file="Interface\AuctionFrame\UI-AuctionFrame-Browse-Bot">
					<Size>
						<AbsDimension x="320" y="256"/>
					</Size>
					<Anchors>
						<Anchor point="TOPLEFT">
							<Offset>
								<AbsDimension x="256" y="-256"/>
							</Offset>
						</Anchor>
					</Anchors>
				</Texture>
				<Texture name="$parentBotRight" file="Interface\AuctionFrame\UI-AuctionFrame-Browse-BotRight">
					<Size>
						<AbsDimension x="256" y="256"/>
					</Size>
					<Anchors>
						<Anchor point="TOPLEFT" relativeTo="$parentBot" relativePoint="TOPRIGHT">
							<Offset>
								<AbsDimension x="0" y="0"/>
							</Offset>
						</Anchor>
					</Anchors>
				</Texture>
			</Layer>
			<Layer level="OVERLAY">
				<FontString name="$parentName" inherits="GameFontNormal" justifyH="CENTER">
					<Size>
						<AbsDimension x="135" y="18"/>
					</Size>
					<Anchors>
						<Anchor point="TOPLEFT">
							<Offset>
								<AbsDimension x="380" y="-16"/>
							</Offset>
						</Anchor>
					</Anchors>
				</FontString>
				<FontString name="$parentTotals" inherits="GameFontNormal" text="XML_TEXT_1">
					<Size x="60" y="24" />
					<Anchors>
						<Anchor point="BOTTOMRIGHT">
							<Offset x="-250" y="13" />
						</Anchor>
					</Anchors>
				</FontString>
				<FontString name="$parentTotalLv" inherits="GameFontNormal" justifyH="RIGHT">
					<Size x="80" y="24" />
					<Anchors>
						<Anchor point="BOTTOMRIGHT">
							<Offset x="-185" y="13" />
						</Anchor>
					</Anchors>
				</FontString>
				<FontString name="$parentTotalGold" inherits="GameFontNormal" justifyH="RIGHT">
					<Size x="80" y="24" />
					<Anchors>
						<Anchor point="BOTTOMRIGHT">
							<Offset x="-100" y="13" />
						</Anchor>
					</Anchors>
					<Color r="255" g="255" b="255" />
				</FontString>
				<FontString name="$parentTotalPlayed" inherits="GameFontNormal" justifyH="RIGHT">
					<Size x="80" y="24" />
					<Anchors>
						<Anchor point="BOTTOMRIGHT">
							<Offset x="-20" y="13" />
						</Anchor>
					</Anchors>
					<Color r="255" g="255" b="255" />
				</FontString>
				<FontString name="$parentSearchLabel" inherits="GameFontNormalSmall" text="XML_TEXT_2">
					<Size x="120" y="20" />
					<Anchors>
						<Anchor point="TOPLEFT">
							<Offset x="70" y="-35" />
						</Anchor>
					</Anchors>
					<Color r="255" g="255" b="255" />
				</FontString>
			</Layer>
		</Layers>
		<Frames>
			<Button name="$parentTab1" inherits="AltoTabTemplate" id="1" text="XML_ALTO_TAB1">
				<Anchors>
					<Anchor point="TOPLEFT" relativePoint="BOTTOMLEFT">
						<Offset>
							<AbsDimension x="15" y="11"/>
						</Offset>
					</Anchor>
				</Anchors>
			</Button>
			<Button name="$parentTab2" inherits="AltoTabTemplate" id="2" text="XML_ALTO_TAB2">
				<Anchors>
					<Anchor point="TOPLEFT" relativeTo="$parentTab1" relativePoint="TOPRIGHT">
						<Offset>
							<AbsDimension x="-8" y="0"/>
						</Offset>
					</Anchor>
				</Anchors>
			</Button>
			<Button name="$parentTab3" inherits="AltoTabTemplate" id="3" text="XML_ALTO_TAB3">
				<Anchors>
					<Anchor point="TOPLEFT" relativeTo="$parentTab2" relativePoint="TOPRIGHT">
						<Offset>
							<AbsDimension x="-8" y="0"/>
						</Offset>
					</Anchor>
				</Anchors>
			</Button>
			<Button name="$parentTab4" inherits="AltoTabTemplate" id="4" text="GUILD_BANK">
				<Anchors>
					<Anchor point="TOPLEFT" relativeTo="$parentTab3" relativePoint="TOPRIGHT">
						<Offset>
							<AbsDimension x="-8" y="0"/>
						</Offset>
					</Anchor>
				</Anchors>
			</Button>
			<Button name="$parentTab5" inherits="AltoTabTemplate" id="5" text="XML_ALTO_TAB5">
				<Anchors>
					<Anchor point="TOPLEFT" relativeTo="$parentTab4" relativePoint="TOPRIGHT">
						<Offset>
							<AbsDimension x="-8" y="0"/>
						</Offset>
					</Anchor>
				</Anchors>
			</Button>

			<EditBox name="$parent_SearchEditBox" inherits="InputBoxTemplate">
				<Size x="140" y="16" />
				<Anchors>
					<Anchor point="TOPLEFT" relativeTo="$parentSearchLabel" relativePoint="BOTTOMLEFT" >
						<Offset x="10" y="0" />
					</Anchor>
				</Anchors>
				<FontString inherits="ChatFontNormal">
					<Color r="255" g="255" b="255" />
				</FontString>
				<Scripts>
					<OnLoad>
						this:SetAutoFocus( false );
					</OnLoad>
					<OnEnterPressed>
						Altoholic:SearchItem();
						this:ClearFocus();
					</OnEnterPressed>
					<OnEscapePressed>
						Altoholic:ToggleUI()
					</OnEscapePressed>
				</Scripts>
			</EditBox>
			<Button name="$parent_ResetButton" inherits="UIPanelButtonTemplate" text="XML_TEXT_6">
				<Size>
					<AbsDimension x="80" y="24"/>
				</Size>
				<Anchors>
					<Anchor point="TOPLEFT" relativeTo="$parent_SearchEditBox" relativePoint="BOTTOMLEFT" >
						<Offset>
							<AbsDimension x="-40" y="0"/>
						</Offset>
					</Anchor>
				</Anchors>
				<Scripts>
					<OnClick>
						Altoholic:SearchReset();
					</OnClick>
				</Scripts>
			</Button>
			<Button name="$parent_SearchButton" inherits="UIPanelButtonTemplate" text="XML_TEXT_7">
				<Size>
					<AbsDimension x="80" y="24"/>
				</Size>
				<Anchors>
					<Anchor point="LEFT" relativeTo="$parent_ResetButton" relativePoint="RIGHT" >
						<Offset>
							<AbsDimension x="10" y="0"/>
						</Offset>
					</Anchor>
				</Anchors>
				<Scripts>
					<OnClick>
						Altoholic:SearchItem();
					</OnClick>
				</Scripts>
			</Button>
			<Button name="$parentCloseButton" inherits="UIPanelCloseButton">
				<Anchors>
					<Anchor point="TOPRIGHT">
						<Offset>
							<AbsDimension x="3" y="-8"/>
						</Offset>
					</Anchor>
				</Anchors>
			</Button>
		</Frames>
	</Frame>
</Ui>