﻿<Ui xmlns:xsi="http://www.w3.org/2001/XMLSchema-instance" xmlns:xsd="http://www.w3.org/2001/XMLSchema" xmlns="http://www.blizzard.com/wow/ui/">
	
	<Button name="AltoTabTemplate" inherits="CharacterFrameTabButtonTemplate" virtual="true">
		<Scripts>
			<OnClick>
				Altoholic:Tab_OnClick();
			</OnClick>
		</Scripts>
	</Button>

	<!-- Item template -->
	<Button name="BagItemTemplate" inherits="ItemButtonTemplate" hidden="true" virtual="true">
		<Anchors>
			<Anchor point="BOTTOMRIGHT">
				<Offset>
					<AbsDimension x="0" y="0"/>
				</Offset>
			</Anchor>
		</Anchors>
		<Frames>
			<Cooldown name="$parentCooldown" inherits="CooldownFrameTemplate"/>
		</Frames>
		<Scripts>
			<OnLoad>
				this:RegisterForClicks("LeftButtonDown", "RightButtonDown");
			</OnLoad>
			<OnEnter>
				Altoholic:Item_OnEnter(self)
			</OnEnter>
			<OnLeave>
				GameTooltip:Hide();
			</OnLeave>
			<OnClick>
				Altoholic:Item_OnClick(self, button)
			</OnClick>
		</Scripts>
	</Button>
	<!-- Navigation -->
	<Button name="MenuItemTemplate" hidden="true" virtual="true">
		<Size>
			<AbsDimension x="136" y="20"/>
		</Size>
		<Layers>
			<Layer level="BACKGROUND">
				<Texture name="$parentLines" file="Interface\AuctionFrame\UI-AuctionFrame-FilterLines">
					<Size>
						<AbsDimension x="7" y="20"/>
					</Size>
					<Anchors>
						<Anchor point="LEFT">
							<Offset>
								<AbsDimension x="13" y="0"/>
							</Offset>
						</Anchor>
					</Anchors>
					<TexCoords left="0" right="0.4375" top="0" bottom="0.625"/>
				</Texture>
			</Layer>
		</Layers>
		<NormalTexture name="$parentNormalTexture" file="Interface\AuctionFrame\UI-AuctionFrame-FilterBg">
			<TexCoords left="0" right="0.53125" top="0" bottom="0.625"/>
		</NormalTexture>
		<HighlightTexture file="Interface\PaperDollInfoFrame\UI-Character-Tab-Highlight" alphaMode="ADD"/>
		<ButtonText name="$parentNormalText">
			<Size>
				<AbsDimension x="115" y="8"/>
			</Size>
			<Anchors>
				<Anchor point="LEFT">
					<Offset>
						<AbsDimension x="4" y="0"/>
					</Offset>
				</Anchor>
			</Anchors>
		</ButtonText>
		<NormalFont inherits="GameFontNormalSmall" justifyH="LEFT"/>
		<HighlightFont inherits="GameFontHighlightSmall" justifyH="LEFT"/>
	</Button>
	
	<Button name="AltoSortButtonTemplate" virtual="true">
		<Layers>
			<Layer level="BACKGROUND">
				<Texture name="$parentLeft" file="Interface\FriendsFrame\WhoFrame-ColumnTabs">
					<Size>
						<AbsDimension x="5" y="19"/>
					</Size>
					<Anchors>
						<Anchor point="TOPLEFT"/>
					</Anchors>
					<TexCoords left="0" right="0.078125" top="0" bottom="0.59375"/>
				</Texture>
				<Texture name="$parentRight" file="Interface\FriendsFrame\WhoFrame-ColumnTabs">
					<Size>
						<AbsDimension x="4" y="19"/>
					</Size>
					<Anchors>
						<Anchor point="TOPRIGHT"/>
					</Anchors>
					<TexCoords left="0.90625" right="0.96875" top="0" bottom="0.59375"/>
				</Texture>
				<Texture name="$parentMiddle" file="Interface\FriendsFrame\WhoFrame-ColumnTabs">
					<Size>
						<AbsDimension x="10" y="19"/>
					</Size>
					<Anchors>
						<Anchor point="LEFT" relativeTo="$parentLeft" relativePoint="RIGHT"/>
						<Anchor point="RIGHT" relativeTo="$parentRight" relativePoint="LEFT"/>
					</Anchors>
					<TexCoords left="0.078125" right="0.90625" top="0" bottom="0.59375"/>
				</Texture>
			</Layer>
		</Layers>
		<ButtonText name="$parentText">
			<Anchors>
				<Anchor point="LEFT">
					<Offset>
						<AbsDimension x="8" y="0"/>
					</Offset>
				</Anchor>
			</Anchors>
		</ButtonText>
		<NormalFont inherits="GameFontHighlightSmall"/>
		<NormalTexture name="$parentArrow" file="Interface\Buttons\UI-SortArrow">
			<Size>
				<AbsDimension x="9" y="8"/>
			</Size>
			<Anchors>
				<Anchor point="LEFT" relativeTo="$parentText" relativePoint="RIGHT">
					<Offset>
						<AbsDimension x="3" y="-2"/>
					</Offset>
				</Anchor>
			</Anchors>
			<TexCoords left="0" right="0.5625" top="0" bottom="1.0"/>
		</NormalTexture>
		<HighlightTexture file="Interface\PaperDollInfoFrame\UI-Character-Tab-Highlight" alphaMode="ADD">
			<Size>
				<AbsDimension x="5" y="24"/>
			</Size>
			<Anchors>
				<Anchor point="LEFT">
					<Offset>
						<AbsDimension x="0" y="0"/>
					</Offset>
				</Anchor>
				<Anchor point="RIGHT">
					<Offset>
						<AbsDimension x="4" y="0"/>
					</Offset>
				</Anchor>
			</Anchors>
		</HighlightTexture>
		<Scripts>
			<OnLoad>
				_G[ this:GetName() .."Arrow" ]:Hide()
			</OnLoad>
		</Scripts>
	</Button>
	
</Ui>