﻿<Ui xmlns:xsi="http://www.w3.org/2001/XMLSchema-instance" xmlns:xsd="http://www.w3.org/2001/XMLSchema" xmlns="http://www.blizzard.com/wow/ui/">
	<GameTooltip name="AltoTooltip" inherits="GameTooltipTemplate" parent="UIParent" hidden="true" />

	<Button name="AltoholicMinimapButton" parent="Minimap" toplevel="true">
		<Size>
			<AbsDimension x="33" y="33"/>
		</Size>
		<Anchors>
			<Anchor point="CENTER" relativeTo="Minimap" relativePoint="RIGHT">
				<Offset>
					<AbsDimension x="5" y="0"/>
				</Offset>
			</Anchor>
		</Anchors>		
		<Scripts>
			<OnLoad>
				this:RegisterForClicks("LeftButtonDown", "RightButtonDown");
				this:RegisterForDrag("RightButton")
			</OnLoad>
			<OnClick>
				Altoholic_MiniMapButton_OnClick(arg1, this:GetID())
			</OnClick>
			<OnUpdate>
				if(this.isMoving == true) then
					Altoholic:UpdateMinimapIconCoords()
				end
			</OnUpdate>
			<OnDragStart>
				this.isMoving = true;
			</OnDragStart>
			<OnDragStop>
				this.isMoving = false;
			</OnDragStop>
			<OnEnter> 
				AltoTooltip:SetOwner(this, "ANCHOR_LEFT");
				AltoTooltip:ClearLines();
				AltoTooltip:SetText("Altoholic"); 
				AltoTooltip:AddLine(LEFT_HINT,1,1,1);
				AltoTooltip:AddLine(RIGHT_HINT,1,1,1);
				AltoTooltip:Show(); 
			</OnEnter>
			<OnLeave>
				AltoTooltip:Hide();
			</OnLeave>
		</Scripts>
		<Layers>
			<Layer level="ARTWORK">
				<Texture name="$parentIcon" file="Interface\Icons\INV_Drink_05">
					<Size>
						<AbsDimension x="21" y="21"/>
					</Size>
					<Anchors>
						<Anchor point="TOPLEFT">
							<Offset>
								<AbsDimension x="7" y="-6"/>
							</Offset>
						</Anchor>
					</Anchors>
					<TexCoords left="0.075" right="0.925" top="0.075" bottom="0.925"/>
				</Texture>
			</Layer>
			<Layer level="OVERLAY">
				<Texture file="Interface\Minimap\MiniMap-TrackingBorder">
					<Size>
						<AbsDimension x="56" y="56"/>
					</Size>
					<Anchors>
						<Anchor point="TOPLEFT"/>
					</Anchors>
				</Texture>
			</Layer>
		</Layers>
		<HighlightTexture alphaMode="ADD" file="Interface\Minimap\UI-Minimap-ZoomButton-Highlight"/>
	</Button>

	<Frame name="AltoholicFrame" toplevel="true" parent="UIParent" movable="true" enableMouse="true" hidden="true">
		<Size>
			<AbsDimension x="832" y="447"/>
		</Size>
		<Anchors>
			<Anchor point="TOPLEFT">
				<Offset>
					<AbsDimension x="0" y="-104"/>
				</Offset>
			</Anchor>
		</Anchors>
		<Scripts>
			<OnLoad>
				this:RegisterForDrag("LeftButton");
				this.elapsed = 0;
			</OnLoad>
			<OnDragStart>
				this:StartMoving();
				this.isMoving = true;
			</OnDragStart>
			<OnDragStop>
				this:StopMovingOrSizing();
				this.isMoving = false;
			</OnDragStop>
			<OnShow>
				Altoholic:OnShow();
				PlaySound("UChatScrollButton");
			</OnShow>
			<OnHide>
				PlaySound("UChatScrollButton");
			</OnHide>
		</Scripts>
		<Layers>
			<Layer level="BACKGROUND">
				<Texture name="$parentPortrait">
					<Size>
						<AbsDimension x="58" y="58"/>
					</Size>
					<Anchors>
						<Anchor point="TOPLEFT">
							<Offset>
								<AbsDimension x="12" y="-8"/>
							</Offset>
						</Anchor>
					</Anchors>
				</Texture>
			</Layer>
			<Layer level="ARTWORK">
				<Texture name="$parentTopLeft" file="Interface\AuctionFrame\UI-AuctionFrame-Browse-TopLeft">
					<Size>
						<AbsDimension x="256" y="256"/>
					</Size>
					<Anchors>
						<Anchor point="TOPLEFT"/>
					</Anchors>
				</Texture>
				<Texture name="$parentTop" file="Interface\AuctionFrame\UI-AuctionFrame-Browse-Top">
					<Size>
						<AbsDimension x="320" y="256"/>
					</Size>
					<Anchors>
						<Anchor point="TOPLEFT">
							<Offset>
								<AbsDimension x="256" y="0"/>
							</Offset>
						</Anchor>
					</Anchors>
				</Texture>
				<Texture name="$parentTopRight" file="Interface\AuctionFrame\UI-AuctionFrame-Browse-TopRight">
					<Size>
						<AbsDimension x="256" y="256"/>
					</Size>
					<Anchors>
						<Anchor point="TOPLEFT" relativeTo="$parentTop" relativePoint="TOPRIGHT">
							<Offset>
								<AbsDimension x="0" y="0"/>
							</Offset>
						</Anchor>
					</Anchors>
				</Texture>
				<Texture name="$parentBotLeft" file="Interface\AuctionFrame\UI-AuctionFrame-Browse-BotLeft">
					<Size>
						<AbsDimension x="256" y="256"/>
					</Size>
					<Anchors>
						<Anchor point="TOPLEFT">
							<Offset>
								<AbsDimension x="0" y="-256"/>
							</Offset>
						</Anchor>
					</Anchors>
				</Texture>
				<Texture name="$parentBot" file="Interface\AuctionFrame\UI-AuctionFrame-Browse-Bot">
					<Size>
						<AbsDimension x="320" y="256"/>
					</Size>
					<Anchors>
						<Anchor point="TOPLEFT">
							<Offset>
								<AbsDimension x="256" y="-256"/>
							</Offset>
						</Anchor>
					</Anchors>
				</Texture>
				<Texture name="$parentBotRight" file="Interface\AuctionFrame\UI-AuctionFrame-Browse-BotRight">
					<Size>
						<AbsDimension x="256" y="256"/>
					</Size>
					<Anchors>
						<Anchor point="TOPLEFT" relativeTo="$parentBot" relativePoint="TOPRIGHT">
							<Offset>
								<AbsDimension x="0" y="0"/>
							</Offset>
						</Anchor>
					</Anchors>
				</Texture>
			</Layer>
			<Layer level="OVERLAY">
				<FontString name="$parentName" inherits="GameFontNormal" justifyH="CENTER">
					<Size>
						<AbsDimension x="135" y="18"/>
					</Size>
					<Anchors>
						<Anchor point="TOPLEFT">
							<Offset>
								<AbsDimension x="380" y="-16"/>
							</Offset>
						</Anchor>
					</Anchors>
				</FontString>
				<FontString name="$parentTotals" inherits="GameFontNormal" text="XML_TEXT_1">
					<Size x="60" y="24" />
					<Anchors>
						<Anchor point="BOTTOMRIGHT">
							<Offset x="-250" y="13" />
						</Anchor>
					</Anchors>
				</FontString>
				<FontString name="$parentTotalLv" inherits="GameFontNormal" justifyH="RIGHT">
					<Size x="80" y="24" />
					<Anchors>
						<Anchor point="BOTTOMRIGHT">
							<Offset x="-185" y="13" />
						</Anchor>
					</Anchors>
				</FontString>
				<FontString name="$parentTotalGold" inherits="GameFontNormal" justifyH="RIGHT">
					<Size x="80" y="24" />
					<Anchors>
						<Anchor point="BOTTOMRIGHT">
							<Offset x="-100" y="13" />
						</Anchor>
					</Anchors>
					<Color r="255" g="255" b="255" />
				</FontString>
				<FontString name="$parentTotalPlayed" inherits="GameFontNormal" justifyH="RIGHT">
					<Size x="80" y="24" />
					<Anchors>
						<Anchor point="BOTTOMRIGHT">
							<Offset x="-20" y="13" />
						</Anchor>
					</Anchors>
					<Color r="255" g="255" b="255" />
				</FontString>
				<FontString name="$parentSearch" inherits="GameFontNormalSmall" text="XML_TEXT_2">
					<Size x="120" y="20" />
					<Anchors>
						<Anchor point="TOPLEFT">
							<Offset x="70" y="-35" />
						</Anchor>
					</Anchors>
					<Color r="255" g="255" b="255" />
				</FontString>
				<FontString name="$parentLevelRange" inherits="GameFontNormalSmall" text="XML_TEXT_3">
					<Size x="70" y="20" />
					<Anchors>
						<Anchor point="LEFT" relativeTo="$parentSearch" relativePoint="RIGHT" >
							<Offset x="33" y="0" />
						</Anchor>
					</Anchors>
					<Color r="255" g="255" b="255" />
				</FontString>
				<FontString name="$parentRarity" inherits="GameFontNormalSmall" text="XML_TEXT_4">
					<Size x="70" y="20" />
					<Anchors>
						<Anchor point="LEFT" relativeTo="$parentLevelRange" relativePoint="RIGHT" >
							<Offset x="10" y="0" />
						</Anchor>
					</Anchors>
					<Color r="255" g="255" b="255" />
				</FontString>
				<FontString name="$parentSlot" inherits="GameFontNormalSmall" text="XML_TEXT_5">
					<Size x="100" y="20" />
					<Anchors>
						<Anchor point="LEFT" relativeTo="$parentRarity" relativePoint="RIGHT" >
							<Offset x="40" y="0" />
						</Anchor>
					</Anchors>
					<Color r="255" g="255" b="255" />
				</FontString>
				<FontString name="$parent_Status" inherits="GameFontNormal" justifyH="LEFT">
					<Size x="320" y="24" />
					<Anchors>
						<Anchor point="RIGHT" relativeTo="$parentTotals" relativePoint="LEFT" >
							<Offset x="-10" y="0" />
						</Anchor>
					</Anchors>
					<Color r="255" g="255" b="255" />
				</FontString>
			</Layer>
		</Layers>
		<Frames>
			<Button name="CategoryButton1" inherits="MenuItemTemplate" id="1">
				<Anchors>
					<Anchor point="TOPLEFT">
						<Offset>
							<AbsDimension x="23" y="-105"/>
						</Offset>
					</Anchor>
				</Anchors>
			</Button>
			<Button name="CategoryButton2" inherits="MenuItemTemplate" id="2">
				<Anchors>
					<Anchor point="TOPLEFT" relativeTo="CategoryButton1" relativePoint="BOTTOMLEFT">
						<Offset>
							<AbsDimension x="0" y="0"/>
						</Offset>
					</Anchor>
				</Anchors>
			</Button>
			<Button name="CategoryButton3" inherits="MenuItemTemplate" id="3">
				<Anchors>
					<Anchor point="TOPLEFT" relativeTo="CategoryButton2" relativePoint="BOTTOMLEFT">
						<Offset>
							<AbsDimension x="0" y="0"/>
						</Offset>
					</Anchor>
				</Anchors>
			</Button>
			<Button name="CategoryButton4" inherits="MenuItemTemplate" id="4">
				<Anchors>
					<Anchor point="TOPLEFT" relativeTo="CategoryButton3" relativePoint="BOTTOMLEFT">
						<Offset>
							<AbsDimension x="0" y="0"/>
						</Offset>
					</Anchor>
				</Anchors>
			</Button>
			<Button name="CategoryButton5" inherits="MenuItemTemplate" id="5">
				<Anchors>
					<Anchor point="TOPLEFT" relativeTo="CategoryButton4" relativePoint="BOTTOMLEFT">
						<Offset>
							<AbsDimension x="0" y="0"/>
						</Offset>
					</Anchor>
				</Anchors>
			</Button>
			<Button name="CategoryButton6" inherits="MenuItemTemplate" id="6">
				<Anchors>
					<Anchor point="TOPLEFT" relativeTo="CategoryButton5" relativePoint="BOTTOMLEFT">
						<Offset>
							<AbsDimension x="0" y="0"/>
						</Offset>
					</Anchor>
				</Anchors>
			</Button>
			<Button name="CategoryButton7" inherits="MenuItemTemplate" id="7">
				<Anchors>
					<Anchor point="TOPLEFT" relativeTo="CategoryButton6" relativePoint="BOTTOMLEFT">
						<Offset>
							<AbsDimension x="0" y="0"/>
						</Offset>
					</Anchor>
				</Anchors>
			</Button>
			<Button name="CategoryButton8" inherits="MenuItemTemplate" id="8">
				<Anchors>
					<Anchor point="TOPLEFT" relativeTo="CategoryButton7" relativePoint="BOTTOMLEFT">
						<Offset>
							<AbsDimension x="0" y="0"/>
						</Offset>
					</Anchor>
				</Anchors>
			</Button>
			<Button name="CategoryButton9" inherits="MenuItemTemplate" id="9">
				<Anchors>
					<Anchor point="TOPLEFT" relativeTo="CategoryButton8" relativePoint="BOTTOMLEFT">
						<Offset>
							<AbsDimension x="0" y="0"/>
						</Offset>
					</Anchor>
				</Anchors>
			</Button>
			<Button name="CategoryButton10" inherits="MenuItemTemplate" id="10">
				<Anchors>
					<Anchor point="TOPLEFT" relativeTo="CategoryButton9" relativePoint="BOTTOMLEFT">
						<Offset>
							<AbsDimension x="0" y="0"/>
						</Offset>
					</Anchor>
				</Anchors>
			</Button>
			<Button name="CategoryButton11" inherits="MenuItemTemplate" id="11">
				<Anchors>
					<Anchor point="TOPLEFT" relativeTo="CategoryButton10" relativePoint="BOTTOMLEFT">
						<Offset>
							<AbsDimension x="0" y="0"/>
						</Offset>
					</Anchor>
				</Anchors>
			</Button>
			<Button name="CategoryButton12" inherits="MenuItemTemplate" id="12">
				<Anchors>
					<Anchor point="TOPLEFT" relativeTo="CategoryButton11" relativePoint="BOTTOMLEFT">
						<Offset>
							<AbsDimension x="0" y="0"/>
						</Offset>
					</Anchor>
				</Anchors>
			</Button>
			<Button name="CategoryButton13" inherits="MenuItemTemplate" id="13">
				<Anchors>
					<Anchor point="TOPLEFT" relativeTo="CategoryButton12" relativePoint="BOTTOMLEFT">
						<Offset>
							<AbsDimension x="0" y="0"/>
						</Offset>
					</Anchor>
				</Anchors>
			</Button>
			<Button name="CategoryButton14" inherits="MenuItemTemplate" id="14">
				<Anchors>
					<Anchor point="TOPLEFT" relativeTo="CategoryButton13" relativePoint="BOTTOMLEFT">
						<Offset>
							<AbsDimension x="0" y="0"/>
						</Offset>
					</Anchor>
				</Anchors>
			</Button>
			<Button name="CategoryButton15" inherits="MenuItemTemplate" id="15">
				<Anchors>
					<Anchor point="TOPLEFT" relativeTo="CategoryButton14" relativePoint="BOTTOMLEFT">
						<Offset>
							<AbsDimension x="0" y="0"/>
						</Offset>
					</Anchor>
				</Anchors>
			</Button>
			<ScrollFrame name="AltoholicMenuScrollFrame" inherits="FauxScrollFrameTemplate">
				<Size>
					<AbsDimension x="160" y="305"/>
				</Size>
				<Anchors>
					<Anchor point="TOPRIGHT" relativePoint="TOPLEFT">
						<Offset>
							<AbsDimension x="158" y="-105"/>
						</Offset>
					</Anchor>
				</Anchors>
				<Layers>
					<Layer level="ARTWORK">
						<Texture file="Interface\PaperDollInfoFrame\UI-Character-ScrollBar">
							<Size>
								<AbsDimension x="31" y="256"/>
							</Size>
							<Anchors>
								<Anchor point="TOPLEFT" relativePoint="TOPRIGHT">
									<Offset>
										<AbsDimension x="-2" y="5"/>
									</Offset>
								</Anchor>
							</Anchors>
							<TexCoords left="0" right="0.484375" top="0" bottom="1.0"/>
						</Texture>
						<Texture file="Interface\PaperDollInfoFrame\UI-Character-ScrollBar">
							<Size>
								<AbsDimension x="31" y="106"/>
							</Size>
							<Anchors>
								<Anchor point="BOTTOMLEFT" relativePoint="BOTTOMRIGHT">
									<Offset>
										<AbsDimension x="-2" y="-2"/>
									</Offset>
								</Anchor>
							</Anchors>
							<TexCoords left="0.515625" right="1.0" top="0" bottom="0.4140625"/>
						</Texture>
					</Layer>
				</Layers>
				<Scripts>
					<OnVerticalScroll>
						FauxScrollFrame_OnVerticalScroll(20, function(this)
							Altoholic:Menu_Update();
						end)
					</OnVerticalScroll>
					<OnShow>
						Altoholic:Menu_Update();
					</OnShow>
				</Scripts>
			</ScrollFrame>
			
			<EditBox name="$parent_SearchEditBox" inherits="InputBoxTemplate">
				<Size x="140" y="16" />
				<Anchors>
					<Anchor point="TOPLEFT" relativeTo="$parentSearch" relativePoint="BOTTOMLEFT" >
						<Offset x="10" y="0" />
					</Anchor>
				</Anchors>
				<FontString inherits="ChatFontNormal">
					<Color r="255" g="255" b="255" />
				</FontString>
				<Scripts>
					<OnLoad>
						this:SetAutoFocus( false );
					</OnLoad>
					<OnEnterPressed>
						Altoholic:SearchItem();
						this:ClearFocus();
					</OnEnterPressed>
					<OnEscapePressed>
						Altoholic:ToggleUI()
					</OnEscapePressed>
				</Scripts>
			</EditBox>
			<EditBox name="$parent_MinLevel" letters="2" numeric="true" autoFocus="false" inherits="InputBoxTemplate">
				<Size x="25" y="16" />
				<Anchors>
					<Anchor point="LEFT" relativeTo="$parent_SearchEditBox" relativePoint="RIGHT" >
						<Offset x="10" y="0" />
					</Anchor>
				</Anchors>
				<FontString inherits="ChatFontNormal">
					<Color r="255" g="255" b="255" />
				</FontString>
				<Scripts>
					<OnEnterPressed>
						this:ClearFocus();
					</OnEnterPressed>
				</Scripts>
			</EditBox>
			<EditBox name="$parent_MaxLevel" letters="2" numeric="true" autoFocus="false" inherits="InputBoxTemplate">
				<Size x="25" y="16" />
				<Anchors>
					<Anchor point="LEFT" relativeTo="$parent_MinLevel" relativePoint="RIGHT" >
						<Offset x="12" y="0" />
					</Anchor>
				</Anchors>
				<FontString inherits="ChatFontNormal">
					<Color r="255" g="255" b="255" />
				</FontString>
				<Scripts>
					<OnEnterPressed>
						this:ClearFocus();
					</OnEnterPressed>
				</Scripts>
			</EditBox>
			<Button name="$parent_ResetButton" inherits="UIPanelButtonTemplate" text="XML_TEXT_6">
				<Size>
					<AbsDimension x="80" y="24"/>
				</Size>
				<Anchors>
					<Anchor point="TOPLEFT" relativeTo="$parent_SearchEditBox" relativePoint="BOTTOMLEFT" >
						<Offset>
							<AbsDimension x="-40" y="0"/>
						</Offset>
					</Anchor>
				</Anchors>
				<Scripts>
					<OnClick>
						Altoholic:SearchReset();
					</OnClick>
				</Scripts>
			</Button>
			<Button name="$parent_SearchButton" inherits="UIPanelButtonTemplate" text="XML_TEXT_7">
				<Size>
					<AbsDimension x="80" y="24"/>
				</Size>
				<Anchors>
					<Anchor point="LEFT" relativeTo="$parent_ResetButton" relativePoint="RIGHT" >
						<Offset>
							<AbsDimension x="10" y="0"/>
						</Offset>
					</Anchor>
				</Anchors>
				<Scripts>
					<OnClick>
						Altoholic:SearchItem();
					</OnClick>
				</Scripts>
			</Button>
			<CheckButton name="$parent_IncludeNoMinLevel" inherits="UICheckButtonTemplate">
				<Size>
					<AbsDimension x="20" y="20"/>
				</Size>
				<Anchors> 
					<Anchor point="TOP" relativeTo="$parent_MinLevel" relativePoint="BOTTOM" >
						<Offset>
							<AbsDimension  x="0" y="-5"/>
						</Offset>
					</Anchor>
				</Anchors>      
				<Scripts>
					<OnLoad>
						getglobal(this:GetName().."Text"):SetText(XML_TEXT_MAIN_WINDOW_1);
						AltoholicFrame_IncludeNoMinLevel:SetChecked(1)
					</OnLoad>
				</Scripts>
			</CheckButton>
			<CheckButton name="$parent_RadioButton1" inherits="SendMailRadioButtonTemplate">
				<Anchors>
					<Anchor point="TOPLEFT">
						<Offset>
							<AbsDimension  x="530" y="-40"/>
						</Offset>
					</Anchor>
				</Anchors>
				<Scripts>
					<OnLoad>
						getglobal(this:GetName().."Text"):SetText(XML_TEXT_MAIN_WINDOW_2);
						AltoholicFrame_RadioButton1:SetChecked(1)
					</OnLoad>
					<OnClick>
						AltoholicFrame_RadioButton2:SetChecked(nil)
						AltoholicFrame_RadioButton3:SetChecked(nil)
					</OnClick>
				</Scripts>
			</CheckButton>
			<CheckButton name="$parent_RadioButton2" inherits="SendMailRadioButtonTemplate">
				<Anchors>
					<Anchor point="TOPLEFT">
						<Offset>
							<AbsDimension  x="530" y="-60"/>
						</Offset>
					</Anchor>
				</Anchors>
				<Scripts>
					<OnLoad>
						getglobal(this:GetName().."Text"):SetText(XML_TEXT_MAIN_WINDOW_3);
						AltoholicFrame_RadioButton2:SetChecked(nil)
					</OnLoad>
					<OnClick>
						AltoholicFrame_RadioButton1:SetChecked(nil)
						AltoholicFrame_RadioButton3:SetChecked(nil)
					</OnClick>
				</Scripts>
			</CheckButton>
			<CheckButton name="$parent_RadioButton3" inherits="SendMailRadioButtonTemplate">
				<Anchors>
					<Anchor point="TOPLEFT">
						<Offset>
							<AbsDimension  x="530" y="-80"/>
						</Offset>
					</Anchor>
				</Anchors>
				<Scripts>
					<OnLoad>
						getglobal(this:GetName().."Text"):SetText(XML_TEXT_MAIN_WINDOW_4);
						AltoholicFrame_RadioButton3:SetChecked(nil)
					</OnLoad>
					<OnClick>
						AltoholicFrame_RadioButton1:SetChecked(nil)
						AltoholicFrame_RadioButton2:SetChecked(nil)
					</OnClick>
				</Scripts>
			</CheckButton>
			<CheckButton name="$parent_CheckButton1" inherits="UICheckButtonTemplate">
				<Size>
					<AbsDimension x="20" y="20"/>
				</Size>
				<Anchors> 
					<Anchor point="TOPLEFT">
						<Offset>
							<AbsDimension  x="680" y="-40"/>
						</Offset>
					</Anchor>
				</Anchors>      
				<Scripts>
					<OnLoad>
						getglobal(this:GetName().."Text"):SetText(XML_TEXT_MAIN_WINDOW_5);
						AltoholicFrame_CheckButton1:SetChecked(1)
					</OnLoad>
				</Scripts>
			</CheckButton>
			<CheckButton name="$parent_CheckButton2" inherits="UICheckButtonTemplate">
				<Size>
					<AbsDimension x="20" y="20"/>
				</Size>
				<Anchors> 
					<Anchor point="TOPLEFT">
						<Offset>
							<AbsDimension  x="680" y="-60"/>
						</Offset>
					</Anchor>
				</Anchors>      
				<Scripts>
					<OnLoad>
						getglobal(this:GetName().."Text"):SetText(XML_TEXT_MAIN_WINDOW_6);
					</OnLoad>
				</Scripts>
			</CheckButton>
			<CheckButton name="$parent_CheckButton3" inherits="UICheckButtonTemplate">
				<Size>
					<AbsDimension x="20" y="20"/>
				</Size>
				<Anchors> 
					<Anchor point="TOPLEFT">
						<Offset>
							<AbsDimension  x="680" y="-80"/>
						</Offset>
					</Anchor>
				</Anchors>      
				<Scripts>
					<OnLoad>
						getglobal(this:GetName().."Text"):SetText(XML_TEXT_MAIN_WINDOW_7);
						AltoholicFrame_CheckButton3:SetChecked(1);
					</OnLoad>
				</Scripts>
			</CheckButton>
			<Button name="$parentCloseButton" inherits="UIPanelCloseButton">
				<Anchors>
					<Anchor point="TOPRIGHT">
						<Offset>
							<AbsDimension x="3" y="-8"/>
						</Offset>
					</Anchor>
				</Anchors>
			</Button>
		</Frames>
	</Frame>
</Ui>