<Bindings>
	<Binding name="CT_SHOWHIDE" header="CT_RAIDASSIST" runOnUp="true">
		if ( keystate == "down" ) then
			if (not InCombatLockdown()) then
				CT_RA_ShowHideWindows();
			end
		end
	</Binding>
	<Binding name="CT_RESMON" runOnUp="true">
		if ( keystate == "down" ) then
			local tempOptions = CT_RAMenu_Options["temp"];
			if (tempOptions["ShowMonitor"]) then
				tempOptions["ShowMonitor"] = nil;
			else
				tempOptions["ShowMonitor"] = 1;
			end
			if ( tempOptions["ShowMonitor"] and GetNumRaidMembers() > 0 ) then
				CT_RA_ResFrame:Show();
			else
				CT_RA_ResFrame:Hide();
			end
			CT_RAMenu_UpdateMenu();
		end
	</Binding>
	<Binding name="CT_EMERGENCYMONITOR" runOnUp="true">
		if ( keystate == "down" ) then
			local tempOptions = CT_RAMenu_Options["temp"];
			if (tempOptions["ShowEmergency"]) then
				tempOptions["ShowEmergency"] = nil;
			else
				tempOptions["ShowEmergency"] = 1;
			end
			CT_RA_Emergency_UpdateHealth();
			CT_RAMenu_UpdateMenu();
		end
	</Binding>
	<Binding name="CT_TOGGLEDEBUFFS" runOnUp="true">
		if ( keystate == "down" ) then
			CT_RA_ShowHideDebuffs();
		end
	</Binding>
	<Binding name="CT_ASSISTMT1"  runOnUp="true">
		-- Dummy binding
	</Binding>
	<Binding name="CT_ASSISTMT2"  runOnUp="true">
		-- Dummy binding
	</Binding>
	<Binding name="CT_ASSISTMT3"  runOnUp="true">
		-- Dummy binding
	</Binding>
	<Binding name="CT_ASSISTMT4"  runOnUp="true">
		-- Dummy binding
	</Binding>
	<Binding name="CT_ASSISTMT5"  runOnUp="true">
		-- Dummy binding
	</Binding>
	<Binding name="CT_TARGETMT1"  runOnUp="true">
		-- Dummy binding
	</Binding>
	<Binding name="CT_TARGETMT2"  runOnUp="true">
		-- Dummy binding
	</Binding>
	<Binding name="CT_TARGETMT3"  runOnUp="true">
		-- Dummy binding
	</Binding>
	<Binding name="CT_TARGETMT4"  runOnUp="true">
		-- Dummy binding
	</Binding>
	<Binding name="CT_TARGETMT5"  runOnUp="true">
		-- Dummy binding
	</Binding>
	<Binding name="CT_ASSISTPT1"  runOnUp="true">
		-- Dummy binding
	</Binding>
	<Binding name="CT_ASSISTPT2"  runOnUp="true">
		-- Dummy binding
	</Binding>
	<Binding name="CT_ASSISTPT3"  runOnUp="true">
		-- Dummy binding
	</Binding>
	<Binding name="CT_ASSISTPT4"  runOnUp="true">
		-- Dummy binding
	</Binding>
	<Binding name="CT_ASSISTPT5"  runOnUp="true">
		-- Dummy binding
	</Binding>
	<Binding name="CT_TARGETPT1"  runOnUp="true">
		-- Dummy binding
	</Binding>
	<Binding name="CT_TARGETPT2"  runOnUp="true">
		-- Dummy binding
	</Binding>
	<Binding name="CT_TARGETPT3"  runOnUp="true">
		-- Dummy binding
	</Binding>
	<Binding name="CT_TARGETPT4"  runOnUp="true">
		-- Dummy binding
	</Binding>
	<Binding name="CT_TARGETPT5"  runOnUp="true">
		-- Dummy binding
	</Binding>
	<Binding name="CT_TOGGLESORTTYPE" runOnUp="true">
		if ( keystate == "down" ) then
			if (not InCombatLockdown()) then
				CT_RA_ToggleGroupSort();
			end
		end
	</Binding>
</Bindings>