<Ui xmlns="http://www.blizzard.com/wow/ui/" xmlns:xsi="http://www.w3.org/2001/XMLSchema-instance" xsi:schemaLocation="http://www.blizzard.com/wow/ui/
C:\Projects\WoW\Bin\Interface\FrameXML\UI.xsd">
	<Script file="CT_RAChanges.lua"/>
	<Frame name="CT_RA_ChangelogPart" hidden="true" virtual="true">
		<Size>
			<AbsDimension x="520" y="200"/>
		</Size>
		<Layers>
			<Layer level="ARTWORK">
				<FontString name="$parentText" justifyH="LEFT" justifyV="CENTER" inherits="GameFontNormal">
					<Size>
						<AbsDimension x="500" y="500"/>
					</Size>
					<FontHeight>
						<AbsValue val="14"/>
					</FontHeight>
					<Color r="1.0" g="1" b="1"/>
					<Anchors>
						<Anchor point="TOPLEFT">
							<Offset>
								<AbsDimension x="25" y="0"/>
							</Offset>
						</Anchor>
					</Anchors>
				</FontString>
				<Texture name="$parentDot">
					<Size>
						<AbsDimension x="16" y="16"/>
					</Size>
					<Anchors>
						<Anchor point="CENTER" relativePoint="LEFT">
							<Offset>
								<AbsDimension x="10" y="0"/>
							</Offset>
						</Anchor>
					</Anchors>
					<Color r="1" g="0.82" b="0" a="0.2"/>
				</Texture>
			</Layer>
		</Layers>
	</Frame>
	<Frame name="CT_RA_ChangelogSection" hidden="true" virtual="true">
		<Size>
			<AbsDimension x="530" y="500"/>
		</Size>
		<Layers>
			<Layer level="ARTWORK">
				<FontString name="$parentTitle" justifyH="LEFT" justifyV="TOP" inherits="GameFontNormal">
					<FontHeight>
						<AbsValue val="20"/>
					</FontHeight>
					<Color r="1.0" g="0.82" b="0"/>
					<Anchors>
						<Anchor point="TOPLEFT"/>
					</Anchors>
				</FontString>
			</Layer>
		</Layers>
		<Frames>
			<Frame name="$parentPart1" inherits="CT_RA_ChangelogPart" id="1">
				<Anchors>
					<Anchor point="TOPLEFT">
						<Offset>
							<AbsDimension x="0" y="-20"/>
						</Offset>
					</Anchor>
				</Anchors>
			</Frame>
			<Frame name="$parentPart2" inherits="CT_RA_ChangelogPart" id="2">
				<Anchors>
					<Anchor point="TOPLEFT" relativePoint="BOTTOMLEFT" relativeTo="$parentPart1">
						<Offset>
							<AbsDimension x="0" y="-5"/>
						</Offset>
					</Anchor>
				</Anchors>
			</Frame>
			<Frame name="$parentPart3" inherits="CT_RA_ChangelogPart" id="3">
				<Anchors>
					<Anchor point="TOPLEFT" relativePoint="BOTTOMLEFT" relativeTo="$parentPart2">
						<Offset>
							<AbsDimension x="0" y="-5"/>
						</Offset>
					</Anchor>
				</Anchors>
			</Frame>
			<Frame name="$parentPart4" inherits="CT_RA_ChangelogPart" id="4">
				<Anchors>
					<Anchor point="TOPLEFT" relativePoint="BOTTOMLEFT" relativeTo="$parentPart3">
						<Offset>
							<AbsDimension x="0" y="-5"/>
						</Offset>
					</Anchor>
				</Anchors>
			</Frame>
			<Frame name="$parentPart5" inherits="CT_RA_ChangelogPart" id="5">
				<Anchors>
					<Anchor point="TOPLEFT" relativePoint="BOTTOMLEFT" relativeTo="$parentPart4">
						<Offset>
							<AbsDimension x="0" y="-5"/>
						</Offset>
					</Anchor>
				</Anchors>
			</Frame>
			<Frame name="$parentPart6" inherits="CT_RA_ChangelogPart" id="6">
				<Anchors>
					<Anchor point="TOPLEFT" relativePoint="BOTTOMLEFT" relativeTo="$parentPart5">
						<Offset>
							<AbsDimension x="0" y="-5"/>
						</Offset>
					</Anchor>
				</Anchors>
			</Frame>
			<Frame name="$parentPart7" inherits="CT_RA_ChangelogPart" id="7">
				<Anchors>
					<Anchor point="TOPLEFT" relativePoint="BOTTOMLEFT" relativeTo="$parentPart6">
						<Offset>
							<AbsDimension x="0" y="-5"/>
						</Offset>
					</Anchor>
				</Anchors>
			</Frame>
			<Frame name="$parentPart8" inherits="CT_RA_ChangelogPart" id="8">
				<Anchors>
					<Anchor point="TOPLEFT" relativePoint="BOTTOMLEFT" relativeTo="$parentPart7">
						<Offset>
							<AbsDimension x="0" y="-5"/>
						</Offset>
					</Anchor>
				</Anchors>
			</Frame>
			<Frame name="$parentPart9" inherits="CT_RA_ChangelogPart" id="9">
				<Anchors>
					<Anchor point="TOPLEFT" relativePoint="BOTTOMLEFT" relativeTo="$parentPart8">
						<Offset>
							<AbsDimension x="0" y="-5"/>
						</Offset>
					</Anchor>
				</Anchors>
			</Frame>
			<Frame name="$parentPart10" inherits="CT_RA_ChangelogPart" id="10">
				<Anchors>
					<Anchor point="TOPLEFT" relativePoint="BOTTOMLEFT" relativeTo="$parentPart9">
						<Offset>
							<AbsDimension x="0" y="-5"/>
						</Offset>
					</Anchor>
				</Anchors>
			</Frame>
			<Frame name="$parentPart11" inherits="CT_RA_ChangelogPart" id="11">
				<Anchors>
					<Anchor point="TOPLEFT" relativePoint="BOTTOMLEFT" relativeTo="$parentPart10">
						<Offset>
							<AbsDimension x="0" y="-5"/>
						</Offset>
					</Anchor>
				</Anchors>
			</Frame>
			<Frame name="$parentPart12" inherits="CT_RA_ChangelogPart" id="12">
				<Anchors>
					<Anchor point="TOPLEFT" relativePoint="BOTTOMLEFT" relativeTo="$parentPart11">
						<Offset>
							<AbsDimension x="0" y="-5"/>
						</Offset>
					</Anchor>
				</Anchors>
			</Frame>
			<Frame name="$parentPart13" inherits="CT_RA_ChangelogPart" id="13">
				<Anchors>
					<Anchor point="TOPLEFT" relativePoint="BOTTOMLEFT" relativeTo="$parentPart12">
						<Offset>
							<AbsDimension x="0" y="-5"/>
						</Offset>
					</Anchor>
				</Anchors>
			</Frame>
			<Frame name="$parentPart14" inherits="CT_RA_ChangelogPart" id="14">
				<Anchors>
					<Anchor point="TOPLEFT" relativePoint="BOTTOMLEFT" relativeTo="$parentPart13">
						<Offset>
							<AbsDimension x="0" y="-5"/>
						</Offset>
					</Anchor>
				</Anchors>
			</Frame>
			<Frame name="$parentPart15" inherits="CT_RA_ChangelogPart" id="15">
				<Anchors>
					<Anchor point="TOPLEFT" relativePoint="BOTTOMLEFT" relativeTo="$parentPart14">
						<Offset>
							<AbsDimension x="0" y="-5"/>
						</Offset>
					</Anchor>
				</Anchors>
			</Frame>
		</Frames>
	</Frame>
	<Frame name="CT_RA_ChangelogFrame" frameStrata="DIALOG" movable="true" parent="UIParent" hidden="true">
		<Size>
			<AbsDimension x="590" y="280"/>
		</Size>
		<Anchors>
			<Anchor point="CENTER"/>
		</Anchors>
		<Backdrop bgFile="Interface\DialogFrame\UI-DialogBox-Background" edgeFile="Interface\DialogFrame\UI-DialogBox-Border" tile="true">
			<BackgroundInsets>
				<AbsInset left="11" right="12" top="12" bottom="11"/>
			</BackgroundInsets>
			<TileSize>
				<AbsValue val="32"/>
			</TileSize>
			<EdgeSize>
				<AbsValue val="32"/>
			</EdgeSize>
		</Backdrop>
		<Layers>
			<Layer level="ARTWORK">
				<FontString name="$parentTitle" inherits="GameFontNormal">
					<FontHeight>
						<AbsValue val="25"/>
					</FontHeight>
					<Color r="1.0" g="0.82" b="0"/>
					<Anchors>
						<Anchor point="TOP">
							<Offset>
								<AbsDimension x="0" y="-22"/>
							</Offset>
						</Anchor>
					</Anchors>
				</FontString>
			</Layer>
		</Layers>
		<Frames>
			<Frame name="$parentDrag">
				<Size>
					<AbsDimension x="570" y="50"/>
				</Size>
				<Anchors>
					<Anchor point="TOP"/>
				</Anchors>
				<Scripts>
					<OnMouseDown>
						if ( button == "LeftButton" ) then
							self:GetParent():StartMoving();
						elseif ( button == "RightButton" ) then
							self:GetParent():ClearAllPoints();
							self:GetParent():SetPoint("CENTER", "UIParent", "CENTER");
						end
					</OnMouseDown>
					<OnMouseUp>
						self:GetParent():StopMovingOrSizing();
					</OnMouseUp>
					<OnEnter>
						GameTooltip:SetOwner(self, "ANCHOR_RIGHT");
						GameTooltip:SetText("Left-click to drag\nRight-click to reset");
					</OnEnter>
					<OnLeave>
						GameTooltip:Hide();
					</OnLeave>
				</Scripts>
			</Frame>
			<ScrollFrame name="$parentScrollFrame" inherits="UIPanelScrollFrameTemplate">
				<Size>
					<AbsDimension x="535" y="300"/>
				</Size>
				<Anchors>
					<Anchor point="TOPLEFT">
						<Offset>
							<AbsDimension x="20" y="-60"/>
						</Offset>
					</Anchor>
				</Anchors>
				<ScrollChild>
					<Frame name="$parentSection">
						<Size>
							<AbsDimension x="535" y="300"/>
						</Size>
						<Anchors>
							<Anchor point="TOPLEFT"/>
						</Anchors>
						<Frames>
							<Frame name="$parent1" inherits="CT_RA_ChangelogSection" id="1">
								<Anchors>
									<Anchor point="TOPLEFT">
										<Offset>
											<AbsDimension x="5" y="0"/>
										</Offset>
									</Anchor>
								</Anchors>
							</Frame>
							<Frame name="$parent2" inherits="CT_RA_ChangelogSection" id="2">
								<Anchors>
									<Anchor point="TOPLEFT" relativePoint="BOTTOMLEFT" relativeTo="$parent1"/>
								</Anchors>
							</Frame>
							<Frame name="$parent3" inherits="CT_RA_ChangelogSection" id="3">
								<Anchors>
									<Anchor point="TOPLEFT" relativePoint="BOTTOMLEFT" relativeTo="$parent2"/>
								</Anchors>
							</Frame>
							<Frame name="$parent4" inherits="CT_RA_ChangelogSection" id="4">
								<Anchors>
									<Anchor point="TOPLEFT" relativePoint="BOTTOMLEFT" relativeTo="$parent3"/>
								</Anchors>
							</Frame>
							<Frame name="$parent5" inherits="CT_RA_ChangelogSection" id="5">
								<Anchors>
									<Anchor point="TOPLEFT" relativePoint="BOTTOMLEFT" relativeTo="$parent4"/>
								</Anchors>
							</Frame>
							<Frame name="$parent6" inherits="CT_RA_ChangelogSection" id="6">
								<Anchors>
									<Anchor point="TOPLEFT" relativePoint="BOTTOMLEFT" relativeTo="$parent5"/>
								</Anchors>
							</Frame>
							<Frame name="$parent7" inherits="CT_RA_ChangelogSection" id="7">
								<Anchors>
									<Anchor point="TOPLEFT" relativePoint="BOTTOMLEFT" relativeTo="$parent6"/>
								</Anchors>
							</Frame>
							<Frame name="$parent8" inherits="CT_RA_ChangelogSection" id="8">
								<Anchors>
									<Anchor point="TOPLEFT" relativePoint="BOTTOMLEFT" relativeTo="$parent7"/>
								</Anchors>
							</Frame>
							<Frame name="$parent9" inherits="CT_RA_ChangelogSection" id="9">
								<Anchors>
									<Anchor point="TOPLEFT" relativePoint="BOTTOMLEFT" relativeTo="$parent8"/>
								</Anchors>
							</Frame>
							<Frame name="$parent10" inherits="CT_RA_ChangelogSection" id="10">
								<Anchors>
									<Anchor point="TOPLEFT" relativePoint="BOTTOMLEFT" relativeTo="$parent9"/>
								</Anchors>
							</Frame>
						</Frames>
					</Frame>
				</ScrollChild>
			</ScrollFrame>
			<Button name="$parentCloseButton" hidden="false" inherits="GameMenuButtonTemplate" text="Close">
				<Size>
					<AbsDimension x="125" y="25"/>
				</Size>
				<Anchors>
					<Anchor point="BOTTOM" >
						<Offset>
							<AbsDimension x="0" y="15"/>
						</Offset>
					</Anchor>
				</Anchors>
				<Scripts>
					<OnClick>
						HideUIPanel(self:GetParent());
					</OnClick>
					<OnHide>
						PlaySound("UChatScrollButton");
					</OnHide>
				</Scripts>
			</Button>
		</Frames>
	</Frame>
</Ui>