<Ui xmlns="http://www.blizzard.com/wow/ui/" xmlns:xsi="http://www.w3.org/2001/XMLSchema-instance" xsi:schemaLocation="http://www.blizzard.com/wow/ui/ ..\FrameXML\UI.xsd">
	<Frame name="SOMFrame" parent="UIParent" hidden="true">
		<Size>
			<AbsDimension x="1" y="1" />
		</Size>
		<Anchors>
			<Anchor point="CENTER" relativeTo="UIParent">
				<Offset>
					<AbsDimension x="-270" y="245" />
				</Offset>
			</Anchor>
		</Anchors>
		<Backdrop bgFile="Interface\DialogFrame\UI-DialogBox-Background" tile="false"/>
		<Frames>
			<Button name="SellButton" parent="MerchantFrame" frameStrata="MEDIUM">
				<Size>
					<AbsDimension x="32" y="32" />
				</Size>
				<Anchors>
					<Anchor point="TOPLEFT">
						<Offset>
							<AbsDimension x="60" y="-25"/>
						</Offset>
					</Anchor>
				</Anchors>
				<Scripts>
					<OnEnter> SellOMatic:SOMButtonTooltip_Show() </OnEnter>
					<OnLeave> SellOMatic:SOMButtonTooltip_Hide() </OnLeave>
					<OnClick> SellOMatic:Sell() </OnClick>
				</Scripts>
				<NormalTexture file="Interface\Icons\INV_Misc_Coin_02">
					<Anchors>
						<Anchor point="TOPLEFT">
							<Offset>
								<AbsDimension x="0" y="0"/>
							</Offset>
						</Anchor>
						<Anchor point="BOTTOMRIGHT">
							<Offset>
								<AbsDimension x="0" y="0"/>
							</Offset>
						</Anchor>
					</Anchors>
				</NormalTexture>
				<HighlightTexture file="Interface\Buttons\ButtonHilight-Square" alphaMode="ADD">
					<Anchors>
						<Anchor point="TOPLEFT">
							<Offset>
								<AbsDimension x="0" y="0"/>
							</Offset>
						</Anchor>
						<Anchor point="BOTTOMRIGHT">
							<Offset>
								<AbsDimension x="0" y="0"/>
							</Offset>
						</Anchor>
					</Anchors>
				</HighlightTexture>
				<PushedTexture file="Interface\Icons\INV_Misc_Coin_02">
					<Anchors>
						<Anchor point="TOPLEFT">
							<Offset>
								<AbsDimension x="1" y="-1"/>
							</Offset>
						</Anchor>
						<Anchor point="BOTTOMRIGHT">
							<Offset>
								<AbsDimension x="-1" y="1"/>
							</Offset>
						</Anchor>
					</Anchors>
				</PushedTexture>
			</Button>
		</Frames>
	</Frame>
</Ui>

