<Ui xmlns="http://www.blizzard.com/wow/ui/" xmlns:xsi="http://www.w3.org/2001/XMLSchema-instance" xsi:schemaLocation="http://www.blizzard.com/wow/ui/ ..\FrameXML\UI.xsd">

	<Button name="WIM_HistoryUsersButtonTemplate" virtual="true">
		<Size>
			<AbsDimension x="120" y="16"/>
		</Size>
		<Layers>
			<Layer level="BORDER">
				<FontString name="$parentName" inherits="GameFontNormalSmall" justifyH="LEFT">
					<Size>
						<AbsDimension x="120" y="14"/>
					</Size>
					<Anchors>
						<Anchor point="TOPLEFT">
							<Offset>
								<AbsDimension x="10" y="-3"/>
							</Offset>
						</Anchor>
					</Anchors>
				</FontString>
			</Layer>
		</Layers>
		<Scripts>
			<OnLoad>
				this:RegisterForClicks("LeftButtonUp", "RightButtonUp");
			</OnLoad>
			<OnClick>
				WIM_HistoryView_NameClick();
				WIM_HistoryViewNameScrollBar_Update();
				PlaySound("igMainMenuOptionCheckBoxOn");
			</OnClick>
		</Scripts>
		<HighlightTexture file="Interface\QuestFrame\UI-QuestTitleHighlight" alphaMode="ADD">
			<Size>
				<AbsDimension x="118" y="16"/>
			</Size>
			<Anchors>
				<Anchor point="TOP">
					<Offset>
						<AbsDimension x="5" y="-2"/>
					</Offset>
				</Anchor>
			</Anchors>
		</HighlightTexture>
	</Button>
	
	<Button name="WIM_HistoryFiltersButtonTemplate" virtual="true">
		<Size>
			<AbsDimension x="120" y="16"/>
		</Size>
		<Layers>
			<Layer level="BORDER">
				<FontString name="$parentName" inherits="GameFontNormalSmall" justifyH="LEFT">
					<Size>
						<AbsDimension x="120" y="14"/>
					</Size>
					<Anchors>
						<Anchor point="TOPLEFT">
							<Offset>
								<AbsDimension x="10" y="-3"/>
							</Offset>
						</Anchor>
					</Anchors>
				</FontString>
			</Layer>
		</Layers>
		<Scripts>
			<OnLoad>
				this:RegisterForClicks("LeftButtonUp", "RightButtonUp");
			</OnLoad>
			<OnClick>
				WIM_HistoryView_FilterClick();
				WIM_HistoryViewFiltersScrollBar_Update();
				PlaySound("igMainMenuOptionCheckBoxOn");
			</OnClick>
		</Scripts>
		<HighlightTexture file="Interface\QuestFrame\UI-QuestTitleHighlight" alphaMode="ADD">
			<Size>
				<AbsDimension x="118" y="16"/>
			</Size>
			<Anchors>
				<Anchor point="TOP">
					<Offset>
						<AbsDimension x="5" y="-2"/>
					</Offset>
				</Anchor>
			</Anchors>
		</HighlightTexture>
	</Button>


	<Button name="WIM_TabTemplate" frameStrata="DIALOG" virtual="true">
		<Size>
			<AbsDimension x="64" y="32"/>
		</Size>
		<Anchors>
			<Anchor point="BOTTOMLEFT">
				<Offset>
					<AbsDimension x="0" y="2"/>
				</Offset>
			</Anchor>
		</Anchors>
		<Layers>
			<Layer level="BACKGROUND">
				<Texture name="$parentLeft" file="Interface\AddOns\WIM\Images\WIMTab">
					<Size>
						<AbsDimension x="16" y="32"/>
					</Size>
					<Anchors>
						<Anchor point="TOPLEFT"/>
					</Anchors>
					<TexCoords left="0.0" right="0.25" top="0.0" bottom="1.0"/>
				</Texture>
				<Texture name="$parentMiddle" file="Interface\AddOns\WIM\Images\WIMTab">
					<Size>
						<AbsDimension x="44" y="32"/>
					</Size>
					<Anchors>
						<Anchor point="LEFT" relativeTo="$parentLeft" relativePoint="RIGHT"/>
					</Anchors>
					<TexCoords left="0.25" right="0.75" top="0.0" bottom="1.0"/>
				</Texture>
				<Texture name="$parentRight" file="Interface\AddOns\WIM\Images\WIMTab">
					<Size>
						<AbsDimension x="16" y="32"/>
					</Size>
					<Anchors>
						<Anchor point="LEFT" relativeTo="$parentMiddle" relativePoint="RIGHT"/>
					</Anchors>
					<TexCoords left="0.75" right="1.0" top="0.0" bottom="1.0"/>
				</Texture>
			</Layer>
		</Layers>
		<Frames>
			<Frame name="$parentFlash" hidden="true">
				<Size>
					<AbsDimension x="5" y="32"/>
				</Size>
				<Anchors>
					<Anchor point="LEFT" relativeTo="$parentLeft">
						<Offset>
							<AbsDimension x="0" y="-7"/>
						</Offset>
					</Anchor>
					<Anchor point="RIGHT" relativeTo="$parentRight">
						<Offset>
							<AbsDimension x="0" y="-7"/>
						</Offset>
					</Anchor>
				</Anchors>
				<Layers>
					<Layer level="BACKGROUND">
						<Texture file="Interface\PaperDollInfoFrame\UI-Character-Tab-Highlight" alphaMode="ADD" setAllPoints="true"/>
					</Layer>
				</Layers>
			</Frame>
		</Frames>
		<ButtonText name="$parentText">
			<Size>
				<AbsDimension x="50" y="8"/>
			</Size>
			<Anchors>
				<Anchor point="LEFT" relativeTo="$parentLeft" relativePoint="RIGHT">
					<Offset>
						<AbsDimension x="0" y="-5"/>
					</Offset>
				</Anchor>
			</Anchors>
		</ButtonText>
		<NormalFont inherits="GameFontNormalSmall"/>
		<HighlightTexture file="Interface\PaperDollInfoFrame\UI-Character-Tab-Highlight" alphaMode="ADD">
			<Anchors>
				<Anchor point="LEFT" relativeTo="$parentLeft">
					<Offset>
						<AbsDimension x="0" y="-7"/>
					</Offset>
				</Anchor>
				<Anchor point="RIGHT" relativeTo="$parentRight">
					<Offset>
						<AbsDimension x="0" y="-7"/>
					</Offset>
				</Anchor>
			</Anchors>
		</HighlightTexture>
		<Scripts>
			<OnLoad>
				this:RegisterForClicks("LeftButtonDown", "LeftButtonUp", "RightButtonUp");
				--getglobal(this:GetName().."DockRegionHighlight"):SetPoint("LEFT", this:GetName().."Right", "RIGHT", -16 , -3);
			</OnLoad>
			<OnClick>
				if(arg1 == "LeftButton") then
					-- Left-Click selects tab
					WIM_TabSetSelected(this.theUser);
					if(WIM_EditBoxInFocus) then
						WIM_PostMessage(this.theUser, "", 5, nil,"");
					else
						WIM_PostMessage(this.theUser, "*NONE*", 5, nil,"*NOFOCUS*");
					end
				else
					-- Right-Click closes conversation
					WIM_CloseConvo(this.theUser);
				end
				PlaySound("UChatScrollButton");
			</OnClick>
			<OnMouseWheel>
				if(arg1 > 0) then
					WIM_SetTabOffset(-1);
				else
					WIM_SetTabOffset(1);
				end
			</OnMouseWheel>
			<OnEnter>
				if(WIM_Tabs.selectedUser ~= "") then
					local theWin = getglobal(WIM_Windows[WIM_Tabs.selectedUser].frame);
					if(WIM_Data.windowFade) then
						WIM_FadeIn(theWin.theUser);
					end
					theWin.isMouseOver = true;
					theWin.QueuedToHide = false;
				end
			</OnEnter>
			<OnLeave>
				GameTooltip:Hide();
				if(WIM_Tabs.selectedUser ~= "") then
					local theWin = getglobal(WIM_Windows[WIM_Tabs.selectedUser].frame);
					if(WIM_Data.windowFade) then
						if(getglobal(theWin:GetName().."MsgBox") ~= WIM_EditBoxInFocus) then
							WIM_FadeOut(theWin.theUser);
						else
							theWin.QueuedToHide = true;
						end
					end
					theWin.isMouseOver = false;
				end
			</OnLeave>
		</Scripts>
	</Button>

	<Button name="WIM_ShortcutButtonTemplate" virtual="true">
		<Size>
			<AbsDimension x="28" y="28"/>
		</Size>
		<Layers>
			<Layer level="BACKGROUND">
				<Texture name="$parentIcon"/>
			</Layer>
		</Layers>
		<PushedTexture file="Interface\Buttons\UI-Quickslot-Depress"/>
		<HighlightTexture alphaMode="ADD" file="Interface\Buttons\ButtonHilight-Square"/>
		<CheckedTexture alphaMode="ADD" file="Interface\Buttons\CheckButtonHilight"/>
		<Scripts>
			<OnLoad>
				this:RegisterForClicks("LeftButtonUp");
			</OnLoad>
			<OnClick>
				WIM_ShorcutButton_Clicked();
			</OnClick>
			<OnEnter>
				-- seek WIM function call
			</OnEnter>
			<OnLeave>
				GameTooltip:Hide();
				if(WIM_Data.windowFade) then
					if(getglobal(this:GetParent():GetParent():GetName().."MsgBox") ~= WIM_EditBoxInFocus) then
						WIM_FadeOut(this:GetParent():GetParent().theUser);
					else
						this:GetParent():GetParent().QueuedToHide = true;
					end
				end
				this:GetParent():GetParent().isMouseOver = false;
			</OnLeave>
		</Scripts>
	</Button>
	
	<Frame name="WIM_Options_PanelTemplate" virtual="true">
        <Backdrop bgFile="Interface\Buttons\UI-SliderBar-Background" edgeFile="Interface\Buttons\UI-SliderBar-Border" tile="true">
			<BackgroundInsets>
				<AbsInset left="3" right="3" top="6" bottom="6" />
			</BackgroundInsets>
			<TileSize>
				<AbsValue val="8" />
			</TileSize>
			<EdgeSize>
				<AbsValue val="8" />
			</EdgeSize>
		</Backdrop>
	</Frame>
	
	<Frame name="WIM_Options_TitlePanelTemplate" virtual="true">
		<Backdrop bgFile="Interface\Tooltips\UI-Tooltip-Background" edgeFile="Interface\Tooltips\UI-Tooltip-Border" tile="true">
			<BackgroundInsets>
				<AbsInset left="5" right="5" top="5" bottom="5" />
			</BackgroundInsets>
				<TileSize>
					<AbsValue val="16" />
				</TileSize>
			<EdgeSize>
				<AbsValue val="16" />
			</EdgeSize>
			<Color r="0.7529412" g="0.7529412" b="1" />
			<BorderColor r="0.7529412" g="0.7529412" b="1" />
		</Backdrop>
	</Frame>
	
	
	<Slider name="WIM_Options_SliderTemplate" orientation="HORIZONTAL" virtual="true" enableMouse="true">
		<Backdrop bgFile="Interface\Buttons\UI-SliderBar-Background" edgeFile="Interface\Buttons\UI-SliderBar-Border" tile="true">
			<EdgeSize>
				<AbsValue val="8"/>
			</EdgeSize>
			<TileSize>
				<AbsValue val="8"/>
			</TileSize>
			<BackgroundInsets>
				<AbsInset left="3" right="3" top="6" bottom="6"/>
			</BackgroundInsets>
		</Backdrop>
		<Layers>
			<Layer level="ARTWORK">
				<FontString name="$parentTitle"  inherits="GameFontNormal" text="">
					<Anchors>
						<Anchor point="TOPLEFT" relativeTo="$parent" relativePoint="TOPLEFT">
							<Offset>
								<AbsDimension x="0" y="14"/>
							</Offset>
						</Anchor>
					</Anchors>
					<FontHeight>
						<AbsValue val="12" />
					</FontHeight>
					<Color r="1" g="0.8196079" b="0" />
					<Shadow>
						<Color r="0" g="0" b="0" />
						<Offset>
						<AbsDimension x="1" y="-1" />
						</Offset>
					</Shadow>
				</FontString>
				<FontString name="$parentEditBox" inherits="GameFontNormalSmall" text="Test">
					<Anchors>
						<Anchor point="LEFT" relativeTo="$parent" relativePoint="RIGHT">
							<Offset>
								<AbsDimension x="7" y="0"/>
							</Offset>
						</Anchor>
					</Anchors>
					<Color r="1" g="0.8196079" b="0" />
					<Shadow>
						<Color r="0" g="0" b="0" />
						<Offset>
						<AbsDimension x="1" y="-1" />
						</Offset>
					</Shadow>
				</FontString>
				<FontString name="$parentText" inherits="GameFontNormalSmall">
					<Anchors>
						<Anchor point="BOTTOM" relativePoint="TOP"/>
					</Anchors>
				</FontString>
				<FontString name="$parentLow" inherits="GameFontHighlightSmall" text="LOW">
					<Anchors>
						<Anchor point="TOPLEFT" relativePoint="BOTTOMLEFT">
							<Offset>
								<AbsDimension x="2" y="3"/>
							</Offset>
						</Anchor>
					</Anchors>
				</FontString>
				<FontString name="$parentHigh" inherits="GameFontHighlightSmall" text="HIGH">
					<Anchors>
						<Anchor point="TOPRIGHT" relativePoint="BOTTOMRIGHT">
							<Offset>
								<AbsDimension x="-2" y="3"/>
							</Offset>
						</Anchor>
					</Anchors>
				</FontString>
			</Layer>
		</Layers>
		<ThumbTexture name="$parentThumb" file="Interface\Buttons\UI-SliderBar-Button-Horizontal">
			<Size>
				<AbsDimension x="32" y="32"/>
			</Size>
		</ThumbTexture>
		<Scripts>
			<OnShow>
				local sliderMin, sliderMax = this:GetMinMaxValues();
				getglobal(this:GetName().."Low"):SetText(sliderMin);
				getglobal(this:GetName().."High"):SetText(sliderMax);
			</OnShow>
		</Scripts>
	</Slider>


	<Frame name="WIM_Options_PickColorTemplate" virtual="true">
		<Size>
			<AbsDimension x="20" y="20"/>
		</Size>
		<Frames>
			<Button name="$parent_ColorSwatch">
				<Size>
					<AbsDimension x="18" y="18"/>
				</Size>
				<Anchors>
					<Anchor point="LEFT">
						<Offset>
							<AbsDimension x="0" y="0"/>
						</Offset>
					</Anchor>
				</Anchors>
				<Layers>
					<Layer level="BACKGROUND">
						<Texture name="$parent_SwatchBg">
							<Size>
								<AbsDimension x="16" y="16"/>
							</Size>
							<Anchors>
								<Anchor point="CENTER">
									<Offset>
										<AbsDimension x="0" y="0"/>
									</Offset>
								</Anchor>
							</Anchors>
							<Color r="1.0" g="1.0" b="1.0"/>
						</Texture>
					</Layer>
				</Layers>
				<Scripts>
					<OnClick>
						WIM_Options_OpenColorPicker(this:GetParent());
					</OnClick>
					<OnEnter>
						getglobal(this:GetName().."_SwatchBg"):SetVertexColor(NORMAL_FONT_COLOR.r, NORMAL_FONT_COLOR.g, NORMAL_FONT_COLOR.b);
					</OnEnter>
					<OnLeave>
						getglobal(this:GetName().."_SwatchBg"):SetVertexColor(HIGHLIGHT_FONT_COLOR.r, HIGHLIGHT_FONT_COLOR.g, HIGHLIGHT_FONT_COLOR.b);
					</OnLeave>
				</Scripts>
				<NormalTexture name="$parentNormalTexture" file="Interface\ChatFrame\ChatFrameColorSwatch"/>
			</Button>
		</Frames>
	</Frame>

	<Button name="WIM_AliasButtonTemplate" virtual="true">
		<Size>
			<AbsDimension x="340" y="16"/>
		</Size>
		<Layers>
			<Layer level="BORDER">
				<FontString name="$parentName" inherits="GameFontNormalSmall" justifyH="LEFT">
					<Size>
						<AbsDimension x="160" y="14"/>
					</Size>
					<Anchors>
						<Anchor point="TOPLEFT">
							<Offset>
								<AbsDimension x="10" y="-3"/>
							</Offset>
						</Anchor>
					</Anchors>
				</FontString>
				<FontString name="$parentAlias" inherits="GameFontHighlightSmall" justifyH="LEFT">
					<Size>
						<AbsDimension x="160" y="14"/>
					</Size>
					<Anchors>
						<Anchor point="LEFT" relativeTo="$parentName" relativePoint="RIGHT">
							<Offset>
								<AbsDimension x="15" y="0"/>
							</Offset>
						</Anchor>
					</Anchors>
				</FontString>
			</Layer>
		</Layers>
		<Scripts>
			<OnLoad>
				this:RegisterForClicks("LeftButtonUp", "RightButtonUp");
			</OnLoad>
			<OnClick>
				WIM_Alias_Selected = this.theAliasName;
				WIM_AliasScrollBar_Update();
				PlaySound("igMainMenuOptionCheckBoxOn");
			</OnClick>
		</Scripts>
		<HighlightTexture file="Interface\QuestFrame\UI-QuestTitleHighlight" alphaMode="ADD">
			<Size>
				<AbsDimension x="338" y="16"/>
			</Size>
			<Anchors>
				<Anchor point="TOP">
					<Offset>
						<AbsDimension x="5" y="-2"/>
					</Offset>
				</Anchor>
			</Anchors>
		</HighlightTexture>
	</Button>

	<Button name="WIM_FilterButtonTemplate" virtual="true">
		<Size>
			<AbsDimension x="340" y="16"/>
		</Size>
		<Layers>
			<Layer level="BORDER">
				<FontString name="$parentName" inherits="GameFontNormalSmall" justifyH="LEFT">
					<Size>
						<AbsDimension x="270" y="14"/>
					</Size>
					<Anchors>
						<Anchor point="TOPLEFT">
							<Offset>
								<AbsDimension x="10" y="-3"/>
							</Offset>
						</Anchor>
					</Anchors>
				</FontString>
				<FontString name="$parentAction" inherits="GameFontHighlightSmall" justifyH="LEFT">
					<Size>
						<AbsDimension x="80" y="14"/>
					</Size>
					<Anchors>
						<Anchor point="LEFT" relativeTo="$parentName" relativePoint="RIGHT">
							<Offset>
								<AbsDimension x="5" y="0"/>
							</Offset>
						</Anchor>
					</Anchors>
				</FontString>
			</Layer>
		</Layers>
		<Scripts>
			<OnLoad>
				this:RegisterForClicks("LeftButtonUp", "RightButtonUp");
			</OnLoad>
			<OnClick>
				WIM_Filter_Selected = this.theFilterName;
				WIM_FilteringScrollBar_Update();
				PlaySound("igMainMenuOptionCheckBoxOn");
			</OnClick>
		</Scripts>
		<HighlightTexture file="Interface\QuestFrame\UI-QuestTitleHighlight" alphaMode="ADD">
			<Size>
				<AbsDimension x="338" y="16"/>
			</Size>
			<Anchors>
				<Anchor point="TOP">
					<Offset>
						<AbsDimension x="5" y="-2"/>
					</Offset>
				</Anchor>
			</Anchors>
		</HighlightTexture>
	</Button>

	<Button name="WIM_HistoryButtonTemplate" virtual="true">
		<Size>
			<AbsDimension x="340" y="16"/>
		</Size>
		<Layers>
			<Layer level="BORDER">
				<FontString name="$parentName" inherits="GameFontNormalSmall" justifyH="LEFT">
					<Size>
						<AbsDimension x="240" y="14"/>
					</Size>
					<Anchors>
						<Anchor point="TOPLEFT">
							<Offset>
								<AbsDimension x="10" y="-3"/>
							</Offset>
						</Anchor>
					</Anchors>
				</FontString>
				<FontString name="$parentMessageCount" inherits="GameFontHighlightSmall" justifyH="RIGHT">
					<Size>
						<AbsDimension x="80" y="14"/>
					</Size>
					<Anchors>
						<Anchor point="LEFT" relativeTo="$parentName" relativePoint="RIGHT">
							<Offset>
								<AbsDimension x="5" y="0"/>
							</Offset>
						</Anchor>
					</Anchors>
				</FontString>
			</Layer>
		</Layers>
		<Scripts>
			<OnLoad>
				this:RegisterForClicks("LeftButtonUp", "RightButtonUp");
			</OnLoad>
			<OnClick>
				WIM_History_Selected = this.theName;
				WIM_HistoryScrollBar_Update();
				PlaySound("igMainMenuOptionCheckBoxOn");
			</OnClick>
		</Scripts>
		<HighlightTexture file="Interface\QuestFrame\UI-QuestTitleHighlight" alphaMode="ADD">
			<Size>
				<AbsDimension x="338" y="16"/>
			</Size>
			<Anchors>
				<Anchor point="TOP">
					<Offset>
						<AbsDimension x="5" y="-2"/>
					</Offset>
				</Anchor>
			</Anchors>
		</HighlightTexture>
	</Button>
	
	
	
	<Button name="WIM_PluginButtonTemplate" virtual="true">
		<Size>
			<AbsDimension x="340" y="16"/>
		</Size>
		<Layers>
			<Layer level="BORDER">
				<FontString name="$parentName" inherits="GameFontNormalSmall" justifyH="LEFT">
					<Size>
						<AbsDimension x="240" y="14"/>
					</Size>
					<Anchors>
						<Anchor point="TOPLEFT">
							<Offset>
								<AbsDimension x="23" y="-3"/>
							</Offset>
						</Anchor>
					</Anchors>
				</FontString>
				<FontString name="$parentVersion" inherits="GameFontHighlightSmall" justifyH="RIGHT">
					<Size>
						<AbsDimension x="80" y="14"/>
					</Size>
					<Anchors>
						<Anchor point="LEFT" relativeTo="$parentName" relativePoint="RIGHT">
							<Offset>
								<AbsDimension x="5" y="0"/>
							</Offset>
						</Anchor>
					</Anchors>
				</FontString>
			</Layer>
		</Layers>
		<Scripts>
			<OnLoad>
				this:RegisterForClicks("LeftButtonUp", "RightButtonUp");
			</OnLoad>
			<OnClick>
				WIM_Plugin_Selected = this.theName;
				WIM_PluginScrollBar_Update();
				PlaySound("igMainMenuOptionCheckBoxOn");
			</OnClick>
		</Scripts>
		<HighlightTexture file="Interface\QuestFrame\UI-QuestTitleHighlight" alphaMode="ADD">
			<Size>
				<AbsDimension x="338" y="16"/>
			</Size>
			<Anchors>
				<Anchor point="TOP">
					<Offset>
						<AbsDimension x="5" y="-2"/>
					</Offset>
				</Anchor>
			</Anchors>
		</HighlightTexture>
		<Frames>
			<Button name="$parentNote" inherits="WIM_PluginNote">
				<Anchors>
					<Anchor point="LEFT">
						<Offset>
							<AbsDimension x="3" y="-2" />
						</Offset>
					</Anchor>
				</Anchors>
			</Button>
		</Frames>
	</Button>
	
	
	<Frame name="WIM_PluginOptionFrame" enableMouse="true" frameStrata="DIALOG" toplevel="true" hidden="false" virtual="true">
		<Size>
			<AbsDimension x="10" y="10" />
		</Size>
	</Frame>

	<Button name="WIM_PluginNote" virtual="true">
		<Size>
			<AbsDimension x="16" y="16" />
		</Size>
		<NormalTexture file="Interface\Buttons\UI-GuildButton-PublicNote-Up"/>
		<DisabledTexture file="Interface\Buttons\UI-GuildButton-PublicNote-Disabled"/>
		<HighlightTexture alphaMode="ADD" file="Interface\Buttons\UI-GuildButton-PublicNote-Up"/>
		<Scripts>
			<OnLoad>
				this:RegisterForClicks("LeftButtonUp", "RightButtonUp");
			</OnLoad>
			<OnClick>
				WIM_Options_PluginShowNote(getglobal(this:GetParent():GetName().."Name"):GetText());
			</OnClick>
		</Scripts>
	</Button>


	<Button name="WIM_SkinnerButtonTemplate" virtual="true">
		<Size>
			<AbsDimension x="330" y="16"/>
		</Size>
		<Layers>
			<Layer level="BORDER">
				<FontString name="$parentName" inherits="GameFontNormalSmall" justifyH="LEFT">
					<Size>
						<AbsDimension x="330" y="14"/>
					</Size>
					<Anchors>
						<Anchor point="TOPLEFT">
							<Offset>
								<AbsDimension x="10" y="-3"/>
							</Offset>
						</Anchor>
					</Anchors>
				</FontString>
			</Layer>
		</Layers>
		<Scripts>
			<OnLoad>
				this:RegisterForClicks("LeftButtonUp", "RightButtonUp");
			</OnLoad>
			<OnClick>
				WIM_SkinnerList_Click();
				WIM_SkinnerList_Update();
				PlaySound("igMainMenuOptionCheckBoxOn");
			</OnClick>
		</Scripts>
		<HighlightTexture file="Interface\QuestFrame\UI-QuestTitleHighlight" alphaMode="ADD">
			<Size>
				<AbsDimension x="330" y="16"/>
			</Size>
			<Anchors>
				<Anchor point="TOP">
					<Offset>
						<AbsDimension x="5" y="-2"/>
					</Offset>
				</Anchor>
			</Anchors>
		</HighlightTexture>
	</Button>


</Ui>