<Ui xmlns="http://www.blizzard.com/wow/ui/" xmlns:xsi="http://www.w3.org/2001/XMLSchema-instance" xsi:schemaLocation="http://www.blizzard.com/wow/ui/
..\FrameXML\UI.xsd">
	<Script file="LibBabble-3.0.lua" />
	<Script file="LibBabble-Spell-3.0.lua" />
	
	<Script file="deDE.lua" />
	<Script file="esES.lua" />
	<Script file="frFR.lua" />
	<Script file="koKR.lua" />
	<Script file="zhCN.lua" />
	<Script file="zhTW.lua" />
	<Script file="ruRU.lua" />
	
	<Script file="Cleanup.lua" />
</Ui>