<Ui xmlns="http://www.blizzard.com/wow/ui/" xmlns:xsi="http://www.w3.org/2001/XMLSchema-instance" xsi:schemaLocation="http://www.blizzard.com/wow/ui/
..\FrameXML\UI.xsd">
<Script file="LibStub\LibStub.lua"/>
<Script file="CallbackHandler-1.0\CallbackHandler-1.0.lua"/>
<Script file="AceAddon-3.0\AceAddon-3.0.lua"/>
<Script file="AceDB-3.0\AceDB-3.0.lua"/>
<Script file="AceDBOptions-3.0\AceDBOptions-3.0.lua"/>
<Include file="AceGUI-3.0\AceGUI-3.0.xml"/>
<Include file="AceGUI-3.0_SFX-Widgets\AceGUI-3.0_SFX-Widgets.xml"/>
<Include file="AceConfig-3.0\AceConfig-3.0.xml"/>
<Script file="LibDataBroker-1.1\LibDataBroker-1.1.lua"/>
<Script file="LibDBIcon-1.0\LibDBIcon-1.0.lua"/>
<Script file="LibDualSpec-1.0\LibDualSpec-1.0.lua"/>
</Ui>