<Ui xmlns="http://www.blizzard.com/wow/ui/" xmlns:xsi="http://www.w3.org/2001/XMLSchema-instance" xsi:schemaLocation="http://www.blizzard.com/wow/ui/
..\FrameXML\UI.xsd">

    <Script  file="LibStub\LibStub.lua" />
    <Script  file="CallbackHandler-1.0\CallbackHandler-1.0.lua" />

    <Include file="AceGUI-3.0\AceGUI-3.0.xml" />
    <Script  file="AceHook-3.0\AceHook-3.0.lua" />
    <Script  file="AceAddon-3.0\AceAddon-3.0.lua" />
    <Script  file="AceEvent-3.0\AceEvent-3.0.lua" />
    <Include file="AceConfig-3.0\AceConfig-3.0.xml" />
    <Script  file="AceConsole-3.0\AceConsole-3.0.lua" />

    <Script  file="AceTimer-3.0\AceTimer-3.0.lua" />
    <Script  file="AceLocale-3.0\AceLocale-3.0.lua" />

    <Script  file="LibCandyBar-3.0\bars.lua" />
    <Include file="LibSharedMedia-3.0\lib.xml" />
    <Include file="AceGUI-3.0-SharedMediaWidgets\widget.xml" />

    <Script  file="LibQTip-1.0\LibQTip-1.0.lua" />
    <Include file="LibSink-2.0\LibSink-2.0\lib.xml" />
    <Script  file="LibDataBroker-1.1\LibDataBroker-1.1.lua" />

</Ui>
