<Ui xmlns="http://www.blizzard.com/wow/ui/" xmlns:xsi="http://www.w3.org/2001/XMLSchema-instance" xsi:schemaLocation="http://www.blizzard.com/wow/ui/
..\..\FrameXML\UI.xsd">

	<Frame name="FHH_UI" toplevel="true" parent="UIParent" enableMouse="true" hidden="true">
		<Size>
			<AbsDimension x="384" y="512"/>
		</Size>
		<Anchors>
			<Anchor point="TOPLEFT">
				<Offset>
					<AbsDimension x="0" y="-104"/>
				</Offset>
			</Anchor>
		</Anchors>
		<HitRectInsets>
			<AbsInset left="0" right="34" top="0" bottom="75"/>
		</HitRectInsets>
		<Layers>
			<Layer level="BACKGROUND">
                <Texture name="$parentPortrait">
                    <Size>
                        <AbsDimension x="60" y="60"/>
                    </Size>
                    <Anchors>
                        <Anchor point="TOPLEFT">
                            <Offset>
                                <AbsDimension x="7" y="-6"/>
                            </Offset>
                        </Anchor>
                    </Anchors>
                </Texture>
			</Layer>
			<Layer level="BORDER">
				<Texture file="Interface\ClassTrainerFrame\UI-ClassTrainer-TopLeft">
					<Size>
						<AbsDimension x="256" y="256"/>
					</Size>
					<Anchors>
						<Anchor point="TOPLEFT"/>
					</Anchors>
				</Texture>		
				<Texture file="Interface\ClassTrainerFrame\UI-ClassTrainer-TopRight">
					<Size>
						<AbsDimension x="128" y="256"/>
					</Size>
					<Anchors>
						<Anchor point="TOPRIGHT"/>
					</Anchors>
				</Texture>
				<Texture file="Interface\ClassTrainerFrame\UI-ClassTrainer-BotLeft">
					<Size>
						<AbsDimension x="256" y="256"/>
					</Size>
					<Anchors>
						<Anchor point="BOTTOMLEFT"/>
					</Anchors>
				</Texture>
				<Texture file="Interface\ClassTrainerFrame\UI-ClassTrainer-BotRight">
					<Size>
						<AbsDimension x="128" y="256"/>
					</Size>
					<Anchors>
						<Anchor point="BOTTOMRIGHT"/>
					</Anchors>
				</Texture>
				<FontString name="$parentTitleText" inherits="GameFontNormal">
					<Anchors>
						<Anchor point="TOP" relativeTo="$parent" relativePoint="TOP">
							<Offset>
								<AbsDimension x="0" y="-17"/>
							</Offset>
						</Anchor>
					</Anchors>
				</FontString>
			</Layer>
			<Layer level="ARTWORK">
				<Texture name="$parentHorizontalBarLeft" file="Interface\ClassTrainerFrame\UI-ClassTrainer-HorizontalBar">
					<Size>
						<AbsDimension x="256" y="16"/>
					</Size>
					<Anchors>
						<Anchor point="TOPLEFT">
							<Offset>
								<AbsDimension x="15" y="-205"/>
							</Offset>
						</Anchor>
					</Anchors>
					<TexCoords left="0" right="1.0" top="0" bottom="0.25"/>
				</Texture>
				<Texture file="Interface\ClassTrainerFrame\UI-ClassTrainer-HorizontalBar">
					<Size>
						<AbsDimension x="75" y="16"/>
					</Size>
					<Anchors>
						<Anchor point="LEFT" relativeTo="$parentHorizontalBarLeft" relativePoint="RIGHT">
							<Offset>
								<AbsDimension x="0" y="0"/>
							</Offset>
						</Anchor>
					</Anchors>
					<TexCoords left="0" right="0.29296875" top="0.25" bottom="0.5"/>
				</Texture>
				<Texture name="$parentHorizontalBar2Left" file="Interface\ClassTrainerFrame\UI-ClassTrainer-HorizontalBar">
					<Size>
						<AbsDimension x="256" y="16"/>
					</Size>
					<Anchors>
						<Anchor point="TOPLEFT">
							<Offset>
								<AbsDimension x="15" y="-229"/>
							</Offset>
						</Anchor>
					</Anchors>
					<TexCoords left="0" right="1.0" top="0" bottom="0.25"/>
				</Texture>
				<Texture name="$parentHorizontalBar2Right" file="Interface\ClassTrainerFrame\UI-ClassTrainer-HorizontalBar">
					<Size>
						<AbsDimension x="75" y="16"/>
					</Size>
					<Anchors>
						<Anchor point="LEFT" relativeTo="$parentHorizontalBar2Left" relativePoint="RIGHT">
							<Offset>
								<AbsDimension x="0" y="0"/>
							</Offset>
						</Anchor>
					</Anchors>
					<TexCoords left="0" right="0.29296875" top="0.25" bottom="0.5"/>
				</Texture>
				<FontString name="$parentRankLabel" inherits="GameFontNormalSmall" text="RANK_COLON">
					<Anchors>
						<Anchor point="TOPLEFT">
							<Offset x="24" y="-220"/>
						</Anchor>
					</Anchors>
				</FontString>
				<FontString name="$parentTrainingPointsText" inherits="GameFontHighlightSmall">
					<Anchors>
						<Anchor point="BOTTOMRIGHT" relativeTo="$parent" relativePoint="BOTTOMLEFT">
							<Offset x="169" y="88"/>
						</Anchor>
					</Anchors>
				</FontString>
				<FontString name="$parentTrainingPointsLabel" inherits="GameFontNormalSmall" text="TRAINING_POINTS">
					<Anchors>
						<Anchor point="RIGHT" relativeTo="$parentTrainingPointsText" relativePoint="LEFT">
							<Offset>
								<AbsDimension x="-5" y="0"/>
							</Offset>
						</Anchor>
					</Anchors>
				</FontString>
			</Layer>
		</Layers>
		<Frames>
			<Frame name="$parentViewByDropDown" inherits="UIDropDownMenuTemplate" id="2">
				<Anchors>
					<Anchor point="TOPRIGHT">
						<Offset>
							<AbsDimension x="-25" y="-42"/>
						</Offset>
					</Anchor>
				</Anchors>
				<Scripts>
					<OnLoad>
						FHH_UIViewByDropDown_OnLoad();
					</OnLoad>
				</Scripts>
			</Frame>
			<EditBox name="$parentEditBox" autoFocus="false">
				<Size>
					<AbsDimension x="127" y="20"/>
				</Size>
				<Anchors>
					<Anchor point="RIGHT" relativeTo="$parentViewByDropDown" relativePoint="LEFT">
						<Offset>
							<AbsDimension x="35" y="0"/>
						</Offset>
					</Anchor>
				</Anchors>
				<Layers>
					<Layer level="BACKGROUND">
						<Texture name="$parentLeft" file="Interface\Common\Common-Input-Border">
							<Size>
								<AbsDimension x="8" y="20"/>
							</Size>
							<Anchors>
								<Anchor point="TOPLEFT">
									<Offset x="-5" y="0"/>
								</Anchor>
							</Anchors>
							<TexCoords left="0" right="0.0625" top="0" bottom="0.625"/>
						</Texture>
						<Texture name="$parentRight" file="Interface\Common\Common-Input-Border">
							<Size>
								<AbsDimension x="8" y="20"/>
							</Size>
							<Anchors>
								<Anchor point="RIGHT">
									<Offset x="0" y="0"/>
								</Anchor>
							</Anchors>
							<TexCoords left="0.9375" right="1.0" top="0" bottom="0.625"/>
						</Texture>
						<Texture name="$parentMiddle" file="Interface\Common\Common-Input-Border">
							<Size>
								<AbsDimension x="0" y="20"/>
							</Size>
							<Anchors>
								<Anchor point="LEFT" relativeTo="$parentLeft" relativePoint="RIGHT"/>
								<Anchor point="RIGHT" relativeTo="$parentRight" relativePoint="LEFT"/>
							</Anchors>
							<TexCoords left="0.0625" right="0.9375" top="0" bottom="0.625"/>
						</Texture>
					</Layer>
				</Layers>
				<Scripts>
					<OnLoad>
						this:SetText(SEARCH);
						this:SetPoint("RIGHT", FHH_UIViewByDropDown, "LEFT", 17, 2)
						this:SetFrameLevel(this:GetFrameLevel()+1);
					</OnLoad>
					<OnEnterPressed>
						this:ClearFocus();
					</OnEnterPressed>
					<OnEscapePressed>
						this:ClearFocus();
					</OnEscapePressed>
					<OnTextChanged>
						FHH_UIFilter_OnTextChanged();
					</OnTextChanged>
					<OnEditFocusLost>
						this:HighlightText(0, 0);
						if ( this:GetText() == "" ) then
							this:SetText(SEARCH);
						end
					</OnEditFocusLost>
					<OnEditFocusGained>
						this:HighlightText();
						if ( this:GetText() == SEARCH ) then
							this:SetText("");
						end
					</OnEditFocusGained>
				</Scripts>
				<FontString inherits="ChatFontSmall"/>
			</EditBox>
			<Frame name="$parentExpandButtonFrame">
				<Size>
					<AbsDimension x="54" y="32"/>
				</Size>
				<Anchors>
					<Anchor point="TOPLEFT">
						<Offset>
							<AbsDimension x="15" y="-71"/>
						</Offset>
					</Anchor>
				</Anchors>
				<Layers>
					<Layer level="BACKGROUND">
						<Texture name="$parentExpandTabLeft" file="Interface\ClassTrainerFrame\UI-ClassTrainer-ExpandTab-Left">
							<Size>
								<AbsDimension x="8" y="32"/>
							</Size>
							<Anchors>
								<Anchor point="TOPLEFT"/>
							</Anchors>
						</Texture>
						<Texture name="$parentExpandTabMiddle" file="Interface\QuestFrame\UI-QuestLogSortTab-Middle">
							<Size>
								<AbsDimension x="38" y="32"/>
							</Size>
							<Anchors>
								<Anchor point="LEFT" relativeTo="$parentExpandTabLeft" relativePoint="RIGHT">
									<Offset>
										<AbsDimension x="0" y="6"/>
									</Offset>
								</Anchor>
							</Anchors>
						</Texture>
						<Texture name="$parentExpandTabRight" file="Interface\QuestFrame\UI-QuestLogSortTab-Right">
							<Size>
								<AbsDimension x="8" y="32"/>
							</Size>
							<Anchors>
								<Anchor point="LEFT" relativeTo="$parentExpandTabMiddle" relativePoint="RIGHT"/>
							</Anchors>
						</Texture>
					</Layer>
				</Layers>
				<Frames>
					<Button name="FHH_UICollapseAllButton" hidden="false" inherits="ClassTrainerSkillButtonTemplate">
						<Size>
							<AbsDimension x="40" y="22"/>
						</Size>
						<Anchors>
							<Anchor point="LEFT" relativeTo="$parentExpandTabLeft" relativePoint="RIGHT">
								<Offset>
									<AbsDimension x="0" y="3"/>
								</Offset>
							</Anchor>
						</Anchors>
						<Scripts>
							<OnLoad>
								getglobal(this:GetName()):SetText(ALL);
							</OnLoad>
							<OnClick>
								FHH_UICollapseAllButton_OnClick();
							</OnClick>
						</Scripts>
					</Button>
				</Frames>
			</Frame>
			<Frame name="$parentKnownDropDown" inherits="UIDropDownMenuTemplate" id="2">
				<Anchors>
					<Anchor point="TOPRIGHT">
						<Offset>
							<AbsDimension x="-25" y="-66"/>
						</Offset>
					</Anchor>
				</Anchors>
				<Scripts>
					<OnLoad>
						FHH_UIKnownDropDown_OnLoad();
					</OnLoad>
				</Scripts>
			</Frame>
			<Frame name="$parentFamilyDropDown" inherits="UIDropDownMenuTemplate" id="1">
				<Anchors>
					<Anchor point="RIGHT" relativeTo="$parentKnownDropDown" relativePoint="LEFT">
						<Offset>
							<AbsDimension x="35" y="0"/>
						</Offset>
					</Anchor>
				</Anchors>
				<Scripts>
					<OnLoad>
						FHH_UIFamilyDropDown_OnLoad();
					</OnLoad>
				</Scripts>
			</Frame>
			
			<Frame name="$parentHighlightFrame" hidden="true">
				<Size>
					<AbsDimension x="293" y="16"/>
				</Size>
				<Anchors>
					<Anchor point="TOPLEFT"/>
				</Anchors>
				<Layers>
					<Layer level="ARTWORK">
						<Texture name="FHH_UIHighlight" file="Interface\Buttons\UI-Listbox-Highlight2"/>
					</Layer>
				</Layers>
			</Frame>
			<Button name="FHH_UIList1" inherits="FHH_UIListButtonTemplate">
				<Anchors>
					<Anchor point="TOPLEFT" relativeTo="$parent">
						<Offset>
							<AbsDimension x="22" y="-96"/>
						</Offset>
					</Anchor>
				</Anchors>
			</Button>
			<Button name="FHH_UIList2" inherits="FHH_UIListButtonTemplate">
				<Anchors>
					<Anchor point="TOPLEFT" relativeTo="FHH_UIList1" relativePoint="BOTTOMLEFT">
						<Offset>
							<AbsDimension x="0" y="0"/>
						</Offset>
					</Anchor>
				</Anchors>
			</Button>
			<Button name="FHH_UIList3" inherits="FHH_UIListButtonTemplate">
				<Anchors>
					<Anchor point="TOPLEFT" relativeTo="FHH_UIList2" relativePoint="BOTTOMLEFT">
						<Offset>
							<AbsDimension x="0" y="0"/>
						</Offset>
					</Anchor>
				</Anchors>
			</Button>
			<Button name="FHH_UIList4" inherits="FHH_UIListButtonTemplate">
				<Anchors>
					<Anchor point="TOPLEFT" relativeTo="FHH_UIList3" relativePoint="BOTTOMLEFT">
						<Offset>
							<AbsDimension x="0" y="0"/>
						</Offset>
					</Anchor>
				</Anchors>
			</Button>
			<Button name="FHH_UIList5" inherits="FHH_UIListButtonTemplate">
				<Anchors>
					<Anchor point="TOPLEFT" relativeTo="FHH_UIList4" relativePoint="BOTTOMLEFT">
						<Offset>
							<AbsDimension x="0" y="0"/>
						</Offset>
					</Anchor>
				</Anchors>
			</Button>
			<Button name="FHH_UIList6" inherits="FHH_UIListButtonTemplate">
				<Anchors>
					<Anchor point="TOPLEFT" relativeTo="FHH_UIList5" relativePoint="BOTTOMLEFT">
						<Offset>
							<AbsDimension x="0" y="0"/>
						</Offset>
					</Anchor>
				</Anchors>
			</Button>
			<Button name="FHH_UIList7" inherits="FHH_UIListButtonTemplate">
				<Anchors>
					<Anchor point="TOPLEFT" relativeTo="FHH_UIList6" relativePoint="BOTTOMLEFT">
						<Offset>
							<AbsDimension x="0" y="0"/>
						</Offset>
					</Anchor>
				</Anchors>
			</Button>
<!--
			<Button name="FHH_UIList8" inherits="FHH_UIListButtonTemplate">
				<Anchors>
					<Anchor point="TOPLEFT" relativeTo="FHH_UIList7" relativePoint="BOTTOMLEFT">
						<Offset>
							<AbsDimension x="0" y="0"/>
						</Offset>
					</Anchor>
				</Anchors>
			</Button>
-->
			<ScrollFrame name="$parentListScrollFrame" inherits="ClassTrainerListScrollFrameTemplate">
				<Size>
					<AbsDimension x="296" y="114"/>
				</Size>
				<Anchors>
					<Anchor point="TOPRIGHT" relativeTo="$parent" relativePoint="TOPRIGHT">
						<Offset>
							<AbsDimension x="-67" y="-96"/>
						</Offset>
					</Anchor>
				</Anchors>
				<Scripts>
					<OnVerticalScroll>
						FauxScrollFrame_OnVerticalScroll(FHH_UI_LIST_HEIGHT, FHH_UIUpdate);
					</OnVerticalScroll>
				</Scripts>
			</ScrollFrame>

			<Frame name="FHH_UIRankHighlightFrame" hidden="true">
				<Size>
					<AbsDimension x="20" y="12"/>
				</Size>
				<Anchors>
					<Anchor point="TOPLEFT"/>
				</Anchors>
				<Layers>
					<Layer level="ARTWORK">
						<Texture name="FHH_UIRankHighlight" file="Interface\Buttons\UI-Listbox-Highlight2"/>
					</Layer>
				</Layers>
			</Frame>
			<Button name="FHH_UIRank1" inherits="FHH_UIRankButtonTemplate" id="1">
				<Anchors>
					<Anchor point="LEFT" relativeTo="$parentRankLabel" relativePoint="RIGHT">
						<Offset>
							<AbsDimension x="5" y="0"/>
						</Offset>
					</Anchor>
				</Anchors>
			</Button>
			<Button name="FHH_UIRank2" inherits="FHH_UIRankButtonTemplate" id="2">
				<Anchors>
					<Anchor point="LEFT" relativeTo="FHH_UIRank1" relativePoint="RIGHT">
						<Offset>
							<AbsDimension x="1" y="0"/>
						</Offset>
					</Anchor>
				</Anchors>
			</Button>
			<Button name="FHH_UIRank3" inherits="FHH_UIRankButtonTemplate" id="3">
				<Anchors>
					<Anchor point="LEFT" relativeTo="FHH_UIRank2" relativePoint="RIGHT">
						<Offset>
							<AbsDimension x="1" y="0"/>
						</Offset>
					</Anchor>
				</Anchors>
			</Button>
			<Button name="FHH_UIRank4" inherits="FHH_UIRankButtonTemplate" id="4">
				<Anchors>
					<Anchor point="LEFT" relativeTo="FHH_UIRank3" relativePoint="RIGHT">
						<Offset>
							<AbsDimension x="1" y="0"/>
						</Offset>
					</Anchor>
				</Anchors>
			</Button>
			<Button name="FHH_UIRank5" inherits="FHH_UIRankButtonTemplate" id="5">
				<Anchors>
					<Anchor point="LEFT" relativeTo="FHH_UIRank4" relativePoint="RIGHT">
						<Offset>
							<AbsDimension x="1" y="0"/>
						</Offset>
					</Anchor>
				</Anchors>
			</Button>
			<Button name="FHH_UIRank6" inherits="FHH_UIRankButtonTemplate" id="6">
				<Anchors>
					<Anchor point="LEFT" relativeTo="FHH_UIRank5" relativePoint="RIGHT">
						<Offset>
							<AbsDimension x="1" y="0"/>
						</Offset>
					</Anchor>
				</Anchors>
			</Button>
			<Button name="FHH_UIRank7" inherits="FHH_UIRankButtonTemplate" id="7">
				<Anchors>
					<Anchor point="LEFT" relativeTo="FHH_UIRank6" relativePoint="RIGHT">
						<Offset>
							<AbsDimension x="1" y="0"/>
						</Offset>
					</Anchor>
				</Anchors>
			</Button>
			<Button name="FHH_UIRank8" inherits="FHH_UIRankButtonTemplate" id="8">
				<Anchors>
					<Anchor point="LEFT" relativeTo="FHH_UIRank7" relativePoint="RIGHT">
						<Offset>
							<AbsDimension x="1" y="0"/>
						</Offset>
					</Anchor>
				</Anchors>
			</Button>
			<Button name="FHH_UIRank9" inherits="FHH_UIRankButtonTemplate" id="9">
				<Anchors>
					<Anchor point="LEFT" relativeTo="FHH_UIRank8" relativePoint="RIGHT">
						<Offset>
							<AbsDimension x="1" y="0"/>
						</Offset>
					</Anchor>
				</Anchors>
			</Button>
			<Button name="FHH_UIRank10" inherits="FHH_UIRankButtonTemplate" id="10">
				<Anchors>
					<Anchor point="LEFT" relativeTo="FHH_UIRank9" relativePoint="RIGHT">
						<Offset>
							<AbsDimension x="1" y="0"/>
						</Offset>
					</Anchor>
				</Anchors>
			</Button>
			<Button name="FHH_UIRank11" inherits="FHH_UIRankButtonTemplate" id="11">
				<Anchors>
					<Anchor point="LEFT" relativeTo="FHH_UIRank10" relativePoint="RIGHT">
						<Offset>
							<AbsDimension x="1" y="0"/>
						</Offset>
					</Anchor>
				</Anchors>
			</Button>
			<Button name="FHH_UIRank12" inherits="FHH_UIRankButtonTemplate" id="12">
				<Anchors>
					<Anchor point="LEFT" relativeTo="FHH_UIRank11" relativePoint="RIGHT">
						<Offset>
							<AbsDimension x="1" y="0"/>
						</Offset>
					</Anchor>
				</Anchors>
			</Button>
			<Button name="FHH_UIRank13" inherits="FHH_UIRankButtonTemplate" id="13">
				<Anchors>
					<Anchor point="LEFT" relativeTo="FHH_UIRank12" relativePoint="RIGHT">
						<Offset>
							<AbsDimension x="1" y="0"/>
						</Offset>
					</Anchor>
				</Anchors>
			</Button>
			
			<ScrollFrame name="$parentDetailScrollFrame" inherits="ClassTrainerDetailScrollFrameTemplate">
				<Size>
					<AbsDimension x="297" y="168"/>
				</Size>
				<Anchors>
					<Anchor point="TOPLEFT">
						<Offset>
							<AbsDimension x="20" y="-242"/>
						</Offset>
					</Anchor>
				</Anchors>
				<ScrollChild>
					<Frame name="FHH_UIDetail">
						<Size>
							<AbsDimension x="297" y="150"/>
						</Size>
						<Layers>
							<Layer level="BACKGROUND">
								<FontString name="$parentName" inherits="GameFontNormal" text="Skill Name" justifyH="LEFT">
									<Size>
										<AbsDimension x="244" y="0"/>
									</Size>
									<Anchors>
										<Anchor point="TOPLEFT">
											<Offset>
												<AbsDimension x="50" y="-5"/>
											</Offset>
										</Anchor>
									</Anchors>
								</FontString>
								<FontString name="$parentRequirements" inherits="GameFontHighlightSmall">
									<Anchors>
										<Anchor point="TOPLEFT" relativeTo="$parentName" relativePoint="BOTTOMLEFT">
											<Offset>
												<AbsDimension x="0" y="0"/>
											</Offset>
										</Anchor>
									</Anchors>
								</FontString>
								<FontString name="$parentCost" inherits="GameFontHighlightSmall">
									<Anchors>
										<Anchor point="TOPLEFT" relativeTo="$parentRequirements" relativePoint="BOTTOMLEFT">
											<Offset>
												<AbsDimension x="0" y="0"/>
											</Offset>
										</Anchor>
									</Anchors>
								</FontString>
								<Texture name="$parentHeaderLeft" file="Interface\ClassTrainerFrame\UI-ClassTrainer-DetailHeaderLeft">
									<Size>
										<AbsDimension x="256" y="64"/>
									</Size>
									<Anchors>
										<Anchor point="TOPLEFT">
											<Offset>
												<AbsDimension x="0" y="3"/>
											</Offset>
										</Anchor>
									</Anchors>
								</Texture>
								<Texture file="Interface\ClassTrainerFrame\UI-ClassTrainer-DetailHeaderRight">
									<Size>
										<AbsDimension x="64" y="64"/>
									</Size>
									<Anchors>
										<Anchor point="TOPLEFT" relativeTo="$parentHeaderLeft" relativePoint="TOPRIGHT">
											<Offset>
												<AbsDimension x="0" y="0"/>
											</Offset>
										</Anchor>
									</Anchors>
								</Texture>
								<FontString name="$parentDescription" inherits="GameFontHighlightSmall" justifyH="LEFT">
									<Size>
										<AbsDimension x="290" y="0"/>
									</Size>
									<Anchors>
										<Anchor point="TOPLEFT">
											<Offset>
												<AbsDimension x="5" y="-50"/>
											</Offset>
										</Anchor>
									</Anchors>
								</FontString>
								<FontString name="$parentNoDetailsText" inherits="GameFontNormalSmall" justifyH="LEFT" hidden="true">
									<Size>
										<AbsDimension x="300" y="0"/>
									</Size>
									<Anchors>
										<Anchor point="TOPLEFT" relativeTo="$parentDescription" relativePoint="BOTTOMLEFT">
											<Offset>
												<AbsDimension x="0" y="-10"/>
											</Offset>
										</Anchor>
									</Anchors>
								</FontString>
							</Layer>
						</Layers>
						<Frames>
							<Button name="FHH_UIDetailIcon">
								<Size>
									<AbsDimension x="37" y="37"/>
								</Size>
								<Anchors>
									<Anchor point="TOPLEFT">
										<Offset>
											<AbsDimension x="8" y="-3"/>
										</Offset>
									</Anchor>
								</Anchors>
								<Layers>
									<Layer level="ARTWORK">
										<Texture name="$parentDecoration" file="Interface\DialogFrame\UI-DialogBox-Gold-Dragon" hidden="true">
											<Size>
												<AbsDimension x="65" y="65"/>
											</Size>
											<Anchors>
												<Anchor point="CENTER">
													<Offset>
														<AbsDimension x="-5" y="-1"/>
													</Offset>
												</Anchor>
											</Anchors>
										</Texture>
									</Layer>
								</Layers>
								<Scripts>
									<OnEnter>
										FHH_UIDetailIcon_OnEnter();
									</OnEnter>
									<OnLeave>
										GameTooltip:Hide();
									</OnLeave>
								</Scripts>
							</Button>
						</Frames>
					</Frame>
				</ScrollChild>
			</ScrollFrame>
			<Button name="$parentOptionsButton" inherits="UIPanelButtonTemplate" text="FHH_UI_OPTIONS">
				<Size>
					<AbsDimension x="80" y="22"/>
				</Size>
				<Anchors>
					<Anchor point="CENTER" relativeTo="$parent" relativePoint="TOPLEFT">
						<Offset>
							<AbsDimension x="224" y="-422"/>
						</Offset>
					</Anchor>
				</Anchors>
				<Scripts>
					<OnClick>
						FHH_ShowOptions();
					</OnClick>
				</Scripts>
			</Button>
			<Button name="$parentTrainButton" inherits="UIPanelButtonTemplate" text="TRAIN">
				<Size>
					<AbsDimension x="80" y="22"/>
				</Size>
				<Anchors>
					<Anchor point="CENTER" relativeTo="$parent" relativePoint="TOPLEFT">
						<Offset>
							<AbsDimension x="305" y="-422"/>
						</Offset>
					</Anchor>
				</Anchors>
				<Scripts>
					<OnClick>
						FHH_UITrainButton_OnClick(arg1);
					</OnClick>
				</Scripts>
			</Button>
			<Button name="$parentCloseButton" inherits="UIPanelCloseButton">
				<Anchors>
					<Anchor point="TOPRIGHT" relativeTo="$parent" relativePoint="TOPRIGHT">
						<Offset>
							<AbsDimension x="-29" y="-8"/>
						</Offset>
					</Anchor>
				</Anchors>
			</Button>
		</Frames>
		<Scripts>
			<OnLoad>
				FHH_UIOnLoad();
			</OnLoad>
			<OnEvent>
				FHH_UIOnEvent();
			</OnEvent>
			<OnShow>
				--PlaySound("igCharacterInfoOpen");
				FHH_UIOnShow();
			</OnShow>
			<OnHide>
				--PlaySound("igCharacterInfoClose");
				if (CraftIsPetTraining()) then
	                CloseCraft();
				end
			</OnHide>
			<OnMouseWheel>
				return;
			</OnMouseWheel>
		</Scripts>
	</Frame>
</Ui>
