<Ui xmlns="http://www.blizzard.com/wow/ui/"
  xmlns:xsi="http://www.w3.org/2001/XMLSchema-instance" xsi:schemaLocation="http://www.blizzard.com/wow/ui/
..\FrameXML\UI.xsd">
  <Script file="BuilderSpenderFrame.lua"/>

  <Frame name="BuilderSpenderFrame" virtual="true">
    <Layers>
      <Layer level="ARTWORK">
        <Texture parentKey="BarTexture" file="Interface\TargetingFrame\UI-StatusBar" hidden="true"/>
      </Layer>
      <Layer level="OVERLAY">
        <Texture file="Interface\TargetingFrame\UI-StatusBar-Glow" parentKey="LossGlowTexture" hidden="true" alphaMode="ADD"/>
      </Layer>
      <Layer level="OVERLAY">
        <Texture file="Interface\TargetingFrame\UI-StatusBar-Glow" parentKey="GainGlowTexture" hidden="true" alphaMode="ADD" alpha="0.75"/>
      </Layer>
    </Layers>
    <Scripts>
      <OnLoad>
        Mixin(self, BuilderSpender)
        self:OnLoad()
      </OnLoad>
    </Scripts>
  </Frame>

  <Frame name="FullResourcePulseFrame" virtual="true">
    <Size x="119" y="12"/>
    <Scripts>
      <OnLoad>
        Mixin(self, FullResourcePulse);
      </OnLoad>
    </Scripts>
    <Frames>
      <Frame parentKey="SpikeFrame">
        <Size x="119" y="12"/>
        <Anchors>
          <Anchor point="TOPRIGHT"/>
        </Anchors>
        <Layers>
          <Layer level="OVERLAY">
            <Texture file="Interface\AddOns\UnitFrameLayers\Textures\PlayerFrameFX" parentKey="BigSpikeGlow" alpha="0" alphaMode="BLEND">
              <Size x="27" y="34"/>
              <TexCoords left="0.0078125" right="0.21875" top="0.015625" bottom="0.546875"/>
              <Anchors>
                <Anchor point="RIGHT" x="21" y="0"/>
              </Anchors>
              <Animations>
                <AnimationGroup parentKey="SpikeAnim" setToFinalAlpha="true">
                  <Alpha childKey="BigSpikeGlow" smoothing="IN" duration="0.25" order="1" change="1"/>
                  <Scale childKey="BigSpikeGlow" smoothing="NONE" duration="0" order="1" scaleX="0.25" scaleY="0.25"/>
                  <Scale childKey="BigSpikeGlow" smoothing="NONE" duration="0.1" order="1" scaleX="1.5" scaleY="1.5">
                    <Origin point="LEFT">
                      <Offset x="2" y="0"/>
                    </Origin>
                  </Scale>
                  <Scale childKey="BigSpikeGlow" startDelay="0.2" smoothing="IN" duration="0.2" order="1" scaleX="0.5" scaleY="0.5">
                    <Origin point="LEFT">
                      <Offset x="6" y="0"/>
                    </Origin>
                  </Scale>
                  <Alpha childKey="BigSpikeGlow" startDelay="0.3" duration="0" order="1" change="1"/>
                  <Alpha childKey="BigSpikeGlow" startDelay="0.3" duration="0.25" order="1" change="-1"/>
                </AnimationGroup>
              </Animations>
            </Texture>
            <Texture file="Interface\AddOns\UnitFrameLayers\Textures\PlayerFrameFX" parentKey="AlertSpikeStay" alpha="0" alphaMode="BLEND">
              <Size x="34" y="18"/>
              <TexCoords left="0.578125" right="0.84375" top="0.015625" bottom="0.296875"/>
              <Anchors>
                <Anchor point="RIGHT" x="11" y="0"/>
              </Anchors>
              <Animations>
                <AnimationGroup parentKey="SpikeAnim" setToFinalAlpha="true">
                  <Alpha name="Spikey" childKey="AlertSpikeStay" smoothing="IN" duration="0.25" order="1" change="1"/>
                </AnimationGroup>
              </Animations>
            </Texture>
          </Layer>
        </Layers>
        <Scripts>
          <OnLoad>
              local SpikeFrame = self;
              self.SpikeAnim = {};
              self.SpikeAnim.Play = function()
                  SpikeFrame.BigSpikeGlow.SpikeAnim:Play();
                  SpikeFrame.AlertSpikeStay.SpikeAnim:Play();
              end
              self.SpikeAnim.Stop = function()
                  SpikeFrame.BigSpikeGlow.SpikeAnim:Stop();
                  SpikeFrame.AlertSpikeStay.SpikeAnim:Stop();
              end
              self.SpikeAnim.IsPlaying = function()
                  local a = SpikeFrame.BigSpikeGlow.SpikeAnim:IsPlaying();
                  local b = SpikeFrame.AlertSpikeStay.SpikeAnim:IsPlaying();
                  return a or b;
              end
          </OnLoad>
        </Scripts>
      </Frame>
      <Frame parentKey="PulseFrame">
        <Size x="119" y="12"/>
        <Anchors>
          <Anchor point="TOPRIGHT"/>
        </Anchors>
        <Layers>
          <Layer level="OVERLAY">
            <Texture file="Interface\AddOns\UnitFrameLayers\Textures\PlayerFrameFX" parentKey="YellowGlow" alpha="0" alphaMode="BLEND">
              <Size x="20" y="24"/>
              <TexCoords left="0.40625" right="0.5625" top="0.015625" bottom="0.59375"/>
              <Anchors>
                <Anchor point="RIGHT" x="-1" y="-1"/>
              </Anchors>
              <Animations>
                <AnimationGroup parentKey="PulseAnim" looping="REPEAT">
                  <Alpha childKey="YellowGlow" duration="0.1" order="1" change="1"/>
                  <Translation childKey="YellowGlow" smoothing="OUT" duration="0.5" order="1" offsetX="20" offsetY="0"/>
                  <Alpha childKey="YellowGlow" startDelay="0.4" duration="0.1" order="1" change="-1"/>
                </AnimationGroup>
              </Animations>
            </Texture>
            <Texture file="Interface\AddOns\UnitFrameLayers\Textures\PlayerFrameFX" parentKey="SoftGlow" alpha="0" alphaMode="BLEND">
              <Size x="20" y="24"/>
              <TexCoords left="0.234375" right="0.390625," top="0.015625" bottom="0.59375"/>
              <Anchors>
                <Anchor point="RIGHT" x="-1" y="-1"/>
              </Anchors>
              <Animations>
                <AnimationGroup parentKey="PulseAnim" looping="REPEAT">
                  <Alpha childKey="SoftGlow" duration="0.1" order="1" change="1"/>
                  <Translation childKey="SoftGlow" smoothing="OUT" duration="0.5" order="1" offsetX="20" offsetY="0"/>
                  <Alpha childKey="SoftGlow" startDelay="0.4" duration="0.1" order="1" change="-1"/>
                </AnimationGroup>
              </Animations>
            </Texture>
          </Layer>
        </Layers>
        <Scripts>
          <OnLoad>
              local PulseFrame = self;
              self.PulseAnim = {};
              self.PulseAnim.Play = function()
                  PulseFrame.YellowGlow.PulseAnim:Play();
                  PulseFrame.SoftGlow.PulseAnim:Play();
              end
              self.PulseAnim.Stop = function()
                  PulseFrame.YellowGlow.PulseAnim:Stop();
                  PulseFrame.SoftGlow.PulseAnim:Stop();
              end
              self.PulseAnim.IsPlaying = function()
                  local a = PulseFrame.YellowGlow.PulseAnim:IsPlaying();
                  local b = PulseFrame.SoftGlow.PulseAnim:IsPlaying();
                  return a or b;
              end
          </OnLoad>
        </Scripts>
      </Frame>
    </Frames>
    <Animations>
      <AnimationGroup parentKey="FadeoutAnim" setToFinalAlpha="true">
        <Alpha change="-1" duration="0.5" order="1"/>
        <Scripts>
          <OnFinished>
            self:GetParent().SpikeFrame.BigSpikeGlow:Hide();
            self:GetParent().SpikeFrame.AlertSpikeStay:Hide();

            self:GetParent().PulseFrame.PulseAnim:Stop();
            self:GetParent().SpikeFrame.SpikeAnim:Stop();
          </OnFinished>
        </Scripts>
      </AnimationGroup>
    </Animations>
  </Frame>

</Ui>