<Ui xmlns="http://www.blizzard.com/wow/ui/" xmlns:xsi="http://www.w3.org/2001/XMLSchema-instance" xsi:schemaLocation="http://www.blizzard.com/wow/ui/
..\FrameXML\UI.xsd">
    <Script file="LibTabbedFrame-1.0.lua"/>

    <Frame name="LibTabbedFrameTemplate" toplevel="true" movable="true" enableMouse="true" hidden="true" virtual="true">
        <Size>
            <AbsDimension x="384" y="512"/>
        </Size>
        <Anchors>
            <Anchor point="TOPLEFT">
                <Offset>
                    <AbsDimension x="0" y="-104"/>
                </Offset>
            </Anchor>
        </Anchors>
		<HitRectInsets>
			<AbsInset left="0" right="30" top="0" bottom="45"/>
		</HitRectInsets>
        <Layers>
            <Layer level="ARTWORK">
                <Texture name="$parentPortrait">
                    <Size>
                        <AbsDimension x="58" y="58"/>
                    </Size>
                    <Anchors>
                        <Anchor point="TOPLEFT">
                            <Offset>
                                <AbsDimension x="9" y="-7"/>
                            </Offset>
                        </Anchor>
                    </Anchors>
                </Texture>
            </Layer>
        </Layers>
        <Frames>
            <Frame name="$parentName">
                <Size>
                    <AbsDimension x="109" y="12"/>
                </Size>
                 <Anchors>
                    <Anchor point="CENTER">
                        <Offset>
                            <AbsDimension x="6" y="232"/>
                        </Offset>
                    </Anchor>
                </Anchors>
                <Layers>
                    <Layer>
                        <FontString name="$parentText" inherits="GameFontNormal" text="NAME">
                            <Size>
                                <AbsDimension x="300" y="12"/>
                            </Size>
                            <Anchors>
                                <Anchor point="CENTER"/>
                            </Anchors>
                            <Color r="1.0" g="1.0" b="1.0"/>
                        </FontString>
                    </Layer>
                </Layers>
                <Scripts>
                     <OnLoad>
                        self:SetFrameLevel(self:GetFrameLevel() + 1);
                    </OnLoad>
                </Scripts>
            </Frame>
            <Button name="$parentCloseButton" inherits="UIPanelCloseButton">
                <Anchors>
                    <Anchor point="CENTER" relativeTo="$parent" relativePoint="TOPRIGHT">
                        <Offset>
                            <AbsDimension x="-44" y="-26"/>
                        </Offset>
                    </Anchor>
                </Anchors>
                <Scripts>
                    <OnLoad>
                        self:SetFrameLevel(self:GetFrameLevel() + 4);
                    </OnLoad>
                </Scripts>
            </Button>
        </Frames>
    </Frame>

    <Button name="LibTabbedFrameTabButtonTemplate" virtual="true" hidden="true">
        <Size>
            <AbsDimension x="10" y="32"/>
        </Size>
        <Layers>
        	<Layer level="BACKGROUND">
        		<Texture name="$parentLeftDisabled" urgency="5" file="Interface\PaperDollInfoFrame\UI-Character-ActiveTab">
        			<Size>
        				<AbsDimension x="20" y="35"/>
        			</Size>
        			<Anchors>
        				<Anchor point="TOPLEFT">
        					<Offset>
        						<AbsDimension x="0" y="0"/>
        					</Offset>
        				</Anchor>
        			</Anchors>
					<TexCoords left="0" right="0.15625" top="0" bottom="0.546875"/>
        		</Texture>
				<Texture name="$parentMiddleDisabled" urgency="5" file="Interface\PaperDollInfoFrame\UI-Character-ActiveTab">
        			<Size>
        				<AbsDimension x="88" y="35"/>
        			</Size>
        			<Anchors>
        				<Anchor point="LEFT" relativeTo="$parentLeftDisabled" relativePoint="RIGHT"/>
        			</Anchors>
					<TexCoords left="0.15625" right="0.84375" top="0" bottom="0.546875"/>
        		</Texture>
				<Texture name="$parentRightDisabled" urgency="5" file="Interface\PaperDollInfoFrame\UI-Character-ActiveTab">
        			<Size>
        				<AbsDimension x="20" y="35"/>
        			</Size>
        			<Anchors>
        				<Anchor point="LEFT" relativeTo="$parentMiddleDisabled" relativePoint="RIGHT"/>
        			</Anchors>
					<TexCoords left="0.84375" right="1.0" top="0" bottom="0.546875"/>
        		</Texture>
				<Texture name="$parentLeft" urgency="5" file="Interface\PaperDollInfoFrame\UI-Character-InActiveTab">
        			<Size>
        				<AbsDimension x="20" y="32"/>
        			</Size>
        			<Anchors>
        				<Anchor point="TOPLEFT" x="0" y="-1"/>
        			</Anchors>
					<TexCoords left="0" right="0.15625" top="0" bottom="1.0"/>
        		</Texture>
				<Texture name="$parentMiddle" urgency="5" file="Interface\PaperDollInfoFrame\UI-Character-InActiveTab">
        			<Size>
        				<AbsDimension x="88" y="32"/>
        			</Size>
        			<Anchors>
        				<Anchor point="LEFT" relativeTo="$parentLeft" relativePoint="RIGHT"/>
					</Anchors>
					<TexCoords left="0.15625" right="0.84375" top="0" bottom="1.0"/>
        		</Texture>
				<Texture name="$parentRight" urgency="5" file="Interface\PaperDollInfoFrame\UI-Character-InActiveTab">
        			<Size>
        				<AbsDimension x="20" y="32"/>
        			</Size>
        			<Anchors>
        				<Anchor point="LEFT" relativeTo="$parentMiddle" relativePoint="RIGHT"/>
        			</Anchors>
					<TexCoords left="0.84375" right="1.0" top="0" bottom="1.0"/>
        		</Texture>
        	</Layer>
        </Layers>
		<ButtonText name="$parentText">
			<Size>
				<AbsDimension x="0" y="10"/>
			</Size>
			<Anchors>
				<Anchor point="CENTER">
					<Offset>
						<AbsDimension x="0" y="2"/>
					</Offset>
				</Anchor>
			</Anchors>
		</ButtonText>
		<NormalFont style="GameFontNormalSmall"/>
		<HighlightFont style="GameFontHighlightSmall"/>
		<DisabledFont style="GameFontHighlightSmall"/>
		<HighlightTexture name="$parentHighlightTexture" file="Interface\PaperDollInfoFrame\UI-Character-Tab-RealHighlight" alphaMode="ADD">
			<Anchors>
				<Anchor point="TOPLEFT">
					<Offset>
						<AbsDimension x="3" y="5"/>
					</Offset>
				</Anchor>
				<Anchor point="BOTTOMRIGHT">
					<Offset>
						<AbsDimension x="-3" y="0"/>
					</Offset>
				</Anchor>
			</Anchors>
		</HighlightTexture>
    </Button>

    <Frame name="LibTabbedFrameSmallHeaderTemplate" enableMouse="true" virtual="true" hidden="true">
		<Layers>
			<Layer level="BACKGROUND">
				<Texture file="Interface\PaperDollInfoFrame\UI-Character-General-TopLeft">
					<Size>
						<AbsDimension x="256" y="256"/>
					</Size>
					<Anchors>
						<Anchor point="TOPLEFT">
							<Offset>
								<AbsDimension x="2" y="-1"/>
							</Offset>
						</Anchor>
					</Anchors>
				</Texture>
				<Texture file="Interface\PaperDollInfoFrame\UI-Character-General-TopRight">
					<Size>
						<AbsDimension x="128" y="256"/>
					</Size>
					<Anchors>
						<Anchor point="TOPLEFT">
							<Offset>
								<AbsDimension x="258" y="-1"/>
							</Offset>
						</Anchor>
					</Anchors>
				</Texture>
				<Texture file="Interface\PaperDollInfoFrame\UI-Character-General-BottomLeft">
					<Size>
						<AbsDimension x="256" y="256"/>
					</Size>
					<Anchors>
						<Anchor point="TOPLEFT">
							<Offset>
								<AbsDimension x="2" y="-257"/>
							</Offset>
						</Anchor>
					</Anchors>
				</Texture>
				<Texture file="Interface\PaperDollInfoFrame\UI-Character-General-BottomRight">
					<Size>
						<AbsDimension x="128" y="256"/>
					</Size>
					<Anchors>
						<Anchor point="TOPLEFT">
							<Offset>
								<AbsDimension x="258" y="-257"/>
							</Offset>
						</Anchor>
					</Anchors>
				</Texture>
			</Layer>
		</Layers>
    </Frame>
</Ui>
