﻿<Ui xmlns="http://www.blizzard.com/wow/ui/" xmlns:xsi="http://www.w3.org/2001/XMLSchema-instance" xsi:schemaLocation="http://www.blizzard.com/wow/ui/..\FrameXML\UI.xsd">

	<Frame name="ArcanumButtonOptionMenu" frameStrata="DIALOG" movable="false" enableMouse="true" parent="ArcanumGeneralFrame">
		<Size>
			<AbsDimension x="350" y="452"/>
		</Size>
		<Anchors>
			<Anchor point="BOTTOMLEFT" relativeTo="ArcanumGeneralFrame"/>
		</Anchors>
		<HitRectInsets>
			<AbsInset left="0" right="35" top="0" bottom="75"/>
		</HitRectInsets>
		<Layers>
			<Layer level="ARTWORK">
                <FontString name="ArcanumButton_Option" inherits="GameFontNormalSmall">
					<Color r="1.0" g="1.0" b="1.0" a="1"/>
					<Anchors>
						<Anchor point="TOPLEFT" relativeTo="ArcanumButtonOptionMenu" relativeFrom="TOPLEFT">
							<Offset>
								<AbsDimension x="30" y="-20"/>
							</Offset>
						</Anchor>
					</Anchors>
				</FontString>
                <FontString name="ArcanumOrder_Option" inherits="GameFontNormalSmall">
					<Color r="1.0" g="1.0" b="1.0" a="1"/>
					<Anchors>
						<Anchor point="TOPLEFT" relativeTo="ArcanumButtonOptionMenu" relativeFrom="TOPLEFT">
							<Offset>
								<AbsDimension x="180" y="-20"/>
							</Offset>
						</Anchor>
					</Anchors>
				</FontString>
				<FontString name="ArcanumBuffButton_Option" inherits="GameFontNormalSmall">
					<Color r="1.0" g="1.0" b="1.0" a="1"/>
					<Anchors>
						<Anchor point="TOPLEFT" relativeTo="ArcanumButtonOptionMenu" relativeFrom="TOPLEFT">
							<Offset>
								<AbsDimension x="60" y="-40"/>
							</Offset>
						</Anchor>
					</Anchors>
				</FontString>
				<FontString name="ArcanumArmorButton_Option" inherits="GameFontNormalSmall">
					<Color r="1.0" g="1.0" b="1.0" a="1"/>
					<Anchors>
						<Anchor point="TOPLEFT" relativeTo="ArcanumButtonOptionMenu" relativeFrom="TOPLEFT">
							<Offset>
								<AbsDimension x="60" y="-60"/>
							</Offset>
						</Anchor>
					</Anchors>
				</FontString>
				<FontString name="ArcanumMagicButton_Option" inherits="GameFontNormalSmall">
					<Color r="1.0" g="1.0" b="1.0" a="1"/>
					<Anchors>
						<Anchor point="TOPLEFT" relativeTo="ArcanumButtonOptionMenu" relativeFrom="TOPLEFT">
							<Offset>
								<AbsDimension x="60" y="-80"/>
							</Offset>
						</Anchor>
					</Anchors>
				</FontString>
				<FontString name="ArcanumPortalButton_Option" inherits="GameFontNormalSmall">
					<Color r="1.0" g="1.0" b="1.0" a="1"/>
					<Anchors>
						<Anchor point="TOPLEFT" relativeTo="ArcanumButtonOptionMenu" relativeFrom="TOPLEFT">
							<Offset>
								<AbsDimension x="60" y="-100"/>
							</Offset>
						</Anchor>
					</Anchors>
				</FontString>
				<FontString name="ArcanumMountButton_Option" inherits="GameFontNormalSmall">
					<Color r="1.0" g="1.0" b="1.0" a="1"/>
					<Anchors>
						<Anchor point="TOPLEFT" relativeTo="ArcanumButtonOptionMenu" relativeFrom="TOPLEFT">
							<Offset>
								<AbsDimension x="60" y="-120"/>
							</Offset>
						</Anchor>
					</Anchors>
				</FontString>
				<FontString name="ArcanumFoodButton_Option" inherits="GameFontNormalSmall">
					<Color r="1.0" g="1.0" b="1.0" a="1"/>
					<Anchors>
						<Anchor point="TOPLEFT" relativeTo="ArcanumButtonOptionMenu" relativeFrom="TOPLEFT">
							<Offset>
								<AbsDimension x="60" y="-140"/>
							</Offset>
						</Anchor>
					</Anchors>
				</FontString>
				<FontString name="ArcanumWaterButton_Option" inherits="GameFontNormalSmall">
					<Color r="1.0" g="1.0" b="1.0" a="1"/>
					<Anchors>
						<Anchor point="TOPLEFT" relativeTo="ArcanumButtonOptionMenu" relativeFrom="TOPLEFT">
							<Offset>
								<AbsDimension x="60" y="-160"/>
							</Offset>
						</Anchor>
					</Anchors>
				</FontString>
				<FontString name="ArcanumManaGemButton_Option" inherits="GameFontNormalSmall">
					<Color r="1.0" g="1.0" b="1.0" a="1"/>
					<Anchors>
						<Anchor point="TOPLEFT" relativeTo="ArcanumButtonOptionMenu" relativeFrom="TOPLEFT">
							<Offset>
								<AbsDimension x="60" y="-180"/>
							</Offset>
						</Anchor>
					</Anchors>
				</FontString>
                <FontString name="ArcanumJobButton_Option" inherits="GameFontNormalSmall">
					<Color r="1.0" g="1.0" b="1.0" a="1"/>
					<Anchors>
						<Anchor point="TOPLEFT" relativeTo="ArcanumButtonOptionMenu" relativeFrom="TOPLEFT">
							<Offset>
								<AbsDimension x="60" y="-200"/>
							</Offset>
						</Anchor>
					</Anchors>
				</FontString>
				<FontString name="ArcanumWardButton_Option" inherits="GameFontNormalSmall">
					<Color r="1.0" g="1.0" b="1.0" a="1"/>
					<Anchors>
						<Anchor point="TOPLEFT" relativeTo="ArcanumButtonOptionMenu" relativeFrom="TOPLEFT">
							<Offset>
								<AbsDimension x="60" y="-220"/>
							</Offset>
						</Anchor>
					</Anchors>
				</FontString>
			</Layer>
		</Layers>
		<Frames>
			<CheckButton name="ArcanumBuffButton_Button" enableMouse="true" inherits="UICheckButtonTemplate" checked="false">
				<Size>
					<AbsDimension x="24" y="24"/>
				</Size>
				<Anchors>
					<Anchor point="TOPLEFT" relativeTo="ArcanumButtonOptionMenu" relativeFrom="TOPLEFT">
						<Offset>
							<AbsDimension x="30" y="-35"/>
						</Offset>
					</Anchor>
				</Anchors>
				<Scripts>
					<OnClick>
						if (this:GetChecked() and table.getn(BuffMenuCreate) > 0) then
							ArcanumConfig.BuffButton = true;
                            if ArcanumConfig.InterfaceVersion == 1 then
                                ShowUIPanel(ArcanumButton4);
                            else
                                ShowUIPanel(ArcanumButton41);
                                ShowUIPanel(ArcanumButton42);
                            end
                            ShowUIPanel(OrderButton4);
						else
							ArcanumConfig.BuffButton = false;
                            if ArcanumConfig.InterfaceVersion == 1 then
                                HideUIPanel(ArcanumButton4);
                            else
                                HideUIPanel(ArcanumButton41);
                                HideUIPanel(ArcanumButton42);
                            end
                            HideUIPanel(OrderButton4);
						end
					</OnClick>
				</Scripts>
			</CheckButton>
			<CheckButton name="ArcanumArmorButton_Button" enableMouse="true" inherits="UICheckButtonTemplate" checked="false">
				<Size>
					<AbsDimension x="24" y="24"/>
				</Size>
				<Anchors>
					<Anchor point="TOPLEFT" relativeTo="ArcanumButtonOptionMenu" relativeFrom="TOPLEFT">
						<Offset>
							<AbsDimension x="30" y="-55"/>
						</Offset>
					</Anchor>
				</Anchors>
				<Scripts>
					<OnClick>
						if (this:GetChecked() and table.getn(ArmorMenuCreate) > 0) then
							ArcanumConfig.ArmorButton = true;
                            if ArcanumConfig.InterfaceVersion == 1 then
                                ShowUIPanel(ArcanumButton5);
                            else
                                ShowUIPanel(ArcanumButton51);
                                ShowUIPanel(ArcanumButton52);
                            end
                            ShowUIPanel(OrderButton5);
						else
							ArcanumConfig.ArmorButton = false;
                            if ArcanumConfig.InterfaceVersion == 1 then
                                HideUIPanel(ArcanumButton5);
                            else
                                HideUIPanel(ArcanumButton51);
                                HideUIPanel(ArcanumButton52);
                            end
                            HideUIPanel(OrderButton5);
						end
					</OnClick>
				</Scripts>
			</CheckButton>
			<CheckButton name="ArcanumMagicButton_Button" enableMouse="true" inherits="UICheckButtonTemplate" checked="false">
				<Size>
					<AbsDimension x="24" y="24"/>
				</Size>
				<Anchors>
					<Anchor point="TOPLEFT" relativeTo="ArcanumButtonOptionMenu" relativeFrom="TOPLEFT">
						<Offset>
							<AbsDimension x="30" y="-75"/>
						</Offset>
					</Anchor>
				</Anchors>
				<Scripts>
					<OnClick>
						if (this:GetChecked() and table.getn(MagicMenuCreate) > 0) then
							ArcanumConfig.MagicButton = true;
                            if ArcanumConfig.InterfaceVersion == 1 then
                                ShowUIPanel(ArcanumButton6);
                            else
                                ShowUIPanel(ArcanumButton61);
                                ShowUIPanel(ArcanumButton62);
                            end
                            ShowUIPanel(OrderButton6);
						else
							ArcanumConfig.MagicButton = false;
                            if ArcanumConfig.InterfaceVersion == 1 then
                                HideUIPanel(ArcanumButton6);
                            else
                                HideUIPanel(ArcanumButton61);
                                HideUIPanel(ArcanumButton62);
                            end
                            HideUIPanel(OrderButton6);
						end
					</OnClick>
				</Scripts>
			</CheckButton>
			<CheckButton name="ArcanumPortalButton_Button" enableMouse="true" inherits="UICheckButtonTemplate" checked="false">
				<Size>
					<AbsDimension x="24" y="24"/>
				</Size>
				<Anchors>
					<Anchor point="TOPLEFT" relativeTo="ArcanumButtonOptionMenu" relativeFrom="TOPLEFT">
						<Offset>
							<AbsDimension x="30" y="-95"/>
						</Offset>
					</Anchor>
				</Anchors>
				<Scripts>
					<OnClick>
						if (this:GetChecked() and table.getn(PortalMenuCreate) > 0) then
							ArcanumConfig.PortalButton = true;
                            if ArcanumConfig.InterfaceVersion == 1 then
                                ShowUIPanel(ArcanumButton8);
                                ShowUIPanel(OrderButton8);
                            else
                                ShowUIPanel(ArcanumButton81);
                                ShowUIPanel(ArcanumButton91);
                                ShowUIPanel(ArcanumButton101);
                                ShowUIPanel(ArcanumButton82);
                                ShowUIPanel(ArcanumButton92);
                                ShowUIPanel(ArcanumButton102);
                                ShowUIPanel(OrderButton8);
                                ShowUIPanel(OrderButton9);
                                ShowUIPanel(OrderButton10);
                            end
						else
							ArcanumConfig.PortalButton = false;
                            if ArcanumConfig.InterfaceVersion == 1 then
                                HideUIPanel(ArcanumButton8);
                                HideUIPanel(OrderButton8);
                            else
                                HideUIPanel(ArcanumButton81);
                                HideUIPanel(ArcanumButton91);
                                HideUIPanel(ArcanumButton101);
                                HideUIPanel(ArcanumButton82);
                                HideUIPanel(ArcanumButton92);
                                HideUIPanel(ArcanumButton102);
                                HideUIPanel(OrderButton8);
                                HideUIPanel(OrderButton9);
                                HideUIPanel(OrderButton10);
                            end
						end
					</OnClick>
				</Scripts>
			</CheckButton>
			<CheckButton name="ArcanumMountButton_Button" enableMouse="true" inherits="UICheckButtonTemplate" checked="false">
				<Size>
					<AbsDimension x="24" y="24"/>
				</Size>
				<Anchors>
					<Anchor point="TOPLEFT" relativeTo="ArcanumButtonOptionMenu" relativeFrom="TOPLEFT">
						<Offset>
							<AbsDimension x="30" y="-115"/>
						</Offset>
					</Anchor>
				</Anchors>
				<Scripts>
					<OnClick>
						if (this:GetChecked() and table.getn(MountMenuCreate) > 0) then
                            ArcanumConfig.MountButton = true;
                            ShowUIPanel(ArcanumButton7);
                            ShowUIPanel(OrderButton7);
						else
							ArcanumConfig.MountButton = false;
                            HideUIPanel(ArcanumButton7);
                            HideUIPanel(OrderButton7);
						end
					</OnClick>
				</Scripts>
			</CheckButton>
			<CheckButton name="ArcanumFoodButton_Button" enableMouse="true" inherits="UICheckButtonTemplate" checked="false">
				<Size>
					<AbsDimension x="24" y="24"/>
				</Size>
				<Anchors>
					<Anchor point="TOPLEFT" relativeTo="ArcanumButtonOptionMenu" relativeFrom="TOPLEFT">
						<Offset>
							<AbsDimension x="30" y="-135"/>
						</Offset>
					</Anchor>
				</Anchors>
				<Scripts>
					<OnClick>
						if (this:GetChecked() and ARCANUM_SPELL_TABLE.ID[8] ~=nil) then
							ArcanumConfig.FoodButton = true;
                            ShowUIPanel(ArcanumButton1);
                            ShowUIPanel(OrderButton1);
						else
							ArcanumConfig.FoodButton = false;
                            HideUIPanel(ArcanumButton1);
                            HideUIPanel(OrderButton1);
						end
					</OnClick>
				</Scripts>
			</CheckButton>
			<CheckButton name="ArcanumWaterButton_Button" enableMouse="true" inherits="UICheckButtonTemplate" checked="false">
				<Size>
					<AbsDimension x="24" y="24"/>
				</Size>
				<Anchors>
					<Anchor point="TOPLEFT" relativeTo="ArcanumButtonOptionMenu" relativeFrom="TOPLEFT">
						<Offset>
							<AbsDimension x="30" y="-155"/>
						</Offset>
					</Anchor>
				</Anchors>
				<Scripts>
					<OnClick>
						if (this:GetChecked() and ARCANUM_SPELL_TABLE.ID[9] ~=nil) then
							ArcanumConfig.WaterButton = true;
                            ShowUIPanel(ArcanumButton2);
                            ShowUIPanel(OrderButton2);
						else
							ArcanumConfig.WaterButton = false;
                            HideUIPanel(ArcanumButton2);
                            HideUIPanel(OrderButton2);
						end
					</OnClick>
				</Scripts>
			</CheckButton>
			<CheckButton name="ArcanumManaGemButton_Button" enableMouse="true" inherits="UICheckButtonTemplate" checked="false">
				<Size>
					<AbsDimension x="24" y="24"/>
				</Size>
				<Anchors>
					<Anchor point="TOPLEFT" relativeTo="ArcanumButtonOptionMenu" relativeFrom="TOPLEFT">
						<Offset>
							<AbsDimension x="30" y="-175"/>
						</Offset>
					</Anchor>
				</Anchors>
				<Scripts>
					<OnClick>
						if (this:GetChecked() and (ARCANUM_SPELL_TABLE.ID[49] ~= nil or ARCANUM_SPELL_TABLE.ID[50] ~= nil or ARCANUM_SPELL_TABLE.ID[51] ~= nil or ARCANUM_SPELL_TABLE.ID[52] ~= nil)) then
							ArcanumConfig.ManaGemButton = true;
                            ShowUIPanel(ArcanumButton3);
                            ShowUIPanel(OrderButton3);
						else
							ArcanumConfig.ManaGemButton = false;
                            HideUIPanel(ArcanumButton3);
                            HideUIPanel(OrderButton3);
						end
					</OnClick>
				</Scripts>
			</CheckButton>
            <CheckButton name="ArcanumJobButton_Button" enableMouse="true" inherits="UICheckButtonTemplate" checked="false">
				<Size>
					<AbsDimension x="24" y="24"/>
				</Size>
				<Anchors>
					<Anchor point="TOPLEFT" relativeTo="ArcanumButtonOptionMenu" relativeFrom="TOPLEFT">
						<Offset>
							<AbsDimension x="30" y="-195"/>
						</Offset>
					</Anchor>
				</Anchors>
				<Scripts>
					<OnClick>
						if (this:GetChecked() and table.getn(JobMenuCreate) > 0) then
							ArcanumConfig.JobButton = true;
                            if ArcanumConfig.InterfaceVersion == 1 then
                                ShowUIPanel(ArcanumButton9);
                                ShowUIPanel(OrderButton9);
                            end
						else
							ArcanumConfig.JobButton = false;
                            if ArcanumConfig.InterfaceVersion == 1 then
                                HideUIPanel(ArcanumButton9);
                                HideUIPanel(OrderButton9);
                            end
						end
					</OnClick>
				</Scripts>
			</CheckButton>
            <CheckButton name="ArcanumWardButton_Button" enableMouse="true" inherits="UICheckButtonTemplate" checked="false">
				<Size>
					<AbsDimension x="24" y="24"/>
				</Size>
				<Anchors>
					<Anchor point="TOPLEFT" relativeTo="ArcanumButtonOptionMenu" relativeFrom="TOPLEFT">
						<Offset>
							<AbsDimension x="30" y="-215"/>
						</Offset>
					</Anchor>
				</Anchors>
				<Scripts>
					<OnClick>
						if (this:GetChecked() and table.getn(WardMenuCreate) > 0) then
							ArcanumConfig.WardButton = true;
                            if ArcanumConfig.InterfaceVersion == 1 then
                                ShowUIPanel(ArcanumButton10);
                                ShowUIPanel(OrderButton10);
                            end
						else
							ArcanumConfig.WardButton = false;
                            if ArcanumConfig.InterfaceVersion == 1 then
                                HideUIPanel(ArcanumButton10);
                                HideUIPanel(OrderButton10);
                            end
						end
					</OnClick>
				</Scripts>
			</CheckButton>
            
            <Button name="ArcanumOrderButton" virtual="true">
                <Size>
                    <AbsDimension x="44" y="44"/>
                </Size>
                <Anchors>
                    <Anchor point="TOPLEFT" relativeTo="ArcanumButtonOptionMenu" relativePoint="TOPLEFT">
                        <Offset>
							<AbsDimension x="240" y="-80"/>
						</Offset>
                    </Anchor>
                </Anchors>
                <Layers>
                    <Layer level="BACKGROUND">
                        <Texture name="ArcanumOrderButtonTexture">
                            <Size>
                                <AbsDimension x="44" y="44"/>
                            </Size>					
                            <Anchors>
                                <Anchor point="CENTER" relativeTo="ArcanumOrderButton" relativeFrom="CENTER">
                                    <Offset>
                                        <AbsDimension x="0" y="0"/>
                                    </Offset>
                                </Anchor>
                            </Anchors>
                        </Texture>
                    </Layer>
                    <Layer level="BACKGROUND">
                        <Texture name="ArcanumOrderButtonTexture2">
                            <Size>
                                <AbsDimension x="44" y="44"/>
                            </Size>					
                            <Anchors>
                                <Anchor point="CENTER" relativeTo="ArcanumOrderButton" relativeFrom="CENTER">
                                    <Offset>
                                        <AbsDimension x="0" y="0"/>
                                    </Offset>
                                </Anchor>
                            </Anchors>
                        </Texture>
                    </Layer>
                    <Layer level="BACKGROUND">
                        <Texture name="ArcanumOrderButtonTexture3">
                            <Size>
                                <AbsDimension x="44" y="44"/>
                            </Size>					
                            <Anchors>
                                <Anchor point="CENTER" relativeTo="ArcanumOrderButton" relativeFrom="CENTER">
                                    <Offset>
                                        <AbsDimension x="0" y="0"/>
                                    </Offset>
                                </Anchor>
                            </Anchors>
                        </Texture>
                    </Layer>
                </Layers>
            </Button>
            <Button name="OrderButton1" virtual="true">
                <Size>
                    <AbsDimension x="24" y="24"/>
                </Size>
                <Anchors>
                    <Anchor point="CENTER" relativeTo="ArcanumOrderButton" relativePoint="CENTER">
                        <Offset>
							<AbsDimension x="-19" y="26"/>
						</Offset>
                    </Anchor>
                </Anchors>
                <Layers>
                   <Layer level="BACKGROUND">
                        <Texture name="OrderButton1Texture">
                            <Size>
                                <AbsDimension x="16" y="16"/>
                            </Size>					
                            <Anchors>
                                <Anchor point="CENTER" relativeTo="OrderButton1" relativeFrom="CENTER">
                                    <Offset>
                                        <AbsDimension x="0" y="0"/>
                                    </Offset>
                                </Anchor>
                            </Anchors>
                        </Texture>
                    </Layer>
                    <Layer level="OVERLAY">
                        <Texture name="OrderButton1Texture2">
                            <Size>
                                <AbsDimension x="24" y="24"/>
                            </Size>					
                            <Anchors>
                                <Anchor point="CENTER" relativeTo="OrderButton1" relativeFrom="CENTER">
                                    <Offset>
                                        <AbsDimension x="0" y="0"/>
                                    </Offset>
                                </Anchor>
                            </Anchors>
                        </Texture>
                    </Layer>
                </Layers>
                <Scripts>
                    <OnEnter>
                        Arcanum_ButtonMouseOver(11);
                    </OnEnter>
                    <OnClick>
                        Arcanum_SelectButtonOrder(1);
                    </OnClick>
                    <OnLeave>
                        Arcanum_ButtonNormal(11);
                    </OnLeave>
                </Scripts>
            </Button>
            <Button name="OrderButton2" virtual="true">
                <Size>
                    <AbsDimension x="24" y="24"/>
                </Size>
                <Anchors>
                    <Anchor point="CENTER" relativeTo="ArcanumOrderButton" relativePoint="CENTER">
                        <Offset>
							<AbsDimension x="0" y="32"/>
						</Offset>
                    </Anchor>
                </Anchors>
                <Layers>
                    <Layer level="BACKGROUND">
                        <Texture name="OrderButton2Texture">
                            <Size>
                                <AbsDimension x="16" y="16"/>
                            </Size>					
                            <Anchors>
                                <Anchor point="CENTER" relativeTo="OrderButton2" relativeFrom="CENTER">
                                    <Offset>
                                        <AbsDimension x="0" y="0"/>
                                    </Offset>
                                </Anchor>
                            </Anchors>
                        </Texture>
                    </Layer>
                    <Layer level="OVERLAY">
                        <Texture name="OrderButton2Texture2">
                            <Size>
                                <AbsDimension x="24" y="24"/>
                            </Size>					
                            <Anchors>
                                <Anchor point="CENTER" relativeTo="OrderButton2" relativeFrom="CENTER">
                                    <Offset>
                                        <AbsDimension x="0" y="0"/>
                                    </Offset>
                                </Anchor>
                            </Anchors>
                        </Texture>
                    </Layer>
                </Layers>
                <Scripts>
                    <OnEnter>
                        Arcanum_ButtonMouseOver(12);
                    </OnEnter>
                    <OnClick>
                        Arcanum_SelectButtonOrder(2);
                    </OnClick>
                    <OnLeave>
                        Arcanum_ButtonNormal(12);
                    </OnLeave>
                </Scripts>
            </Button>
            <Button name="OrderButton3" virtual="true">
                <Size>
                    <AbsDimension x="24" y="24"/>
                </Size>
                <Anchors>
                    <Anchor point="CENTER" relativeTo="ArcanumOrderButton" relativePoint="CENTER">
                        <Offset>
							<AbsDimension x="19" y="26"/>
						</Offset>
                    </Anchor>
                </Anchors>
                <Layers>
                    <Layer level="BACKGROUND">
                        <Texture name="OrderButton3Texture">
                            <Size>
                                <AbsDimension x="16" y="16"/>
                            </Size>					
                            <Anchors>
                                <Anchor point="CENTER" relativeTo="OrderButton3" relativeFrom="CENTER">
                                    <Offset>
                                        <AbsDimension x="0" y="0"/>
                                    </Offset>
                                </Anchor>
                            </Anchors>
                        </Texture>
                    </Layer>
                    <Layer level="OVERLAY">
                        <Texture name="OrderButton3Texture2">
                            <Size>
                                <AbsDimension x="24" y="24"/>
                            </Size>					
                            <Anchors>
                                <Anchor point="CENTER" relativeTo="OrderButton3" relativeFrom="CENTER">
                                    <Offset>
                                        <AbsDimension x="0" y="0"/>
                                    </Offset>
                                </Anchor>
                            </Anchors>
                        </Texture>
                    </Layer>
                </Layers>
                <Scripts>
                    <OnEnter>
                        Arcanum_ButtonMouseOver(13);
                    </OnEnter>
                    <OnClick>
                        Arcanum_SelectButtonOrder(3);
                    </OnClick>
                    <OnLeave>
                        Arcanum_ButtonNormal(13);
                    </OnLeave>
                </Scripts>
            </Button>
            <Button name="OrderButton4" virtual="true">
                <Size>
                    <AbsDimension x="24" y="24"/>
                </Size>
                <Anchors>
                    <Anchor point="CENTER" relativeTo="ArcanumOrderButton" relativePoint="CENTER">
                        <Offset>
							<AbsDimension x="30" y="10"/>
						</Offset>
                    </Anchor>
                </Anchors>
                <Layers>
                    <Layer level="BACKGROUND">
                        <Texture name="OrderButton4Texture">
                            <Size>
                                <AbsDimension x="16" y="16"/>
                            </Size>					
                            <Anchors>
                                <Anchor point="CENTER" relativeTo="OrderButton4" relativeFrom="CENTER">
                                    <Offset>
                                        <AbsDimension x="0" y="0"/>
                                    </Offset>
                                </Anchor>
                            </Anchors>
                        </Texture>
                    </Layer>
                    <Layer level="OVERLAY">
                        <Texture name="OrderButton4Texture2">
                            <Size>
                                <AbsDimension x="24" y="24"/>
                            </Size>					
                            <Anchors>
                                <Anchor point="CENTER" relativeTo="OrderButton4" relativeFrom="CENTER">
                                    <Offset>
                                        <AbsDimension x="0" y="0"/>
                                    </Offset>
                                </Anchor>
                            </Anchors>
                        </Texture>
                    </Layer>
                </Layers>
                <Scripts>
                    <OnEnter>
                        Arcanum_ButtonMouseOver(14);
                    </OnEnter>
                    <OnClick>
                        Arcanum_SelectButtonOrder(4);
                    </OnClick>
                    <OnLeave>
                        Arcanum_ButtonNormal(14);
                    </OnLeave>
                </Scripts>
            </Button>
            <Button name="OrderButton5" virtual="true">
                <Size>
                    <AbsDimension x="24" y="24"/>
                </Size>
                <Anchors>
                    <Anchor point="CENTER" relativeTo="ArcanumOrderButton" relativePoint="CENTER">
                        <Offset>
							<AbsDimension x="30" y="-10"/>
						</Offset>
                    </Anchor>
                </Anchors>
                <Layers>
                    <Layer level="BACKGROUND">
                        <Texture name="OrderButton5Texture">
                            <Size>
                                <AbsDimension x="16" y="16"/>
                            </Size>					
                            <Anchors>
                                <Anchor point="CENTER" relativeTo="OrderButton5" relativeFrom="CENTER">
                                    <Offset>
                                        <AbsDimension x="0" y="0"/>
                                    </Offset>
                                </Anchor>
                            </Anchors>
                        </Texture>
                    </Layer>
                    <Layer level="OVERLAY">
                        <Texture name="OrderButton5Texture2">
                            <Size>
                                <AbsDimension x="24" y="24"/>
                            </Size>					
                            <Anchors>
                                <Anchor point="CENTER" relativeTo="OrderButton5" relativeFrom="CENTER">
                                    <Offset>
                                        <AbsDimension x="0" y="0"/>
                                    </Offset>
                                </Anchor>
                            </Anchors>
                        </Texture>
                    </Layer>
                </Layers>
                <Scripts>
                    <OnEnter>
                        Arcanum_ButtonMouseOver(15);
                    </OnEnter>
                    <OnClick>
                        Arcanum_SelectButtonOrder(5);
                    </OnClick>
                    <OnLeave>
                        Arcanum_ButtonNormal(15);
                    </OnLeave>
                </Scripts>
            </Button>
            <Button name="OrderButton6" virtual="true">
                <Size>
                    <AbsDimension x="24" y="24"/>
                </Size>
                <Anchors>
                    <Anchor point="CENTER" relativeTo="ArcanumOrderButton" relativePoint="CENTER">
                        <Offset>
							<AbsDimension x="19" y="-26"/>
						</Offset>
                    </Anchor>
                </Anchors>
                <Layers>
                    <Layer level="BACKGROUND">
                        <Texture name="OrderButton6Texture">
                            <Size>
                                <AbsDimension x="16" y="16"/>
                            </Size>					
                            <Anchors>
                                <Anchor point="CENTER" relativeTo="OrderButton6" relativeFrom="CENTER">
                                    <Offset>
                                        <AbsDimension x="0" y="0"/>
                                    </Offset>
                                </Anchor>
                            </Anchors>
                        </Texture>
                    </Layer>
                    <Layer level="OVERLAY">
                        <Texture name="OrderButton6Texture2">
                            <Size>
                                <AbsDimension x="24" y="24"/>
                            </Size>					
                            <Anchors>
                                <Anchor point="CENTER" relativeTo="OrderButton6" relativeFrom="CENTER">
                                    <Offset>
                                        <AbsDimension x="0" y="0"/>
                                    </Offset>
                                </Anchor>
                            </Anchors>
                        </Texture>
                    </Layer>
                </Layers>
                <Scripts>
                    <OnEnter>
                        Arcanum_ButtonMouseOver(16);
                    </OnEnter>
                    <OnClick>
                        Arcanum_SelectButtonOrder(6);
                    </OnClick>
                    <OnLeave>
                        Arcanum_ButtonNormal(16);
                    </OnLeave>
                </Scripts>
            </Button>
            <Button name="OrderButton7" virtual="true">
                <Size>
                    <AbsDimension x="24" y="24"/>
                </Size>
                <Anchors>
                    <Anchor point="CENTER" relativeTo="ArcanumOrderButton" relativePoint="CENTER">
                        <Offset>
							<AbsDimension x="0" y="-32"/>
						</Offset>
                    </Anchor>
                </Anchors>
                <Layers>
                    <Layer level="BACKGROUND">
                        <Texture name="OrderButton7Texture">
                            <Size>
                                <AbsDimension x="16" y="16"/>
                            </Size>					
                            <Anchors>
                                <Anchor point="CENTER" relativeTo="OrderButton7" relativeFrom="CENTER">
                                    <Offset>
                                        <AbsDimension x="0" y="0"/>
                                    </Offset>
                                </Anchor>
                            </Anchors>
                        </Texture>
                    </Layer>
                    <Layer level="OVERLAY">
                        <Texture name="OrderButton7Texture2">
                            <Size>
                                <AbsDimension x="24" y="24"/>
                            </Size>					
                            <Anchors>
                                <Anchor point="CENTER" relativeTo="OrderButton7" relativeFrom="CENTER">
                                    <Offset>
                                        <AbsDimension x="0" y="0"/>
                                    </Offset>
                                </Anchor>
                            </Anchors>
                        </Texture>
                    </Layer>
                </Layers>
                <Scripts>
                    <OnEnter>
                        Arcanum_ButtonMouseOver(17);
                    </OnEnter>
                    <OnClick>
                        Arcanum_SelectButtonOrder(7);
                    </OnClick>
                    <OnLeave>
                        Arcanum_ButtonNormal(17);
                    </OnLeave>
                </Scripts>
            </Button>
            <Button name="OrderButton8" virtual="true">
                <Size>
                    <AbsDimension x="24" y="24"/>
                </Size>
                <Anchors>
                    <Anchor point="CENTER" relativeTo="ArcanumOrderButton" relativePoint="CENTER">
                        <Offset>
							<AbsDimension x="-19" y="-26"/>
						</Offset>
                    </Anchor>
                </Anchors>
                <Layers>
                    <Layer level="BACKGROUND">
                        <Texture name="OrderButton8Texture">
                            <Size>
                                <AbsDimension x="16" y="16"/>
                            </Size>					
                            <Anchors>
                                <Anchor point="CENTER" relativeTo="OrderButton8" relativeFrom="CENTER">
                                    <Offset>
                                        <AbsDimension x="0" y="0"/>
                                    </Offset>
                                </Anchor>
                            </Anchors>
                        </Texture>
                    </Layer>
                    <Layer level="OVERLAY">
                        <Texture name="OrderButton8Texture2">
                            <Size>
                                <AbsDimension x="24" y="24"/>
                            </Size>					
                            <Anchors>
                                <Anchor point="CENTER" relativeTo="OrderButton8" relativeFrom="CENTER">
                                    <Offset>
                                        <AbsDimension x="0" y="0"/>
                                    </Offset>
                                </Anchor>
                            </Anchors>
                        </Texture>
                    </Layer>
                </Layers>
                <Scripts>
                    <OnEnter>
                        Arcanum_ButtonMouseOver(18);
                    </OnEnter>
                    <OnClick>
                        Arcanum_SelectButtonOrder(8);
                    </OnClick>
                    <OnLeave>
                        Arcanum_ButtonNormal(18);
                    </OnLeave>
                </Scripts>
            </Button>
            <Button name="OrderButton9" virtual="true">
                <Size>
                    <AbsDimension x="24" y="24"/>
                </Size>
                <Anchors>
                    <Anchor point="CENTER" relativeTo="ArcanumOrderButton" relativePoint="CENTER">
                        <Offset>
							<AbsDimension x="-30" y="-10"/>
						</Offset>
                    </Anchor>
                </Anchors>
                <Layers>
                    <Layer level="BACKGROUND">
                        <Texture name="OrderButton9Texture">
                            <Size>
                                <AbsDimension x="16" y="16"/>
                            </Size>					
                            <Anchors>
                                <Anchor point="CENTER" relativeTo="OrderButton9" relativeFrom="CENTER">
                                    <Offset>
                                        <AbsDimension x="0" y="0"/>
                                    </Offset>
                                </Anchor>
                            </Anchors>
                        </Texture>
                    </Layer>
                    <Layer level="OVERLAY">
                        <Texture name="OrderButton9Texture2">
                            <Size>
                                <AbsDimension x="24" y="24"/>
                            </Size>					
                            <Anchors>
                                <Anchor point="CENTER" relativeTo="OrderButton9" relativeFrom="CENTER">
                                    <Offset>
                                        <AbsDimension x="0" y="0"/>
                                    </Offset>
                                </Anchor>
                            </Anchors>
                        </Texture>
                    </Layer>
                </Layers>
                <Scripts>
                    <OnEnter>
                        Arcanum_ButtonMouseOver(19);
                    </OnEnter>
                    <OnClick>
                        Arcanum_SelectButtonOrder(9);
                    </OnClick>
                    <OnLeave>
                        Arcanum_ButtonNormal(19);
                    </OnLeave>
                </Scripts>
            </Button>
            <Button name="OrderButton10" virtual="true">
                <Size>
                    <AbsDimension x="24" y="24"/>
                </Size>
                <Anchors>
                    <Anchor point="CENTER" relativeTo="ArcanumOrderButton" relativePoint="CENTER">
                        <Offset>
							<AbsDimension x="-30" y="10"/>
						</Offset>
                    </Anchor>
                </Anchors>
                <Layers>
                    <Layer level="BACKGROUND">
                        <Texture name="OrderButton10Texture">
                            <Size>
                                <AbsDimension x="16" y="16"/>
                            </Size>					
                            <Anchors>
                                <Anchor point="CENTER" relativeTo="OrderButton10" relativeFrom="CENTER">
                                    <Offset>
                                        <AbsDimension x="0" y="0"/>
                                    </Offset>
                                </Anchor>
                            </Anchors>
                        </Texture>
                    </Layer>
                    <Layer level="OVERLAY">
                        <Texture name="OrderButton10Texture2">
                            <Size>
                                <AbsDimension x="24" y="24"/>
                            </Size>					
                            <Anchors>
                                <Anchor point="CENTER" relativeTo="OrderButton10" relativeFrom="CENTER">
                                    <Offset>
                                        <AbsDimension x="0" y="0"/>
                                    </Offset>
                                </Anchor>
                            </Anchors>
                        </Texture>
                    </Layer>
                </Layers>
                <Scripts>
                    <OnEnter>
                        Arcanum_ButtonMouseOver(20);
                    </OnEnter>
                    <OnClick>
                        Arcanum_SelectButtonOrder(10);
                    </OnClick>
                    <OnLeave>
                        Arcanum_ButtonNormal(20);
                    </OnLeave>
                </Scripts>
            </Button>
            <Button name="SwitchLeft">
                <Size>
                    <AbsDimension x="29" y="29"/>
                </Size>
                <Anchors>
                    <Anchor point="TOPRIGHT" relativeTo="ArcanumButtonOptionMenu" relativePoint="TOPLEFT">
                        <Offset>
							<AbsDimension x="260" y="-150"/>
						</Offset>
                    </Anchor>
                </Anchors>
                <NormalTexture file="Interface\Buttons\UI-RotationLeft-Button-Up"/>
                <PushedTexture file="Interface\Buttons\UI-RotationLeft-Button-Down"/>
                <Scripts>
                    <OnClick>
                        Arcanum_SwitchButtonOrder(-1);
                    </OnClick>
                </Scripts>
            </Button>
            <Button name="SwitchRight">
                <Size>
                    <AbsDimension x="29" y="29"/>
                </Size>
                <Anchors>
                    <Anchor point="TOPRIGHT" relativeTo="ArcanumButtonOptionMenu" relativePoint="TOPLEFT">
                        <Offset>
							<AbsDimension x="290" y="-150"/>
						</Offset>
                    </Anchor>
                </Anchors>
                <NormalTexture file="Interface\Buttons\UI-RotationRight-Button-Up"/>
                <PushedTexture file="Interface\Buttons\UI-RotationRight-Button-Down"/>
                <Scripts>
                    <OnClick>
                        Arcanum_SwitchButtonOrder(1);
                    </OnClick>
                </Scripts>
            </Button>
            
            
            <Frame name="ArcanumLeftClickDropDown" inherits="UIDropDownMenuTemplate">
                <Anchors>
					<Anchor point="TOPRIGHT" relativeTo="ArcanumButtonOptionMenu" relativeFrom="TOPLEFT">
						<Offset>
							<AbsDimension x="0" y="-245"/>
						</Offset>
					</Anchor>
				</Anchors>
                <Layers>
					<Layer level="ARTWORK">
					<FontString name="ArcanumLeftClick" inherits="GameFontNormalSmall">
						<Anchors>
							<Anchor point="TOPLEFT" relativeTo="ArcanumButtonOptionMenu" relativeFrom="TOPLEFT">
								<Offset>
									<AbsDimension x="30" y="-250"/>
								</Offset>
							</Anchor>
						</Anchors>
					</FontString>
					</Layer>
				</Layers>
				<Scripts>
					<OnLoad>
						UIDropDownMenu_SetWidth(200);
					</OnLoad>
					<OnShow>
						UIDropDownMenu_Initialize(this, ArcanumLeftClickDropDown_Initialize);
					</OnShow>
				</Scripts>
			</Frame>
            <Frame name="ArcanumMiddleClickDropDown" inherits="UIDropDownMenuTemplate">
                <Anchors>
					<Anchor point="TOPRIGHT" relativeTo="ArcanumButtonOptionMenu" relativeFrom="TOPLEFT">
						<Offset>
							<AbsDimension x="0" y="-265"/>
						</Offset>
					</Anchor>
				</Anchors>
                <Layers>
					<Layer level="ARTWORK">
					<FontString name="ArcanumMiddleClick" inherits="GameFontNormalSmall">
						<Anchors>
							<Anchor point="TOPLEFT" relativeTo="ArcanumButtonOptionMenu" relativeFrom="TOPLEFT">
								<Offset>
									<AbsDimension x="30" y="-270"/>
								</Offset>
							</Anchor>
						</Anchors>
					</FontString>
					</Layer>
				</Layers>
				<Scripts>
					<OnLoad>
						UIDropDownMenu_SetWidth(200);
					</OnLoad>
					<OnShow>
						UIDropDownMenu_Initialize(this, ArcanumMiddleClickDropDown_Initialize);
					</OnShow>
				</Scripts>
			</Frame>
            <Frame name="ArcanumRightClickDropDown" inherits="UIDropDownMenuTemplate">
                <Anchors>
					<Anchor point="TOPRIGHT" relativeTo="ArcanumButtonOptionMenu" relativeFrom="TOPLEFT">
						<Offset>
							<AbsDimension x="0" y="-285"/>
						</Offset>
					</Anchor>
				</Anchors>
                <Layers>
					<Layer level="ARTWORK">
					<FontString name="ArcanumRightClick" inherits="GameFontNormalSmall">
						<Anchors>
							<Anchor point="TOPLEFT" relativeTo="ArcanumButtonOptionMenu" relativeFrom="TOPLEFT">
								<Offset>
									<AbsDimension x="30" y="-290"/>
								</Offset>
							</Anchor>
						</Anchors>
					</FontString>
					</Layer>
				</Layers>
				<Scripts>
					<OnLoad>
						UIDropDownMenu_SetWidth(200);
					</OnLoad>
					<OnShow>
						UIDropDownMenu_Initialize(this, ArcanumRightClickDropDown_Initialize);
					</OnShow>
				</Scripts>
			</Frame>
        </Frames>
		<Scripts>
			<OnLoad>
				HideUIPanel(ArcanumButtonOptionMenu);
			</OnLoad>
		</Scripts>
	</Frame>
</Ui>
