<Ui xmlns="http://www.blizzard.com/wow/ui/" xmlns:xsi="http://www.w3.org/2001/XMLSchema-instance" xsi:schemaLocation="http://www.blizzard.com/wow/ui/..\FrameXML\UI.xsd">

	<Frame name="ArcanumMenuOptionMenu" frameStrata="DIALOG" movable="false" enableMouse="true" parent="ArcanumGeneralFrame">
		<Size>
			<AbsDimension x="350" y="452"/>
		</Size>
		<Anchors>
			<Anchor point="BOTTOMLEFT" relativeTo="ArcanumGeneralFrame"/>
		</Anchors>
		<HitRectInsets>
			<AbsInset left="0" right="35" top="0" bottom="75"/>
		</HitRectInsets>
		<Layers>
			<Layer level="ARTWORK">	
				<FontString name="ArcanumMenuPosition_Section" inherits="GameFontNormalSmall">
					<Color r="1.0" g="1.0" b="1.0" a="1"/>
					<Anchors>
						<Anchor point="TOPLEFT" relativeTo="ArcanumMenuOptionMenu" relativeFrom="TOPLEFT">
							<Offset>
								<AbsDimension x="30" y="-40"/>
							</Offset>
						</Anchor>
					</Anchors>
				</FontString>
			</Layer>
		</Layers>
		<Frames>
            <Frame name="ArcanumBuffMenuDropDown" inherits="UIDropDownMenuTemplate">
                <Anchors>
					<Anchor point="TOPRIGHT" relativeTo="ArcanumMenuOptionMenu" relativeFrom="TOPLEFT">
						<Offset>
							<AbsDimension x="0" y="-55"/>
						</Offset>
					</Anchor>
				</Anchors>
                <Layers>
					<Layer level="ARTWORK">
					<FontString name="ArcanumBuffMenu_Option" inherits="GameFontNormalSmall">
						<Anchors>
							<Anchor point="TOPLEFT" relativeTo="ArcanumMenuOptionMenu" relativeFrom="TOPLEFT">
								<Offset>
									<AbsDimension x="30" y="-60"/>
								</Offset>
							</Anchor>
						</Anchors>
					</FontString>
					</Layer>
				</Layers>
				<Scripts>
					<OnLoad>
						UIDropDownMenu_SetWidth(100);
					</OnLoad>
					<OnShow>
						UIDropDownMenu_Initialize(this, ArcanumBuffMenuDropDown_Initialize);
					</OnShow>
				</Scripts>
			</Frame>
            <Frame name="ArcanumArmorMenuDropDown" inherits="UIDropDownMenuTemplate">
                <Anchors>
					<Anchor point="TOPRIGHT" relativeTo="ArcanumMenuOptionMenu" relativeFrom="TOPLEFT">
						<Offset>
							<AbsDimension x="0" y="-75"/>
						</Offset>
					</Anchor>
				</Anchors>
                <Layers>
					<Layer level="ARTWORK">
					<FontString name="ArcanumArmorMenu_Option" inherits="GameFontNormalSmall">
						<Anchors>
							<Anchor point="TOPLEFT" relativeTo="ArcanumMenuOptionMenu" relativeFrom="TOPLEFT">
								<Offset>
									<AbsDimension x="30" y="-80"/>
								</Offset>
							</Anchor>
						</Anchors>
					</FontString>
					</Layer>
				</Layers>
				<Scripts>
					<OnLoad>
						UIDropDownMenu_SetWidth(100);
					</OnLoad>
					<OnShow>
						UIDropDownMenu_Initialize(this, ArcanumArmorMenuDropDown_Initialize);
					</OnShow>
				</Scripts>
			</Frame>
            <Frame name="ArcanumMagicMenuDropDown" inherits="UIDropDownMenuTemplate">
                <Anchors>
					<Anchor point="TOPRIGHT" relativeTo="ArcanumMenuOptionMenu" relativeFrom="TOPLEFT">
						<Offset>
							<AbsDimension x="0" y="-95"/>
						</Offset>
					</Anchor>
				</Anchors>
                <Layers>
					<Layer level="ARTWORK">
					<FontString name="ArcanumMagicMenu_Option" inherits="GameFontNormalSmall">
						<Anchors>
							<Anchor point="TOPLEFT" relativeTo="ArcanumMenuOptionMenu" relativeFrom="TOPLEFT">
								<Offset>
									<AbsDimension x="30" y="-100"/>
								</Offset>
							</Anchor>
						</Anchors>
					</FontString>
					</Layer>
				</Layers>
				<Scripts>
					<OnLoad>
						UIDropDownMenu_SetWidth(100);
					</OnLoad>
					<OnShow>
						UIDropDownMenu_Initialize(this, ArcanumMagicMenuDropDown_Initialize);
					</OnShow>
				</Scripts>
			</Frame>
            <Frame name="ArcanumPortalMenuDropDown" inherits="UIDropDownMenuTemplate">
                <Anchors>
					<Anchor point="TOPRIGHT" relativeTo="ArcanumMenuOptionMenu" relativeFrom="TOPLEFT">
						<Offset>
							<AbsDimension x="0" y="-115"/>
						</Offset>
					</Anchor>
				</Anchors>
                <Layers>
					<Layer level="ARTWORK">
					<FontString name="ArcanumPortalMenu_Option" inherits="GameFontNormalSmall">
						<Anchors>
							<Anchor point="TOPLEFT" relativeTo="ArcanumMenuOptionMenu" relativeFrom="TOPLEFT">
								<Offset>
									<AbsDimension x="30" y="-120"/>
								</Offset>
							</Anchor>
						</Anchors>
					</FontString>
					</Layer>
				</Layers>
				<Scripts>
					<OnLoad>
						UIDropDownMenu_SetWidth(100);
					</OnLoad>
					<OnShow>
						UIDropDownMenu_Initialize(this, ArcanumPortalMenuDropDown_Initialize);
					</OnShow>
				</Scripts>
			</Frame>
            <Frame name="ArcanumMountMenuDropDown" inherits="UIDropDownMenuTemplate">
                <Anchors>
					<Anchor point="TOPRIGHT" relativeTo="ArcanumMenuOptionMenu" relativeFrom="TOPLEFT">
						<Offset>
							<AbsDimension x="0" y="-135"/>
						</Offset>
					</Anchor>
				</Anchors>
                <Layers>
					<Layer level="ARTWORK">
					<FontString name="ArcanumMountMenu_Option" inherits="GameFontNormalSmall">
						<Anchors>
							<Anchor point="TOPLEFT" relativeTo="ArcanumMenuOptionMenu" relativeFrom="TOPLEFT">
								<Offset>
									<AbsDimension x="30" y="-140"/>
								</Offset>
							</Anchor>
						</Anchors>
					</FontString>
					</Layer>
				</Layers>
				<Scripts>
					<OnLoad>
						UIDropDownMenu_SetWidth(100);
					</OnLoad>
					<OnShow>
						UIDropDownMenu_Initialize(this, ArcanumMountMenuDropDown_Initialize);
					</OnShow>
				</Scripts>
			</Frame>
            <Frame name="ArcanumJobMenuDropDown" inherits="UIDropDownMenuTemplate">
                <Anchors>
					<Anchor point="TOPRIGHT" relativeTo="ArcanumMenuOptionMenu" relativeFrom="TOPLEFT">
						<Offset>
							<AbsDimension x="0" y="-155"/>
						</Offset>
					</Anchor>
				</Anchors>
                <Layers>
					<Layer level="ARTWORK">
					<FontString name="ArcanumJobMenu_Option" inherits="GameFontNormalSmall">
						<Anchors>
							<Anchor point="TOPLEFT" relativeTo="ArcanumMenuOptionMenu" relativeFrom="TOPLEFT">
								<Offset>
									<AbsDimension x="30" y="-160"/>
								</Offset>
							</Anchor>
						</Anchors>
					</FontString>
					</Layer>
				</Layers>
				<Scripts>
					<OnLoad>
						UIDropDownMenu_SetWidth(100);
					</OnLoad>
					<OnShow>
						UIDropDownMenu_Initialize(this, ArcanumJobMenuDropDown_Initialize);
					</OnShow>
				</Scripts>
			</Frame>
            <Frame name="ArcanumWardMenuDropDown" inherits="UIDropDownMenuTemplate">
                <Anchors>
					<Anchor point="TOPRIGHT" relativeTo="ArcanumMenuOptionMenu" relativeFrom="TOPLEFT">
						<Offset>
							<AbsDimension x="0" y="-175"/>
						</Offset>
					</Anchor>
				</Anchors>
                <Layers>
					<Layer level="ARTWORK">
					<FontString name="ArcanumWardMenu_Option" inherits="GameFontNormalSmall">
						<Anchors>
							<Anchor point="TOPLEFT" relativeTo="ArcanumMenuOptionMenu" relativeFrom="TOPLEFT">
								<Offset>
									<AbsDimension x="30" y="-180"/>
								</Offset>
							</Anchor>
						</Anchors>
					</FontString>
					</Layer>
				</Layers>
				<Scripts>
					<OnLoad>
						UIDropDownMenu_SetWidth(100);
					</OnLoad>
					<OnShow>
						UIDropDownMenu_Initialize(this, ArcanumWardMenuDropDown_Initialize);
					</OnShow>
				</Scripts>
			</Frame>
			<Slider name="ArcanumMenuScale_Slider" inherits="OptionsSliderTemplate" minValue="50" maxValue="150" valueStep="5" virtual="true">
				<Size>
					<AbsDimension x="150" y="16"/>
				</Size>
				<Anchors>
					<Anchor point="CENTER" relativeTo="ArcanumMenuOptionMenu" relativeFrom="TOP">
						<Offset>
							<AbsDimension x="0" y="-10"/>
						</Offset>
					</Anchor>
				</Anchors>
				<Scripts>
					<OnEnter>
						GameTooltip:SetOwner(this, "ANCHOR_RIGHT");
						GameTooltip:SetText(Arcanum_ColoredMsg(this:GetValue().." %"));
					</OnEnter>
					<OnValueChanged>
						if (this:GetValue() ~= ArcanumConfig.MenuScale) then
                           GameTooltip:SetText(Arcanum_ColoredMsg(this:GetValue().." %"));
                           ArcanumConfig.MenuScale = this:GetValue();
                           ArcanumButton4Menu1:SetScale(ArcanumConfig.MenuScale / 100);
                           ArcanumButton4Menu2:SetScale(ArcanumConfig.MenuScale / 100);
                           ArcanumButton5Menu1:SetScale(ArcanumConfig.MenuScale / 100);
                           ArcanumButton5Menu2:SetScale(ArcanumConfig.MenuScale / 100);
                           ArcanumButton5Menu3:SetScale(ArcanumConfig.MenuScale / 100);
                           ArcanumButton6Menu1:SetScale(ArcanumConfig.MenuScale / 100);
                           ArcanumButton6Menu2:SetScale(ArcanumConfig.MenuScale / 100);
                           ArcanumButton7Menu1:SetScale(ArcanumConfig.MenuScale / 100);
                           ArcanumButton7Menu2:SetScale(ArcanumConfig.MenuScale / 100);
                           ArcanumButton7Menu3:SetScale(ArcanumConfig.MenuScale / 100);
                           ArcanumButton7Menu4:SetScale(ArcanumConfig.MenuScale / 100);
                           ArcanumButton7Menu5:SetScale(ArcanumConfig.MenuScale / 100);
                           ArcanumButton7Menu6:SetScale(ArcanumConfig.MenuScale / 100);
                           ArcanumButton7Menu7:SetScale(ArcanumConfig.MenuScale / 100);
                           ArcanumButton7Menu8:SetScale(ArcanumConfig.MenuScale / 100);
                           ArcanumButton7Menu9:SetScale(ArcanumConfig.MenuScale / 100);
                           ArcanumButton7Menu10:SetScale(ArcanumConfig.MenuScale / 100);
                           ArcanumButton8Menu1:SetScale(ArcanumConfig.MenuScale / 100);
                           ArcanumButton8Menu2:SetScale(ArcanumConfig.MenuScale / 100);
                           ArcanumButton8Menu3:SetScale(ArcanumConfig.MenuScale / 100);
                           ArcanumButton8Menu4:SetScale(ArcanumConfig.MenuScale / 100);
                           ArcanumButton8Menu5:SetScale(ArcanumConfig.MenuScale / 100);
                           ArcanumButton8Menu6:SetScale(ArcanumConfig.MenuScale / 100);
                           ArcanumButton8Menu7:SetScale(ArcanumConfig.MenuScale / 100);
                           ArcanumButton8Menu8:SetScale(ArcanumConfig.MenuScale / 100);
                           ArcanumButton8Menu9:SetScale(ArcanumConfig.MenuScale / 100);
                           ArcanumButton8Menu10:SetScale(ArcanumConfig.MenuScale / 100);
                           ArcanumButton8Menu11:SetScale(ArcanumConfig.MenuScale / 100);
                           ArcanumButton8Menu12:SetScale(ArcanumConfig.MenuScale / 100);
                           ArcanumButton8Menu13:SetScale(ArcanumConfig.MenuScale / 100);                                                      
                           ArcanumButton9Menu1:SetScale(ArcanumConfig.MenuScale / 100);
                           ArcanumButton9Menu2:SetScale(ArcanumConfig.MenuScale / 100);
                           ArcanumButton9Menu3:SetScale(ArcanumConfig.MenuScale / 100);
                           ArcanumButton9Menu4:SetScale(ArcanumConfig.MenuScale / 100);
                           ArcanumButton9Menu5:SetScale(ArcanumConfig.MenuScale / 100);
                           ArcanumButton9Menu6:SetScale(ArcanumConfig.MenuScale / 100);
                           ArcanumButton9Menu7:SetScale(ArcanumConfig.MenuScale / 100);
                           ArcanumButton9Menu8:SetScale(ArcanumConfig.MenuScale / 100);
                           ArcanumButton10Menu1:SetScale(ArcanumConfig.MenuScale / 100);
                           ArcanumButton10Menu2:SetScale(ArcanumConfig.MenuScale / 100);
						end
					</OnValueChanged>
					<OnLeave>
						GameTooltip:Hide();
					</OnLeave>
				</Scripts>
			</Slider>
			<Slider name="ArcanumMenuPosition_Slider" inherits="OptionsSliderTemplate" minValue="50" maxValue="150" valueStep="5" virtual="true">
				<Size>
					<AbsDimension x="150" y="16"/>
				</Size>
				<Anchors>
					<Anchor point="CENTER" relativeTo="ArcanumMenuOptionMenu" relativeFrom="TOP">
						<Offset>
							<AbsDimension x="0" y="-50"/>
						</Offset>
					</Anchor>
				</Anchors>
				<Scripts>	
					<OnEnter>
						GameTooltip:SetOwner(this, "ANCHOR_RIGHT");
						GameTooltip:SetText(Arcanum_ColoredMsg(this:GetValue().." %"));
					</OnEnter>
					<OnValueChanged>
						if (this:GetValue() ~= ArcanumConfig.MenuPosition) then
							GameTooltip:SetText(Arcanum_ColoredMsg(this:GetValue().." %"));
							ArcanumConfig.MenuPosition = this:GetValue();
                            Arcanum_BuffMenu();
                            Arcanum_ArmorMenu();
                            Arcanum_MagicMenu();
                            Arcanum_MountMenu();
                            Arcanum_PortalMenu();
                            Arcanum_JobMenu();
                            Arcanum_WardMenu();
						end
					</OnValueChanged>
					<OnLeave>
						GameTooltip:Hide();
					</OnLeave>
				</Scripts>
			</Slider>
		</Frames>
		<Scripts>
			<OnLoad>
				HideUIPanel(ArcanumGraphOptionMenu);
			</OnLoad>
		</Scripts>
	</Frame>
</Ui>
