<Ui xmlns="http://www.blizzard.com/wow/ui/" xmlns:xsi="http://www.w3.org/2001/XMLSchema-instance" xsi:schemaLocation="http://www.blizzard.com/wow/ui/
..\FrameXML\UI.xsd">

	<!-- Default Frames Template -->
	<Frame name="KRTFrameTemplate" inherits="UIPanelDialogTemplate" parent="UIParent" movable="true" frameStrata="MEDIUM" toplevel="true" hidden="true" clampedToScreen="true" virtual="true">
		<Size><AbsDimension x="230" y="385" /></Size>
		<Anchors>
			<Anchor point="CENTER">
				<Offset><AbsDimension x="0" y="0" /></Offset>
			</Anchor>
		</Anchors>
		<Layers>
			<Layer level="ARTWORK">
				<FontString inherits="GameFontNormalSmall" name="$parentTitle" text="|cff69ccf0Kader|r Raid Tools">
					<Anchors>
						<Anchor point="LEFT" relativeTo="$parentTitleBG" relativePoint="LEFT">
							<Offset><AbsDimension x="5" y="1" /></Offset>
						</Anchor>
					</Anchors>
				</FontString>
			</Layer>
		</Layers>
		<Scripts>
			<OnDragStart>self:StartMoving()</OnDragStart>
			<OnDragStop>self:StopMovingOrSizing()</OnDragStop>
		</Scripts>
	</Frame>

	<!-- Simple almost border-less frame template -->
	<Frame name="KRTSimpleFrameTemplate" parent="UIParent" movable="true" enableMouse="true" hidden="true" clampedToScreen="true" virtual="true">
		<Size><AbsDimension x="230" y="385" /></Size>
		<Anchors>
			<Anchor point="CENTER">
				<Offset><AbsDimension x="0" y="0" /></Offset>
			</Anchor>
		</Anchors>
		<Backdrop bgFile="Interface\DialogFrame\UI-DialogBox-Background-Dark" edgeFile="Interface\DialogFrame\UI-DialogBox-Border" tile="true">
			<TileSize><AbsValue val="8" /></TileSize>
			<EdgeSize><AbsValue val="8" /></EdgeSize>
			<BackgroundInsets>
				<AbsInset top="1" right="1" bottom="1" left="1" />
			</BackgroundInsets>
		</Backdrop>
		<Scripts>
			<OnDragStart>self:StartMoving()</OnDragStart>
			<OnDragStop>self:StopMovingOrSizing()</OnDragStop>
		</Scripts>
	</Frame>

	<!-- Default buttons template -->
	<Button name="KRTButtonTemplate" virtual="true">
		<Size><AbsDimension x="25" y="25" /></Size>
		<NormalFont style="GameFontNormalSmall" />
		<DisabledFont style="GameFontDisableSmall" />
		<HighlightFont style="GameFontHighlightSmall" />
		<ButtonText name="$parentText">
			<Anchors>
				<Anchor point="LEFT">
					<Offset><AbsDimension x="5" y="1" /></Offset>
				</Anchor>
				<Anchor point="RIGHT">
					<Offset><AbsDimension x="-5" y="1" /></Offset>
				</Anchor>
			</Anchors>
		</ButtonText>
		<Layers>
			<Layer level="BACKGROUND">
				<Texture name="$parentLeft" file="Interface\Buttons\UI-Panel-Button-Up">
					<Size><AbsDimension x="12" /></Size>
					<Anchors>
						<Anchor point="TOPLEFT" />
						<Anchor point="BOTTOMLEFT" />
					</Anchors>
					<TexCoords left="0" right="0.09374" top="0" bottom="0.6875" />
				</Texture>
				<Texture name="$parentRight" file="Interface\Buttons\UI-Panel-Button-Up">
					<Size><AbsDimension x="12" /></Size>
					<Anchors>
						<Anchor point="TOPRIGHT" />
						<Anchor point="BOTTOMRIGHT" />
					</Anchors>
					<TexCoords left="0.53125" right="0.625" top="0" bottom="0.6875" />
				</Texture>
				<Texture name="$parentMiddle" file="Interface\Buttons\UI-Panel-Button-Up">
					<Size><AbsDimension x="12" /></Size>
					<Anchors>
						<Anchor point="TOPLEFT">
							<Offset><AbsDimension x="12" y="0" /></Offset>
						</Anchor>
						<Anchor point="BOTTOMRIGHT">
							<Offset><AbsDimension x="-12" y="0" /></Offset>
						</Anchor>
					</Anchors>
					<TexCoords left="0.09375" right="0.53125" top="0" bottom="0.6875" />
				</Texture>
			</Layer>
		</Layers>
		<HighlightTexture inherits="UIPanelButtonHighlightTexture" mod="ADD" />
		<PushedTexture inherits="UIPanelButtonPushedTexture" mod="ADD" />
		<DisabledTexture inherits="UIPanelButtonDisabledTexture" />
		<Scripts><OnLoad>self:RegisterForClicks("AnyUp")</OnLoad></Scripts>
	</Button>

	<!-- Item icon button template -->
	<Button name="KRTItemButtonTemplate" virtual="true">
		<Size><AbsDimension x="30" y="30" /></Size>
		<Layers>
			<Layer level="BORDER">
				<Texture name="$parentIconTexture" />
			</Layer>
		</Layers>
		<NormalTexture name="$parentNormalTexture" file="Interface\PaperDoll\UI-Backpack-EmptySlot">
			<Size><AbsDimension x="30" y="30" /></Size>
			<Anchors>
				<Anchor point="CENTER">
					<Offset><AbsDimension x="0" y="0" /></Offset>
				</Anchor>
			</Anchors>
		</NormalTexture>
	</Button>

	<!-- General FontString template -->
	<FontString name="KRTFontString" font="GameFontNormal" justifyH="LEFT" justifyV="MIDDLE" virtual="true" />

	<!-- Gray FontString template -->
	<FontString name="KRTFontStringGray" inherits="GameFontNormalSmall" justifyH="LEFT" justifyV="MIDDLE" virtual="true">
		<Color r="0.5" g="0.5" b="0.5" a="1" />
	</FontString>

	<!-- ScrollFrame template -->
	<ScrollFrame name="KRTScrolLFrameTemplate" inherits="UIPanelScrollFrameTemplate" virtual="true">
		<ScrollChild>
			<Frame name="$parentScrollChild" setAllPoints="$parent">
				<Anchors>
					<Anchor point="TOPLEFT" />
					<Anchor point="BOTTOMRIGHT" />
				</Anchors>
			</Frame>
		</ScrollChild>
	</ScrollFrame>

	<!-- EditBox Template -->
    <EditBox name="KRTEditBoxTemplate" inherits="InputBoxTemplate" autoFocus="false" virtual="true">
        <FontString inherits="GameFontHighlight" />
        <Scripts><OnEscapePressed>self:ClearFocus()</OnEscapePressed></Scripts>
    </EditBox>

    <!-- Simple Border-less EdtiBox Template -->
    <EditBox name="KRTEditBoxSimpleTemplate" font="GameFontHighlightSmall" autoFocus="false" virtual="true">
		<Layers>
			<Layer level="BACKGROUND">
				<Texture file="Interface\DialogFrame\UI-DialogBox-Background">
					<Size><AbsDimension x="10" y="22" /></Size>
					<Anchors>
						<Anchor point="TOPLEFT">
							<Offset><AbsDimension x="-5" y="0" /></Offset>
						</Anchor>
						<Anchor point="BOTTOMRIGHT">
							<Offset><AbsDimension x="5" y="0" /></Offset>
						</Anchor>
					</Anchors>
				</Texture>
			</Layer>
		</Layers>
        <Scripts><OnEscapePressed>self:ClearFocus()</OnEscapePressed></Scripts>
    </EditBox>

    <!-- Player Selection Button -->
	<Button name="KRTSelectPlayerTemplate" virtual="true">
		<Size><AbsDimension y="18" /></Size>
		<Anchors>
			<Anchor point="LEFT">
				<Offset><AbsDimension x="5" y="0" /></Offset>
			</Anchor>
			<Anchor point="RIGHT">
				<Offset><AbsDimension x="-5" y="0" /></Offset>
			</Anchor>
		</Anchors>
		<Layers>
			<Layer level="BACKGROUND">
				<Texture file="Interface\AuctionFrame\UI-AuctionItemNameFrame">
					<Size><AbsDimension x="10" y="20" /></Size>
					<Anchors>
						<Anchor point="TOPLEFT">
							<Offset><AbsDimension x="0" y="2" /></Offset>
						</Anchor>
						<Anchor point="BOTTOMRIGHT">
							<Offset><AbsDimension x="0" y="0" /></Offset>
						</Anchor>
					</Anchors>
					<TexCoords top="0" right="0.75" bottom="1.0" left="0.078125" />
				</Texture>
			</Layer>
			<Layer level="ARTWORK">
				<FontString name="$parentName" inherits="GameFontNormalSmall" justifyH="LEFT" text="PLAYER">
					<Anchors>
						<Anchor point="LEFT">
							<Offset><AbsDimension x="20" y="0" /></Offset>
						</Anchor>
					</Anchors>
					<Color r="1" g="1" b="1" a="1" />
				</FontString>
				<FontString name="$parentRoll" inherits="GameFontNormalSmall" justifyH="RIGHT" text="0">
					<Anchors>
						<Anchor point="RIGHT">
							<Offset><AbsDimension x="-5" y="0" /></Offset>
						</Anchor>
					</Anchors>
					<Color r="1" g="1" b="1" a="1" />
				</FontString>
				<Texture name="$parentStar" file="Interface\TARGETINGFRAME\UI-RaidTargetingIcon_1">
					<Size><AbsDimension x="12" y="12" /></Size>
					<Anchors>
						<Anchor point="LEFT" relativePoint="LEFT">
							<Offset><AbsDimension x="3" y="0" /></Offset>
						</Anchor>
					</Anchors>
				</Texture>
			</Layer>
		</Layers>
		<HighlightTexture>
			<Anchors>
				<Anchor point="TOPLEFT" relativePoint="TOPLEFT" />
				<Anchor point="BOTTOMRIGHT" relativePoint="BOTTOMRIGHT" />
			</Anchors>
			<Color r="1" g="0.8" b="0" a="0.1" />
		</HighlightTexture>
		<Scripts><OnClick>KRT.Master:SelectWinner(self, button)</OnClick></Scripts>
	</Button>
</Ui>