<Ui xmlns:xsi="http://www.w3.org/2001/XMLSchema-instance" xmlns:xsd="http://www.w3.org/2001/XMLSchema" xmlns="http://www.blizzard.com/wow/ui/">
	<Script file="DungStatus.lua" />
	<Frame name="DungStatusFrame" hidden="true" parent="UIParent" toplevel="true" movable="true" frameStrata="HIGH">
		<Size>
			<AbsDimension x="231" y="101" />
		</Size>
		
			<Anchors>
				<Anchor point="CENTER">
					<Offset x="0" y="0" />
				</Anchor>
			</Anchors>
		
		<Backdrop bgFile="Interface\DialogFrame\UI-DialogBox-Background" edgeFile="Interface\Tooltips\UI-Tooltip-Border" tile="true">
			<BackgroundInsets>
				<AbsInset left="11" right="12" top="12" bottom="11" />
			</BackgroundInsets>
			<TileSize>
				<AbsValue val="32" />
			</TileSize>
			<EdgeSize>
				<AbsValue val="32" />
			</EdgeSize>
		</Backdrop>
		<Frames>
			<Button name="$parent_Close" inherits="UIPanelButtonTemplate2" text="X">
				<Size>
					<AbsDimension x="28" y="18" />
				</Size>
				<Anchors>
					<Anchor point="TOPLEFT">
						<Offset x="188" y="-59" />
					</Anchor>
				</Anchors>
				<Scripts>
					<OnClick>
						DungStatusFrame:Hide();
					</OnClick>

				</Scripts>
			</Button>
		</Frames>
		<Layers>
			<Layer>
				<Texture name="$parent_imgTank" file="Interface\Icons\Spell_Holy_AvengersShield" alphaMode="ALPHAKEY">
					<Size>
						<AbsDimension x="43" y="39" />
					</Size>
					<Anchors>
						<Anchor point="TOPLEFT">
							<Offset x="13" y="-13" />
						</Anchor>
					</Anchors>
				</Texture>
				<Texture name="$parent_imgHeal" file="Interface\Icons\Spell_Holy_HolyGuidance" alphaMode="ALPHAKEY">
					<Size>
						<AbsDimension x="43" y="39" />
					</Size>
					<Anchors>
						<Anchor point="TOPLEFT">
							<Offset x="53" y="-13" />
						</Anchor>
					</Anchors>
				</Texture>
				<Texture name="$parent_imgDPS1" file="Interface\Icons\Spell_Holy_BlessingOfStrength" alphaMode="ALPHAKEY">
					<Size>
						<AbsDimension x="43" y="39" />
					</Size>
					<Anchors>
						<Anchor point="TOPLEFT">
							<Offset x="93" y="-13" />
						</Anchor>
					</Anchors>
				</Texture>
				<Texture name="$parent_imgDPS2" file="Interface\Icons\Spell_Holy_BlessingOfStrength" alphaMode="ALPHAKEY">
					<Size>
						<AbsDimension x="43" y="39" />
					</Size>
					<Anchors>
						<Anchor point="TOPLEFT">
							<Offset x="133" y="-13" />
						</Anchor>
					</Anchors>
				</Texture>
				<Texture name="$parent_imgDPS3" file="Interface\Icons\Spell_Holy_BlessingOfStrength" alphaMode="ALPHAKEY">
					<Size>
						<AbsDimension x="43" y="39" />
					</Size>
					<Anchors>
						<Anchor point="TOPLEFT">
							<Offset x="173" y="-13" />
						</Anchor>
					</Anchors>
				</Texture>
				<Texture name="$parent_imgRole" file="Interface\Icons\INV_Misc_PocketWatch_02" alphaMode="ALPHAKEY">
					<Size>
						<AbsDimension x="19" y="18" />
					</Size>
					<Anchors>
						<Anchor point="TOPLEFT">
							<Offset x="16" y="-57" />
						</Anchor>
					</Anchors>
					
				</Texture>
			</Layer>
			<Layer level="OVERLAY">
				<FontString name="$parent_txtStatus" inherits="GameFontNormal" text="FontString1">
					<Size>
						<AbsDimension x="161" y="23" />
					</Size>
					<Anchors>
						<Anchor point="TOPLEFT">
							<Offset x="35" y="-55" />
						</Anchor>
					</Anchors>
					<Color r="0" g="1" b="1" />
				</FontString>
			</Layer>
			<Layer level="OVERLAY">
				<FontString name="$parent_txtStatus1" inherits="GameFontNormal" text="FontString1">
					<Size>
						<AbsDimension x="161" y="23" />
					</Size>
					<Anchors>
						<Anchor point="TOPLEFT">
							<Offset x="35" y="-65" />
						</Anchor>
					</Anchors>
					<Color r="0" g="1" b="1" />
				</FontString>
			</Layer>
		</Layers>
		<Scripts>
			<OnMouseDown>
				this:StartMoving()
			</OnMouseDown>
			<OnMouseUp>
				this:StopMovingOrSizing()
			</OnMouseUp>
			<OnDragStop>
				this:StopMovingOrSizing()
			</OnDragStop>
			<OnLoad>
				DungStatus_OnLoad(self)
			</OnLoad>
		</Scripts>
	</Frame>
</Ui>