<Ui xmlns="http://www.blizzard.com/wow/ui/" xmlns:xsi="http://www.w3.org/2001/XMLSchema-instance" xsi:schemaLocation="http://www.blizzard.com/wow/ui/
..\FrameXML\UI.xsd">
	<Script file="Init.lua"/>

	<!-- Core Files -->
	<Script file="Tables.lua"/>
	<Script file="Core.lua"/>
	<Script file="Options.lua"/>
	<Script file="Menus.lua"/>
	<Script file="Prototypes.lua"/>
	<Script file="Functions.lua"/>

	<!-- Display Systems -->
	<Script file="Display\Bar.lua"/>
	<Script file="Display\Inline.lua"/>
	<Script file="Display\Broker.lua"/>
	<Script file="Display\Legacy.lua"/>
</Ui>
