<Ui xmlns="http://www.blizzard.com/wow/ui/" xmlns:xsi="http://www.w3.org/2001/XMLSchema-instance" xsi:schemaLocation="http://www.blizzard.com/wow/ui/
..\FrameXML\UI.xsd">
	<Button name="ExRTUIChatDownButtonTemplate"  virtual="true" >
		<Size>
			<AbsDimension x="24" y="24"/>
		</Size>
		<Anchors>
			<Anchor point="TOPRIGHT" relativeTo="$parentRight">
				<Offset>
					<AbsDimension x="-16" y="-18"/>
				</Offset>
			</Anchor>
		</Anchors>
		<Scripts>
			<OnEnter>
				local parent = self:GetParent();
				local myscript = parent:GetScript("OnEnter");
				if(myscript ~= nil) then
					myscript(parent);
				end
			</OnEnter>
			<OnLeave>
				local parent = self:GetParent();
				local myscript = parent:GetScript("OnLeave");
				if(myscript ~= nil) then
					myscript(parent);
				end
			</OnLeave>
			<OnClick>
				ToggleDropDownMenu(nil, nil, self:GetParent());
				PlaySound("igMainMenuOptionCheckBoxOn");
			</OnClick>
		</Scripts>
		<NormalTexture name="$parentNormalTexture" file="Interface\ChatFrame\UI-ChatIcon-ScrollDown-Up">
			<Size>
				<AbsDimension x="24" y="24"/>
			</Size>
			<Anchors>
				<Anchor point="RIGHT"/>
			</Anchors>
		</NormalTexture>
		<PushedTexture name="$parentPushedTexture" file="Interface\ChatFrame\UI-ChatIcon-ScrollDown-Down">
			<Size>
				<AbsDimension x="24" y="24"/>
			</Size>
			<Anchors>
				<Anchor point="RIGHT"/>
			</Anchors>
		</PushedTexture>
		<DisabledTexture name="$parentDisabledTexture" file="Interface\ChatFrame\UI-ChatIcon-ScrollDown-Disabled">
			<Size>
				<AbsDimension x="24" y="24"/>
			</Size>
			<Anchors>
				<Anchor point="RIGHT"/>
			</Anchors>
		</DisabledTexture>
		<HighlightTexture name="$parentHighlightTexture" file="Interface\Buttons\UI-Common-MouseHilight" alphaMode="ADD">
			<Size>
				<AbsDimension x="24" y="24"/>
			</Size>
			<Anchors>
				<Anchor point="RIGHT"/>
			</Anchors>
		</HighlightTexture>
	</Button>
		
	<Frame name="ExRTTranslucentFrameTemplate" virtual="true">
		<Size x="338" y="424"/>
		<Layers>
			<Layer level="BACKGROUND" textureSubLevel="-8">
				<Texture name="$parentBg" parentKey="Bg">
					<Anchors>
						<Anchor point="TOPLEFT"  x="10" y="-10"/>
						<Anchor point="BOTTOMRIGHT"  x="-10" y="10"/>
					</Anchors>
					<Color r="0" g="0" b="0" a="0.8"/>
				</Texture>
			</Layer>
			<Layer level="BORDER" textureSubLevel="-5">
				<Texture name="$parentTopLeftCorner" inherits="Dialog-BorderTopLeft">
					<Anchors>
						<Anchor point="TOPLEFT"/>
					</Anchors>
				</Texture>
				<Texture name="$parentTopRightCorner" inherits="Dialog-BorderTopRight">
					<Anchors>
						<Anchor point="TOPRIGHT"/>
					</Anchors>
				</Texture>
				<Texture name="$parentBottomLeftCorner" inherits="Dialog-BorderBottomLeft">
					<Anchors>
						<Anchor point="BOTTOMLEFT"/>
					</Anchors>
				</Texture>
				<Texture name="$parentBottomRightCorner" inherits="Dialog-BorderBottomRight">
					<Anchors>
						<Anchor point="BOTTOMRIGHT"/>
					</Anchors>
				</Texture>
				<Texture name="$parentTopBorder" inherits="Dialog-BorderTop">
					<Anchors>
						<Anchor point="TOPLEFT" relativeTo="$parentTopLeftCorner" relativePoint="TOPRIGHT"  x="0" y="-1"/>
						<Anchor point="TOPRIGHT" relativeTo="$parentTopRightCorner" relativePoint="TOPLEFT"  x="0" y="-1"/>
					</Anchors>
				</Texture>
				<Texture name="$parentBottomBorder" inherits="Dialog-BorderBottom">
					<Anchors>
						<Anchor point="BOTTOMLEFT" relativeTo="$parentBottomLeftCorner" relativePoint="BOTTOMRIGHT"/>
						<Anchor point="BOTTOMRIGHT" relativeTo="$parentBottomRightCorner" relativePoint="BOTTOMLEFT"/>
					</Anchors>
				</Texture>
				<Texture name="$parentLeftBorder" inherits="Dialog-BorderLeft">
					<Anchors>
						<Anchor point="TOPLEFT" relativeTo="$parentTopLeftCorner" relativePoint="BOTTOMLEFT" x="1" y="0"/>
						<Anchor point="BOTTOMLEFT" relativeTo="$parentBottomLeftCorner" relativePoint="TOPLEFT" x="1" y="0"/>
					</Anchors>
				</Texture>
				<Texture name="$parentRightBorder" inherits="Dialog-BorderRight">
					<Anchors>
						<Anchor point="TOPRIGHT" relativeTo="$parentTopRightCorner" relativePoint="BOTTOMRIGHT"/>
						<Anchor point="BOTTOMRIGHT" relativeTo="$parentBottomRightCorner" relativePoint="TOPRIGHT"/>
					</Anchors>
				</Texture>
			</Layer>
		</Layers>
	</Frame>
	
	<Font name="ExRTFontNormal" font="Fonts\FRIZQT___CYR.TTF" virtual="true">
		<Shadow>
			<Offset>
				<AbsDimension x="1" y="-1"/>
			</Offset>
			<Color r="0" g="0" b="0"/>
		</Shadow>
		<FontHeight>
			<AbsValue val="12"/>
		</FontHeight>
		<Color r="1.0" g="0.82" b="0"/>
	</Font>
	
	<Button name="ExRTDropDownMenuButtonTemplate" virtual="true">
		<Size x="100" y="16"/>
		<Layers>
			<Layer level="BACKGROUND">
				<Texture name="$parentHighlight" file="Interface\QuestFrame\UI-QuestTitleHighlight" alphaMode="ADD" setAllPoints="true" hidden="true"/>
			</Layer>
			<Layer level="BACKGROUND" textureSubLevel="-8">
				<Texture name="$parentTexture" setAllPoints="true" hidden="true" parentKey="Texture"/>
			</Layer>
			<Layer level="ARTWORK">
				<Texture name="$parentIcon" hidden="true" parentKey="Icon">
					<Size>
						<AbsDimension x="16" y="16"/>
					</Size>
					<Anchors>
						<Anchor point="RIGHT">
							<Offset x="0" y="0"/>
						</Anchor>
					</Anchors>
				</Texture>
			</Layer>
		</Layers>
		<Scripts>
			<OnLoad>				
				self:SetFrameLevel(self:GetParent():GetFrameLevel()+2);
			</OnLoad>
			<OnClick>
				GExRT.lib.ScrollDropDown.OnClick(self, button, down);
			</OnClick>
			<OnEnter>
				_G[self:GetName().."Highlight"]:Show();
				UIDropDownMenu_StopCounting(self:GetParent());
				if ( self.tooltipTitle ) then
					if ( self.tooltipOnButton ) then
						GameTooltip:SetOwner(self, "ANCHOR_RIGHT");
						GameTooltip:AddLine(self.tooltipTitle, 1.0, 1.0, 1.0);
						GameTooltip:AddLine(self.tooltipText);
						GameTooltip:Show();
					else
						GameTooltip_AddNewbieTip(self, self.tooltipTitle, 1.0, 1.0, 1.0, self.tooltipText, 1);
					end
				end
			</OnEnter>
			<OnLeave>
				_G[self:GetName().."Highlight"]:Hide();
				UIDropDownMenu_StartCounting(self:GetParent());
				GameTooltip:Hide();
			</OnLeave>
		</Scripts>
		<ButtonText name="$parentNormalText" parentKey="NormalText">
			<Anchors>
				<Anchor point="LEFT">
					<Offset x="0" y="0"/>
				</Anchor>
			</Anchors>
		</ButtonText>
		<NormalFont style="GameFontHighlightSmallLeft"/>
		<HighlightFont style="GameFontHighlightSmallLeft"/>
		<DisabledFont style="GameFontDisableSmallLeft"/>
	</Button>
	<Button name="ExRTDropDownListTemplate" hidden="true" frameStrata="DIALOG" enableMouse="true" virtual="true">
		<Frames>
			<Frame name="$parentBackdrop" setAllPoints="true">
				<Backdrop bgFile="Interface\DialogFrame\UI-DialogBox-Background-Dark" edgeFile="Interface\DialogFrame\UI-DialogBox-Border" tile="true">
					<BackgroundInsets>
						<AbsInset left="11" right="12" top="12" bottom="9"/>
					</BackgroundInsets>
					<TileSize>
						<AbsValue val="32"/>
					</TileSize>
					<EdgeSize>
						<AbsValue val="32"/>
					</EdgeSize>
				</Backdrop>
			</Frame>
		</Frames>
		<Scripts>
			<OnClick>
				self:Hide();
			</OnClick>
			<OnEnter>
				UIDropDownMenu_StopCounting(self, motion);
			</OnEnter>
			<OnLeave>
				UIDropDownMenu_StartCounting(self, motion);
			</OnLeave>
			<OnHide>
				UIDropDownMenu_StopCounting(self, motion);
			</OnHide>
			<OnUpdate>
				GExRT.lib.ScrollDropDown.Update(self, elapsed);
			</OnUpdate>
		</Scripts>
	</Button>
	<Font name="ExRTDropDownListFont1" virtual="true"></Font>
	<Font name="ExRTDropDownListFont2" virtual="true"></Font>
	<Font name="ExRTDropDownListFont3" virtual="true"></Font>
	<Font name="ExRTDropDownListFont4" virtual="true"></Font>
	<Font name="ExRTDropDownListFont5" virtual="true"></Font>
	<Font name="ExRTDropDownListFont6" virtual="true"></Font>
	<Font name="ExRTDropDownListFont7" virtual="true"></Font>
	<Font name="ExRTDropDownListFont8" virtual="true"></Font>
	<Font name="ExRTDropDownListFont9" virtual="true"></Font>
	<Font name="ExRTDropDownListFont10" virtual="true"></Font>
</Ui>
