<Ui xmlns="http://www.blizzard.com/wow/ui/"
    xmlns:xsi="http://www.w3.org/2001/XMLSchema-instance"
    xsi:schemaLocation="http://www.blizzard.com/wow/ui/ ..\FrameXML\UI.xsd">

	<!-- Locales: -->
	<Script file="localization.en.lua" />
	<!-- Spells database &  Utilities -->
	<Script file="spells.lua" />
	<Script file="utils.lua" />
	<!-- Templates & Core File -->
	<Include file="templates.xml" />
	<Script file="core.lua" />
	<!-- Config & Logs -->
	<Include file="config.xml" />
	<Include file="logs.xml" />
	<!-- AddOn Tooltip -->
	<GameTooltip name="ElvinCDs_Tooltip" inherits="GameTooltipTemplate" parent="UIParent" hidden="true" />
</Ui>
