﻿<Ui xmlns:xsi="http://www.w3.org/2001/XMLSchema-instance" xmlns:xsd="http://www.w3.org/2001/XMLSchema" xmlns="http://www.blizzard.com/wow/ui/">
<Frame name="PhoenixStyleFailbot">

	<Scripts>
	<OnLoad>PhoenixStyle_OnLoad()</OnLoad>
	<OnEvent>if (thisaddonwork or (thisaddonwork==false and event=="ADDON_LOADED")) and pstemporarystop==nil then PhoenixStyle_OnEvent(self,event,...) end</OnEvent>
	<OnUpdate>if thisaddonwork and pstemporarystop==nil then PSF_OnUpdate() end</OnUpdate>
	</Scripts>
	</Frame>


<Frame name="PSFmain" hidden="true" toplevel="true" virtual="true" frameStrata="DIALOG" movable="true" enableMouse="true" parent="UIParent">
	<Size x="930" y="500"/>
	<Anchors>
	<Anchor point="CENTER"/>
	</Anchors>


<Scripts>
	<OnMouseDown>PSFmain1:StartMoving()</OnMouseDown>
	<OnMouseUp>PSFmain1:StopMovingOrSizing()</OnMouseUp>
	<OnDragStop>PSFmain1:StopMovingOrSizing()</OnDragStop>
	<OnShow>PSF_showoptions()</OnShow>
	</Scripts>
</Frame>



<Frame name="PSFmain1" hidden="true" inherits="PSFmain">
	<Size x="930" y="500"/>
	<Anchors>
	<Anchor point="LEFT"/>
	</Anchors>
<frames>



<Frame name="PSFmain2" hidden="true">
	<Size x="180" y="500"/>
	<Anchors>
	<Anchor point="LEFT"/>
	</Anchors>
	<Layers>
	<Layer level="ARTWORK">
<FontString name="$parent_Text" inherits="GameFontNormal" text="PhoenixStyle">
	<Anchors><Anchor point="LEFT" relativePoint="TOPLEFT"/></Anchors>
	</FontString>
	</Layer>
	</Layers>
	<Backdrop bgFile="Interface\DialogFrame\UI-DialogBox-Background" edgeFile="Interface\DialogFrame\UI-DialogBox-Border" tile="true">
	<TileSize>
	<AbsValue val="32"/>
	</TileSize>
	<EdgeSize>
	<AbsValue val="32"/>
	</EdgeSize>
	<BackgroundInsets>
	<AbsInset left="11" right="12" top="12" bottom="11"/>
	</BackgroundInsets>
	</Backdrop>
<Frames>
<Button name="$parent_Button3" inherits="UIPanelButtonTemplate" text="psbutmainopt">
	<Size x="150" y="21"/><Anchors><Anchor point="TOP"><Offset x="0" y="-20"/></Anchor></Anchors>
	<Scripts><OnClick>PSF_buttonaddon()</OnClick></Scripts>
	</Button>
<Button name="$parent_Button4" inherits="UIPanelButtonTemplate" text="psleftmenu2">
	<Size x="150" y="21"/><Anchors><Anchor point="TOP"><Offset x="0" y="-245"/></Anchor></Anchors>
	<Scripts><OnClick>PSF_buttonautomark()</OnClick></Scripts>
	</Button>
<Button name="$parent_Button5" inherits="UIPanelButtonTemplate" text="psleftmenu3">
	<Size x="150" y="21"/><Anchors><Anchor point="TOP"><Offset x="0" y="-270"/></Anchor></Anchors>
	<Scripts><OnClick>PSF_buttontimers()</OnClick></Scripts>
	</Button>
<Button name="$parent_Button112" inherits="UIPanelButtonTemplate" text="psbutbmc">
	<Size x="150" y="21"/><Anchors><Anchor point="TOP"><Offset x="0" y="-295"/></Anchor></Anchors>
	<Scripts><OnClick>PSF_closeallpr() PSFbossmodframe:Show() PSFmain2_Button112:SetAlpha(0.3) psbossmodframeopen()</OnClick></Scripts>
	</Button>
<Button name="$parent_Button51" inherits="UIPanelButtonTemplate" text="psspelllinkbut">
	<Size x="150" y="21"/><Anchors><Anchor point="TOP"><Offset x="0" y="-320"/></Anchor></Anchors>
	<Scripts><OnClick>PSF_buttonspellid()</OnClick></Scripts>
	</Button>
<Button name="$parent_Button52" inherits="UIPanelButtonTemplate" text="SayAnnouncer">
	<Size x="150" y="21"/><Anchors><Anchor point="TOP"><Offset x="0" y="-345"/></Anchor></Anchors>
	<Scripts><OnClick>PSF_saopen()</OnClick></Scripts>
	</Button>
<Button name="$parent_Button53" inherits="UIPanelButtonTemplate" text="psautoinvmodname">
	<Size x="150" y="21"/><Anchors><Anchor point="TOP"><Offset x="0" y="-370"/></Anchor></Anchors>
	<Scripts><OnClick>PSF_autoinvopenf()</OnClick></Scripts>
	</Button>
<Button name="$parent_Button54" inherits="UIPanelButtonTemplate" text="psdeathreportbutt">
	<Size x="150" y="21"/><Anchors><Anchor point="TOP"><Offset x="0" y="-395"/></Anchor></Anchors>
	<Scripts><OnClick>PSF_dropen()</OnClick></Scripts>
	</Button>

<Button name="$parent_Button7" inherits="UIPanelButtonTemplate" text="psraidbuttx">
	<Size x="150" y="21"/><Anchors><Anchor point="TOP"><Offset x="0" y="-75"/></Anchor></Anchors>
	<Scripts><OnClick>psshowdoateinf(1)</OnClick></Scripts>
	</Button>
<Button name="$parent_Button71" inherits="UIPanelButtonTemplate" text="pssaveityperepbutton">
	<Size x="150" y="21"/><Anchors><Anchor point="TOP"><Offset x="0" y="-100"/></Anchor></Anchors>
	<Scripts><OnClick>psshowdoateinf(2)</OnClick></Scripts>
	</Button>

<Button name="$parent_ButtonRA1" inherits="UIPanelButtonTemplate" text="psfpotchecklocal">
	<Size x="150" y="21"/><Anchors><Anchor point="TOP"><Offset x="0" y="-155"/></Anchor></Anchors>
	<Scripts><OnClick>PSF_potionscheck()</OnClick></Scripts>
	</Button>
<Button name="$parent_ButtonRA2" inherits="UIPanelButtonTemplate" text="psfpotchecklocalt2">
	<Size x="150" y="21"/><Anchors><Anchor point="TOP"><Offset x="0" y="-180"/></Anchor></Anchors>
	<Scripts><OnClick>PSF_rscopen(1)</OnClick></Scripts>
	</Button>
<Button name="$parent_ButtonRA3" inherits="UIPanelButtonTemplate" text="psfpotchecklocalt3">
	<Size x="150" y="21"/><Anchors><Anchor point="TOP"><Offset x="0" y="-205"/></Anchor></Anchors>
	<Scripts><OnClick>PSF_rscopen(2)</OnClick></Scripts>
	</Button>
<Button name="$parent_ButtonRA" inherits="UIPanelButtonTemplate" text="RaidAchievement">
	<Size x="150" y="21"/><Anchors><Anchor point="BOTTOM"><Offset x="0" y="20"/></Anchor></Anchors>
	<Scripts><OnClick>PSF_RAaddon()</OnClick></Scripts>
	</Button>
	<Button name="$parent_ButtonCR" inherits="UIPanelButtonTemplate" text="CombatReplay">
	<Size x="150" y="21"/><Anchors><Anchor point="BOTTOM"><Offset x="0" y="45"/></Anchor></Anchors>
	<Scripts><OnClick>PSF_CRaddon()</OnClick></Scripts>
	</Button>
</Frames>
	</Frame>

<Frame name="PSF_saframe" hidden="true">
	<Size x="750" y="500"/>
	<Anchors>
	<Anchor point="RIGHT"></Anchor>
	</Anchors>
	<Layers>
<Layer level="OVERLAY">
<FontString name="$parent_Text" inherits="GameFontNormal" text="psmain_sapaneltitle">
	<Anchors><Anchor point="LEFT" relativePoint="TOPLEFT"/></Anchors>
	</FontString>
	</Layer>
	</Layers>
<Backdrop bgFile="Interface\DialogFrame\UI-DialogBox-Background" edgeFile="Interface\DialogFrame\UI-DialogBox-Border" tile="true">
	<TileSize>
	<AbsValue val="32"/>
	</TileSize>
	<EdgeSize>
	<AbsValue val="32"/>
	</EdgeSize>
	<BackgroundInsets>
	<AbsInset left="11" right="12" top="12" bottom="11"/>
	</BackgroundInsets>
	</Backdrop>
<frames>

<Button name="$parent_ButtonSA" inherits="UIPanelButtonTemplate" text="psmaincheckversions2">
	<Size x="180" y="26"/><Anchors><Anchor point="TOPLEFT"><Offset x="20" y="-100"/></Anchor></Anchors>
	<Scripts><OnClick>sa_checkversions()</OnClick></Scripts>
	</Button>

</frames>
	</Frame>


<Frame name="PSFmain3" hidden="true">
	<Size x="750" y="500"/>
	<Anchors>
	<Anchor point="RIGHT"></Anchor>
	</Anchors>
	<Layers>
<Layer level="OVERLAY">
	<Texture name="$parentTexture" file="Interface\AddOns\PhoenixStyle\icon_phoenix_e">
	<Anchors>
	<Anchor point="CENTER" relativePoint="TOPRIGHT"><Offset x="-30" y="-27"/></Anchor>
	</Anchors>
	<TexCoords left="0" right="1" top="0" bottom="1"/>
	</Texture>
<FontString name="$parent_Texttit" inherits="GameFontNormal" text="psmainopttitle">
	<Anchors><Anchor point="LEFT" relativePoint="TOPLEFT"/></Anchors>
	</FontString>
<FontString name="$parent_Text" inherits="GameFontNormal" text="psfserver">
	<Anchors><Anchor point="RIGHT" relativePoint="TOPRIGHT"><Offset x="-46" y="-27"/></Anchor></Anchors>
	</FontString>
<FontString name="$parent_Textver" inherits="GameFontNormal" text="psversion">
	<Anchors><Anchor point="RIGHT" relativePoint="TOPRIGHT"><Offset x="-18" y="-50"/></Anchor></Anchors>
	</FontString>
<FontString name="$parent_Textoldv" hidden="true" inherits="GameFontNormal" text="psoldvertxt">
	<Anchors><Anchor point="RIGHT" relativePoint="TOPRIGHT"><Offset x="-18" y="-67"/></Anchor></Anchors><Color r="1" g="0" b="0" a="1"/>
	</FontString>
	</Layer>
	</Layers>
<Backdrop bgFile="Interface\DialogFrame\UI-DialogBox-Background" edgeFile="Interface\DialogFrame\UI-DialogBox-Border" tile="true">
	<TileSize>
	<AbsValue val="32"/>
	</TileSize>
	<EdgeSize>
	<AbsValue val="32"/>
	</EdgeSize>
	<BackgroundInsets>
	<AbsInset left="11" right="12" top="12" bottom="11"/>
	</BackgroundInsets>
	</Backdrop>
<frames>
<CheckButton name="$parent_CheckButton2" inherits="UICheckButtonTemplate">
	<Size x="25" y="25"/><Anchors><Anchor point="TOPLEFT"><Offset x="20" y="-15"/></Anchor></Anchors>
	<Scripts><OnLoad>getglobal(PSFmain3_CheckButton2:GetName().."Text"):SetText(psaddonon.." 'PhoenixStyle'") getglobal(PSFmain3_CheckButton2:GetName().."Text"):SetFont(GameFontNormal:GetFont(), 13)</OnLoad><OnClick>PSFvkladdon()</OnClick></Scripts>
	</CheckButton>
<CheckButton name="$parent_CheckButton1" inherits="UICheckButtonTemplate">
	<Size x="25" y="25"/><Anchors><Anchor point="TOPLEFT"><Offset x="20" y="-35"/></Anchor></Anchors>
	<Scripts><OnLoad>getglobal(PSFmain3_CheckButton1:GetName().."Text"):SetText(psaddonrepon) getglobal(PSFmain3_CheckButton1:GetName().."Text"):SetFont(GameFontNormal:GetFont(), 13)</OnLoad><OnClick>PSFifreporton()</OnClick></Scripts>
	</CheckButton>
<CheckButton name="$parent_CheckButton3" inherits="UICheckButtonTemplate">
	<Size x="25" y="25"/><Anchors><Anchor point="TOPLEFT"><Offset x="20" y="-55"/></Anchor></Anchors>
	<Scripts><OnLoad>getglobal(PSFmain3_CheckButton3:GetName().."Text"):SetText(psaddonrepnoprom) getglobal(PSFmain3_CheckButton3:GetName().."Text"):SetFont(GameFontNormal:GetFont(), 14)</OnLoad><OnClick>PSFrepnopromchange()</OnClick></Scripts>
	</CheckButton>

<Button name="$parent_Button777" inherits="UIPanelButtonTemplate" text="Support development">
	<Size x="190" y="24"/><Anchors><Anchor point="BOTTOMLEFT"><Offset x="190" y="20"/></Anchor></Anchors>
	<Scripts><OnClick>PSFdonatef()</OnClick></Scripts>
	</Button>
<Button name="$parent_Button1" inherits="UIPanelButtonTemplate" text="pscredits1">
	<Size x="160" y="24"/><Anchors><Anchor point="BOTTOMLEFT"><Offset x="20" y="20"/></Anchor></Anchors>
	<Scripts><OnClick>PSF_creditsgo()</OnClick></Scripts>
	</Button>



<CheckButton name="$parent_CheckButton4" inherits="UICheckButtonTemplate">
	<Size x="25" y="25"/><Anchors><Anchor point="TOPLEFT"><Offset x="20" y="-95"/></Anchor></Anchors>
	<Scripts><OnLoad>getglobal(PSFmain3_CheckButton4:GetName().."Text"):SetText(psminibuttset) getglobal(PSFmain3_CheckButton4:GetName().."Text"):SetFont(GameFontNormal:GetFont(), 13)</OnLoad><OnClick>PSFminimaponoff()</OnClick></Scripts>
	</CheckButton>
<CheckButton name="$parent_CheckButton11" inherits="UICheckButtonTemplate">
	<Size x="25" y="25"/><Anchors><Anchor point="TOPLEFT"><Offset x="20" y="-115"/></Anchor></Anchors>
	<Scripts><OnLoad>getglobal(PSFmain3_CheckButton11:GetName().."Text"):SetText(psaddonrscafterfigh1) getglobal(PSFmain3_CheckButton11:GetName().."Text"):SetFont(GameFontNormal:GetFont(), 13)</OnLoad><OnClick>PSFpotsafterfight(1)</OnClick></Scripts>
	</CheckButton>
<CheckButton name="$parent_CheckButton12" inherits="UICheckButtonTemplate">
	<Size x="25" y="25"/><Anchors><Anchor point="TOPLEFT"><Offset x="20" y="-135"/></Anchor></Anchors>
	<Scripts><OnLoad>getglobal(PSFmain3_CheckButton12:GetName().."Text"):SetText(psaddonrscafterfigh2) getglobal(PSFmain3_CheckButton12:GetName().."Text"):SetFont(GameFontNormal:GetFont(), 13)</OnLoad><OnClick>PSFpotsafterfight(2)</OnClick></Scripts>
	</CheckButton>
<CheckButton name="$parent_CheckButton13" inherits="UICheckButtonTemplate">
	<Size x="25" y="25"/><Anchors><Anchor point="TOPLEFT"><Offset x="20" y="-155"/></Anchor></Anchors>
	<Scripts><OnLoad>getglobal(PSFmain3_CheckButton13:GetName().."Text"):SetText(psaddonrscafterfigh3) getglobal(PSFmain3_CheckButton13:GetName().."Text"):SetFont(GameFontNormal:GetFont(), 13)</OnLoad><OnClick>PSFpotsafterfight(3)</OnClick></Scripts>
	</CheckButton>
<CheckButton name="$parent_CheckButton14" inherits="UICheckButtonTemplate">
	<Size x="25" y="25"/><Anchors><Anchor point="TOPLEFT"><Offset x="20" y="-175"/></Anchor></Anchors>
	<Scripts><OnLoad>getglobal(PSFmain3_CheckButton14:GetName().."Text"):SetText(pstrackbadtext) getglobal(PSFmain3_CheckButton14:GetName().."Text"):SetFont(GameFontNormal:GetFont(), 13)</OnLoad><OnClick>if pstrackbadsummons==1 then pstrackbadsummons=0 else pstrackbadsummons=1 end</OnClick></Scripts>
	</CheckButton>

<Button name="$parent_Button1" inherits="UIPanelButtonTemplate" text="pschatchopt">
	<Size x="190" y="26"/><Anchors><Anchor point="TOPLEFT"><Offset x="20" y="-205"/></Anchor></Anchors>
	<Scripts><OnClick>PSF_chatedit()</OnClick></Scripts>
	</Button>
<Button name="$parent_Button12" inherits="UIPanelButtonTemplate" text="psmainfonttxtbut">
	<Size x="190" y="26"/><Anchors><Anchor point="TOPLEFT"><Offset x="230" y="-205"/></Anchor></Anchors>
	<Scripts><OnClick>PSF_fontedit()</OnClick></Scripts>
	</Button>
<Button name="$parent_Buttonopt" inherits="UIPanelButtonTemplate" text="psbutmainoptra2">
	<Size x="190" y="26"/><Anchors><Anchor point="TOPLEFT"><Offset x="440" y="-205"/></Anchor></Anchors>
	<Scripts><OnClick>psiccoptraidf()</OnClick></Scripts>
	</Button>


<Button name="$parent_Buttonrezallsave" inherits="UIPanelButtonTemplate" text="psbuttonrezallsave">
	<Size x="190" y="26"/><Anchors><Anchor point="TOPLEFT"><Offset x="20" y="-245"/></Anchor></Anchors>
	<Scripts><OnClick>psresetallsave()</OnClick></Scripts>
	</Button>

</frames>
	</Frame>

<Button name="$parent_Button2" inherits="UIPanelButtonTemplate" text="psaddonok">
	<Size x="70" y="24"/><Anchors><Anchor point="BOTTOMRIGHT"><Offset x="-9" y="9"/></Anchor></Anchors>
	<Scripts><OnClick>PSF_buttonsaveexit()</OnClick></Scripts>
	</Button>


<Frame name="PSFbossmodframe" hidden="true">

	<Size x="750" y="500"/>
	<Anchors>
	<Anchor point="RIGHT"/>
	</Anchors>
	<Layers>
	<Layer level="ARTWORK">
<FontString name="$parent_Text" inherits="GameFontNormal" text="psbmctitle">
	<Anchors><Anchor point="LEFT" relativePoint="TOPLEFT"/></Anchors>
	</FontString>
<FontString name="$parent_Textmark22" inherits="GameFontNormal" text="psmainbossmsort">
	<Size x="154" y="54"/><Anchors><Anchor point="RIGHT" relativePoint="TOPLEFT"><Offset x="160" y="-25"/></Anchor></Anchors>
	</FontString>
	</Layer>
	</Layers>
	<Backdrop bgFile="Interface\DialogFrame\UI-DialogBox-Background" edgeFile="Interface\DialogFrame\UI-DialogBox-Border" tile="true">
	<TileSize>
	<AbsValue val="32"/>
	</TileSize>
	<EdgeSize>
	<AbsValue val="32"/>
	</EdgeSize>
	<BackgroundInsets>
	<AbsInset left="11" right="12" top="12" bottom="11"/>
	</BackgroundInsets>
	</Backdrop>
<frames>
<Button name="$parent_Button1" inherits="UIPanelButtonTemplate" text="pssend">
	<Size x="130" y="26"/><Anchors><Anchor point="TOPLEFT"><Offset x="20" y="-460"/></Anchor></Anchors>
	<Scripts><OnClick>psbossmodinfoshowstats(1)</OnClick></Scripts>
	</Button>
<Button name="$parent_Button2" inherits="UIPanelButtonTemplate" text="psreload">
	<Size x="130" y="26"/><Anchors><Anchor point="TOPLEFT"><Offset x="240" y="-13"/></Anchor></Anchors>
	<Scripts><OnClick>psbossmodframeopen()</OnClick></Scripts>
	</Button>
</frames>
</Frame>

<Frame name="PSFdeathreport" hidden="true">

	<Size x="750" y="500"/>
	<Anchors>
	<Anchor point="RIGHT"/>
	</Anchors>
	<Layers>
	<Layer level="ARTWORK">
<FontString name="$parent_Text" inherits="GameFontNormal" text="psdeathreporttitle">
	<Anchors><Anchor point="LEFT" relativePoint="TOPLEFT"/></Anchors>
	</FontString>
	</Layer>
	</Layers>
	<Backdrop bgFile="Interface\DialogFrame\UI-DialogBox-Background" edgeFile="Interface\DialogFrame\UI-DialogBox-Border" tile="true">
	<TileSize>
	<AbsValue val="32"/>
	</TileSize>
	<EdgeSize>
	<AbsValue val="32"/>
	</EdgeSize>
	<BackgroundInsets>
	<AbsInset left="11" right="12" top="12" bottom="11"/>
	</BackgroundInsets>
	</Backdrop>
<frames>
<Button name="$parent_Button1" inherits="UIPanelButtonTemplate" text="psbuttonreset">
	<Size x="130" y="26"/><Anchors><Anchor point="TOPLEFT"><Offset x="470" y="-350"/></Anchor></Anchors>
	<Scripts><OnClick>psdeathrepreset()</OnClick></Scripts>
	</Button>
</frames>
</Frame>


<Frame name="PSFautoinvframe" hidden="true">

	<Size x="750" y="500"/>
	<Anchors>
	<Anchor point="RIGHT"/>
	</Anchors>
	<Layers>
	<Layer level="ARTWORK">
<FontString name="$parent_Text" inherits="GameFontNormal" text="psautoinvmodname2">
	<Anchors><Anchor point="LEFT" relativePoint="TOPLEFT"/></Anchors>
	</FontString>
<FontString name="$parent_Text14" inherits="GameFontNormal" text="psautoinvopt6">
	<Size x="450" y="45"/><Anchors><Anchor point="LEFT" relativePoint="TOPLEFT"><Offset x="212" y="-468"/></Anchor></Anchors>
	</FontString>
<FontString name="$parent_Text141" inherits="GameFontNormal" text="psannouncebutdesc">
	<Size x="520" y="45"/><Anchors><Anchor point="LEFT" relativePoint="TOPLEFT"><Offset x="212" y="-413"/></Anchor></Anchors>
	</FontString>
<FontString name="$parent_Text15" inherits="GameFontNormal" text="psautopromotetext1">
	<Size x="400" y="45"/><Anchors><Anchor point="LEFT" relativePoint="TOPLEFT"><Offset x="330" y="-126"/></Anchor></Anchors>
	</FontString>
<FontString name="$parent_Text16" inherits="GameFontNormal" text="psautomlset">
	<Size x="400" y="45"/><Anchors><Anchor point="LEFT" relativePoint="TOPLEFT"><Offset x="330" y="-151"/></Anchor></Anchors>
	</FontString>
<FontString name="$parent_Text17" inherits="GameFontNormal" text="psdiffsettext">
	<Size x="590" y="45"/><Anchors><Anchor point="LEFT" relativePoint="TOPLEFT"><Offset x="141" y="-181"/></Anchor></Anchors>
	</FontString>
<FontString name="$parent_Text18" inherits="GameFontNormal" text="psthresholddesc">
	<Size x="590" y="45"/><Anchors><Anchor point="LEFT" relativePoint="TOPLEFT"><Offset x="141" y="-206"/></Anchor></Anchors>
	</FontString>
	</Layer>
	</Layers>
	<Backdrop bgFile="Interface\DialogFrame\UI-DialogBox-Background" edgeFile="Interface\DialogFrame\UI-DialogBox-Border" tile="true">
	<TileSize>
	<AbsValue val="32"/>
	</TileSize>
	<EdgeSize>
	<AbsValue val="32"/>
	</EdgeSize>
	<BackgroundInsets>
	<AbsInset left="11" right="12" top="12" bottom="11"/>
	</BackgroundInsets>
	</Backdrop>
<frames>

<EditBox name="$parent_edbox10" inherits="InputBoxTemplate" autoFocus="false">
	<Size x="300" y="21"/><Anchors><Anchor point="TOPLEFT"><Offset x="25" y="-45"/></Anchor></Anchors>
	</EditBox>
<CheckButton name="$parent_CheckButtonau10" inherits="UICheckButtonTemplate">
	<Size x="25" y="25"/><Anchors><Anchor point="TOPLEFT"><Offset x="20" y="-20"/></Anchor></Anchors>
	<Scripts><OnLoad>getglobal(PSFautoinvframe_CheckButtonau10:GetName().."Text"):SetText(psautoinvopt1)</OnLoad><OnClick>if psautoinvsave[1]==1 then psautoinvsave[1]=0 else psautoinvsave[1]=1 end</OnClick></Scripts>
	</CheckButton>
<CheckButton name="$parent_CheckButtonau11" inherits="UICheckButtonTemplate">
	<Size x="25" y="25"/><Anchors><Anchor point="TOPLEFT"><Offset x="20" y="-70"/></Anchor></Anchors>
	<Scripts><OnLoad>getglobal(PSFautoinvframe_CheckButtonau11:GetName().."Text"):SetText(psautoinvopt2)</OnLoad><OnClick>if psautoinvsave[2]==1 then psautoinvsave[2]=0 else psautoinvsave[2]=1 end</OnClick></Scripts>
	</CheckButton>
<CheckButton name="$parent_CheckButtonau12" inherits="UICheckButtonTemplate">
	<Size x="25" y="25"/><Anchors><Anchor point="TOPLEFT"><Offset x="20" y="-90"/></Anchor></Anchors>
	<Scripts><OnLoad>getglobal(PSFautoinvframe_CheckButtonau12:GetName().."Text"):SetText(psautoinvopt3)</OnLoad><OnClick>if psautoinvsave[3]==1 then psautoinvsave[3]=0 else psautoinvsave[3]=1 end</OnClick></Scripts>
	</CheckButton>
<EditBox name="$parent_edbox20" inherits="InputBoxTemplate" autoFocus="false">
	<Size x="300" y="21"/><Anchors><Anchor point="TOPLEFT"><Offset x="25" y="-115"/></Anchor></Anchors>
	</EditBox>
<EditBox name="$parent_edbox30" inherits="InputBoxTemplate" autoFocus="false">
	<Size x="300" y="21"/><Anchors><Anchor point="TOPLEFT"><Offset x="25" y="-140"/></Anchor></Anchors>
	</EditBox>

<CheckButton name="$parent_CheckButtonau13" inherits="UICheckButtonTemplate">
	<Size x="25" y="25"/><Anchors><Anchor point="TOPLEFT"><Offset x="20" y="-227"/></Anchor></Anchors>
	<Scripts><OnLoad>getglobal(PSFautoinvframe_CheckButtonau13:GetName().."Text"):SetText(psautoinvopt5)</OnLoad><OnClick>if psautoinvsave[4]==1 then psautoinvsave[4]=0 else psautoinvsave[4]=1 end</OnClick></Scripts>
	</CheckButton>

<CheckButton name="$parent_CheckButtonau14" inherits="UICheckButtonTemplate">
	<Size x="25" y="25"/><Anchors><Anchor point="TOPLEFT"><Offset x="20" y="-282"/></Anchor></Anchors>
	<Scripts><OnLoad>getglobal(PSFautoinvframe_CheckButtonau14:GetName().."Text"):SetText(psspaminvgi)</OnLoad><OnClick>if psautoinvsave[9]==1 then psautoinvsave[9]=0 else psautoinvsave[9]=1 end</OnClick></Scripts>
	</CheckButton>


<Button name="$parent_Buttoninviteonrank" inherits="UIPanelButtonTemplate" text="psinvitebut2">
	<Size x="220" y="26"/><Anchors><Anchor point="TOPLEFT"><Offset x="255" y="-309"/></Anchor></Anchors>
	<Scripts><OnClick>psinviteonrankfunc()</OnClick></Scripts>
	</Button>
<Button name="$parent_Buttoninviteonrank2" inherits="UIPanelButtonTemplate" text="psinvitebut">
	<Size x="220" y="26"/><Anchors><Anchor point="TOPLEFT"><Offset x="485" y="-309"/></Anchor></Anchors>
	<Scripts><OnClick>psinviteonrankfunc2()</OnClick></Scripts>
	</Button>


<EditBox name="$parent_edbox40" inherits="InputBoxTemplate" autoFocus="false">
	<Size x="500" y="21"/><Anchors><Anchor point="TOPLEFT"><Offset x="25" y="-375"/></Anchor></Anchors>
	</EditBox>
<Button name="$parent_Buttoninvannounce" inherits="UIPanelButtonTemplate" text="psannouncebut">
	<Size x="190" y="26"/><Anchors><Anchor point="TOPLEFT"><Offset x="20" y="-400"/></Anchor></Anchors>
	<Scripts><OnClick>ps_inv_ann()</OnClick></Scripts>
	</Button>


<Button name="$parent_Buttondisb" inherits="UIPanelButtonTemplate" text="psdisbantinvbut">
	<Size x="190" y="26"/><Anchors><Anchor point="TOPLEFT"><Offset x="20" y="-455"/></Anchor></Anchors>
	<Scripts><OnClick>psdisbantandinvitef()</OnClick></Scripts>
	</Button>

</frames>
</Frame>



<Frame name="PSFmain4" hidden="true">
	<Size x="750" y="500"/>
	<Anchors>
	<Anchor point="RIGHT"/>
	</Anchors>
	<Layers>
	<Layer level="ARTWORK">
	<FontString name="$parent_Text" inherits="GameFontNormal" text="psmarks">
		<Anchors><Anchor point="LEFT" relativePoint="TOPLEFT"/></Anchors>
	</FontString>
	<FontString name="$parent_Textin" inherits="GameFontNormal" text="psmarkinfo1">
		<Anchors><Anchor point="LEFT" relativePoint="TOPLEFT"><Offset x="20" y="-58"/></Anchor></Anchors>
	</FontString>
	<FontString name="$parent_Text2" inherits="GameFontNormal" text="psmarkinfo2">
		<Anchors><Anchor point="LEFT" relativePoint="TOPLEFT"><Offset x="20" y="-115"/></Anchor></Anchors>
	</FontString>
	<FontString name="$parent_Textmark1" hidden="true" inherits="GameFontNormal" text="psmarkinfo3">
		<Anchors><Anchor point="CENTER" relativePoint="TOPLEFT"><Offset x="125" y="-30"/></Anchor></Anchors><Color r="0" g="1" b="0" a="1"/>
	</FontString>
	<FontString name="$parent_Textmark2" hidden="true" inherits="GameFontNormal" text="psmarkinfo4">
		<Anchors><Anchor point="CENTER" relativePoint="TOPLEFT"><Offset x="125" y="-30"/></Anchor></Anchors><Color r="1" g="0" b="0" a="1"/>
	</FontString>
	</Layer>
	</Layers>
	<Backdrop bgFile="Interface\DialogFrame\UI-DialogBox-Background" edgeFile="Interface\DialogFrame\UI-DialogBox-Border" tile="true">
	<TileSize>
		<AbsValue val="32"/>
	</TileSize>
	<EdgeSize>
		<AbsValue val="32"/>
	</EdgeSize>
	<BackgroundInsets>
		<AbsInset left="11" right="12" top="12" bottom="11"/>
	</BackgroundInsets>
	</Backdrop>
<frames>

<Slider name="$parent_Timerref" inherits="OptionsSliderTemplate">
	<Anchors><Anchor point="TOPLEFT"><Offset x="35" y="-75" /></Anchor></Anchors>
	<Scripts><OnLoad>getglobal("PSFmain4_TimerrefHigh"):SetText("30") getglobal("PSFmain4_TimerrefLow"):SetText("1") PSFmain4_Timerref:SetMinMaxValues(1, 30) PSFmain4_Timerref:SetValueStep(1) PSFmain4_Timerref:SetValue(secrefmark) psslidertimerefmark()</OnLoad><OnValueChanged>psslidertimerefmark()</OnValueChanged></Scripts>
	</Slider>

<Button name="$parent_Button20" hidden="true" inherits="UIPanelButtonTemplate" text="psbuttonon">
	<Size x="105" y="26"/><Anchors><Anchor point="TOPLEFT"><Offset x="25" y="-335"/></Anchor></Anchors>
	<Scripts><OnClick>PSF_buttonbeginmark()</OnClick></Scripts>
	</Button>
<Button name="$parent_Button22" hidden="true" inherits="UIPanelButtonTemplate" text="psbuttonoff">
	<Size x="105" y="26"/><Anchors><Anchor point="TOPLEFT"><Offset x="25" y="-335"/></Anchor></Anchors>
	<Scripts><OnClick>PSF_buttonoffmark()</OnClick></Scripts>
	</Button>
<Button name="$parent_Button211" inherits="UIPanelButtonTemplate" text="psbuttonreset">
	<Size x="105" y="26"/><Anchors><Anchor point="TOPLEFT"><Offset x="135" y="-335"/></Anchor></Anchors>
	<Scripts><OnClick>PSF_buttonresetmark()</OnClick></Scripts>
	</Button>

<Button name="$parent_Button21" inherits="UIPanelButtonTemplate" text="psmarkofftxt">
	<Size x="200" y="26"/><Anchors><Anchor point="TOPLEFT"><Offset x="275" y="-235"/></Anchor></Anchors>
	<Scripts><OnClick>PSF_marksoffsetaut()</OnClick></Scripts>
	</Button>

<Button name="$parent_Button210" hidden="true" inherits="UIPanelButtonTemplate" text="psmainmarkgetm2">
	<Size x="200" y="26"/><Anchors><Anchor point="TOPLEFT"><Offset x="35" y="-438"/></Anchor></Anchors>
	<Scripts><OnClick>PSF_marksgetfromraid()</OnClick></Scripts>
	</Button>
<Button name="$parent_Button212" hidden="true" inherits="UIPanelButtonGrayTemplate" text="psmainmarkgetm2">
	<Size x="200" y="26"/><Anchors><Anchor point="TOPLEFT"><Offset x="35" y="-438"/></Anchor></Anchors>
	</Button>

</frames>
	</Frame>


<Frame name="PSFmain5" hidden="true">

	<Size x="750" y="500"/>
	<Anchors>
	<Anchor point="RIGHT"/>
	</Anchors>
	<Layers>
	<Layer level="ARTWORK">
<FontString name="$parent_Text" inherits="GameFontNormal" text="pstimers">
	<Anchors><Anchor point="LEFT" relativePoint="TOPLEFT"/></Anchors>
	</FontString>

<FontString name="$parent_Text2" inherits="GameFontNormal" text="pstimersinfo9">
	<Anchors><Anchor point="TOPLEFT"><Offset x="20" y="-105"/></Anchor></Anchors>
	</FontString>
<FontString name="$parent_Text3" inherits="GameFontNormal" text="pstimersinfo10">
	<Anchors><Anchor point="TOPLEFT"><Offset x="20" y="-125"/></Anchor></Anchors>
	</FontString>
<FontString name="$parent_Text4" inherits="GameFontNormal" text="pstimersinfo11">
	<Anchors><Anchor point="TOPLEFT"><Offset x="20" y="-145"/></Anchor></Anchors>
	</FontString>
<FontString name="$parent_Text5" inherits="GameFontNormal" text="pstimersinfo12">
	<Anchors><Anchor point="TOPLEFT"><Offset x="20" y="-225"/></Anchor></Anchors>
	</FontString>
<FontString name="$parent_Text6" inherits="GameFontNormal" text="pstimersinfo13">
	<Anchors><Anchor point="TOPLEFT"><Offset x="20" y="-245"/></Anchor></Anchors>
	</FontString>
<FontString name="$parent_Text7" inherits="GameFontNormal" text="pstimersinfo14">
	<Anchors><Anchor point="TOPLEFT"><Offset x="20" y="-325"/></Anchor></Anchors>
	</FontString>
<FontString name="$parent_Text8" inherits="GameFontNormal" text="pstimersinfo15">
	<Anchors><Anchor point="TOPLEFT"><Offset x="20" y="-345"/></Anchor></Anchors>
	</FontString>
<FontString name="$parent_Text9" inherits="GameFontNormal" text="pstimersinfo16">
	<Anchors><Anchor point="TOPLEFT"><Offset x="269" y="-345"/></Anchor></Anchors>
	</FontString>
	</Layer>
	</Layers>

<Backdrop bgFile="Interface\DialogFrame\UI-DialogBox-Background" edgeFile="Interface\DialogFrame\UI-DialogBox-Border" tile="true">
	<TileSize>
	<AbsValue val="32"/>
	</TileSize>
	<EdgeSize>
	<AbsValue val="32"/>
	</EdgeSize>
	<BackgroundInsets>
	<AbsInset left="11" right="12" top="12" bottom="11"/>
	</BackgroundInsets>
	</Backdrop>
<frames>
<EditBox name="$parent_timertopull1" inherits="InputBoxTemplate" numeric="true" letters="2" autoFocus="false">
	<Size x="25" y="20"/><Anchors><Anchor point="TOPLEFT"><Offset x="372" y="-141"/></Anchor></Anchors>
	</EditBox>
<EditBox name="$parent_timerpereriv1" inherits="InputBoxTemplate" numeric="true" letters="3" autoFocus="false">
	<Size x="30" y="20"/><Anchors><Anchor point="TOPLEFT"><Offset x="312" y="-240"/></Anchor></Anchors>
	</EditBox>
<EditBox name="$parent_timersvoi1" inherits="InputBoxTemplate" numeric="true" letters="3" autoFocus="false">
	<Size x="30" y="20"/><Anchors><Anchor point="TOPLEFT"><Offset x="312" y="-341"/></Anchor></Anchors>
	</EditBox>
<EditBox name="$parent_timersvoi2" inherits="InputBoxTemplate" letters="30" autoFocus="false">
	<Size x="140" y="20"/><Anchors><Anchor point="TOPLEFT"><Offset x="127" y="-341"/></Anchor></Anchors>
	</EditBox>
<Button name="$parent_Button51" inherits="UIPanelButtonTemplate" text="pstimerbutton1">
	<Size x="190" y="26"/><Anchors><Anchor point="TOPLEFT"><Offset x="406" y="-139"/></Anchor></Anchors>
	<Scripts><OnClick>PSFbeginpullmenu()</OnClick></Scripts>
	</Button>
<Button name="$parent_Button52" inherits="UIPanelButtonTemplate" text="pstimerbutton2">
	<Size x="190" y="26"/><Anchors><Anchor point="TOPLEFT"><Offset x="406" y="-237"/></Anchor></Anchors>
	<Scripts><OnClick>PSFbeginpereriv(PSFmain5_timerpereriv1:GetNumber(),PSFmain5_RadioButton251:GetChecked())</OnClick></Scripts>
	</Button>
<Button name="$parent_Button53" inherits="UIPanelButtonTemplate" text="pstimerbutton3">
	<Size x="190" y="26"/><Anchors><Anchor point="TOPLEFT"><Offset x="406" y="-338"/></Anchor></Anchors>
	<Scripts><OnClick>PSFbegiowntimer()</OnClick></Scripts>
	</Button>
<CheckButton name="$parent_RadioButton251" inherits="SendMailRadioButtonTemplate">
	<Anchors><Anchor point="TOPLEFT"><Offset x="341" y="-234"/></Anchor></Anchors>
	<Scripts><OnLoad>getglobal(PSFmain5_RadioButton251:GetName().."Text"):SetText(psminut) PSFmain5_RadioButton251:SetChecked(1)</OnLoad>
	<OnClick>
	PSFmain5_RadioButton252:SetChecked(nil)
	PSFmain5_RadioButton251:SetChecked(1)
	</OnClick>
	</Scripts>
	</CheckButton>
<CheckButton name="$parent_RadioButton252" inherits="SendMailRadioButtonTemplate">
	<Anchors><Anchor point="TOPLEFT"><Offset x="341" y="-249"/></Anchor></Anchors>
	<Scripts><OnLoad>getglobal(PSFmain5_RadioButton252:GetName().."Text"):SetText(pssecund) PSFmain5_RadioButton252:SetChecked(nil)</OnLoad>
	<OnClick>
	PSFmain5_RadioButton251:SetChecked(nil)
	PSFmain5_RadioButton252:SetChecked(1)
	</OnClick>
	</Scripts>
	</CheckButton>
<CheckButton name="$parent_RadioButton253" inherits="SendMailRadioButtonTemplate">
	<Anchors><Anchor point="TOPLEFT"><Offset x="341" y="-335"/></Anchor></Anchors>
	<Scripts>
	<OnLoad>
	getglobal(PSFmain5_RadioButton253:GetName().."Text"):SetText(psminut)
	PSFmain5_RadioButton253:SetChecked(1) 
	</OnLoad>
	<OnClick>
	PSFmain5_RadioButton254:SetChecked(nil)
	PSFmain5_RadioButton253:SetChecked(1) 
	</OnClick>
	</Scripts>
	</CheckButton>
<CheckButton name="$parent_RadioButton254" inherits="SendMailRadioButtonTemplate">
	<Anchors><Anchor point="TOPLEFT"><Offset x="341" y="-350"/></Anchor></Anchors>
	<Scripts>
	<OnLoad>
	getglobal(PSFmain5_RadioButton254:GetName().."Text"):SetText(pssecund)
	PSFmain5_RadioButton254:SetChecked(nil)
	</OnLoad>
	<OnClick>
	PSFmain5_RadioButton253:SetChecked(nil)
	PSFmain5_RadioButton254:SetChecked(1)
	</OnClick>
	</Scripts>
	</CheckButton>
</frames>

	</Frame>

<Frame name="PSFmain12" hidden="true">

	<Size x="750" y="500"/>
	<Anchors>
	<Anchor point="RIGHT"/>
	</Anchors>
	<Layers>
	<Layer level="ARTWORK">
<FontString name="$parent_Text" inherits="GameFontNormal" text="psuinomodule1">
	<Anchors><Anchor point="LEFT" relativePoint="TOPLEFT"/></Anchors>
	</FontString>
<FontString name="$parent_Text2" inherits="GameFontNormal" text="psuinomodule2">
	<Anchors><Anchor point="CENTER" relativePoint="CENTER"><Offset x="0" y="90"/></Anchor></Anchors>
	</FontString>
	</Layer>
	</Layers>
	<Backdrop bgFile="Interface\DialogFrame\UI-DialogBox-Background" edgeFile="Interface\DialogFrame\UI-DialogBox-Border" tile="true">
	<TileSize>
	<AbsValue val="32"/>
	</TileSize>
	<EdgeSize>
	<AbsValue val="32"/>
	</EdgeSize>
	<BackgroundInsets>
	<AbsInset left="11" right="12" top="12" bottom="11"/>
	</BackgroundInsets>
	</Backdrop>
</Frame>

<Frame name="PSFmainchated" hidden="true">

	<Size x="750" y="500"/>
	<Anchors>
	<Anchor point="RIGHT"/>
	</Anchors>
	<Layers>
	<Layer level="ARTWORK">
<FontString name="$parent_Text" inherits="GameFontNormal" text="pschatopttitl">
	<Anchors><Anchor point="LEFT" relativePoint="TOPLEFT"/></Anchors>
	</FontString>
	</Layer>
	</Layers>
	<Backdrop bgFile="Interface\DialogFrame\UI-DialogBox-Background" edgeFile="Interface\DialogFrame\UI-DialogBox-Border" tile="true">
	<TileSize>
	<AbsValue val="32"/>
	</TileSize>
	<EdgeSize>
	<AbsValue val="32"/>
	</EdgeSize>
	<BackgroundInsets>
	<AbsInset left="11" right="12" top="12" bottom="11"/>
	</BackgroundInsets>
	</Backdrop>
<frames>
<Button name="$parent_Button10" inherits="UIPanelButtonTemplate" text="pschataddbut">
	<Size x="100" y="26"/><Anchors><Anchor point="TOPLEFT"><Offset x="140" y="-137"/></Anchor></Anchors>
	<Scripts><OnClick>PSF_addchatrep()</OnClick></Scripts>
	</Button>
<Button name="$parent_Button11" inherits="UIPanelButtonGrayTemplate" text="pschataddbut">
	<Size x="100" y="26"/><Anchors><Anchor point="TOPLEFT"><Offset x="140" y="-137"/></Anchor></Anchors>
	<Scripts><OnClick>out("|cff99ffffPhoenixStyle|r - |cffff0000"..pserror.."|r "..pschataddfail)</OnClick></Scripts>
	</Button>
<Button name="$parent_Button20" inherits="UIPanelButtonTemplate" text="pschatrembut">
	<Size x="100" y="26"/><Anchors><Anchor point="TOPLEFT"><Offset x="140" y="-242"/></Anchor></Anchors>
	<Scripts><OnClick>PSF_remchatrep()</OnClick></Scripts>
	</Button>
<Button name="$parent_Button21" inherits="UIPanelButtonGrayTemplate" text="pschatrembut">
	<Size x="100" y="26"/><Anchors><Anchor point="TOPLEFT"><Offset x="140" y="-242"/></Anchor></Anchors>
	<Scripts><OnClick>out("|cff99ffffPhoenixStyle|r - |cffff0000"..pserror.."|r "..pschatremfail)</OnClick></Scripts>
	</Button>
</frames>
</Frame>


<Frame name="PSFmainfontchange" hidden="true">

	<Size x="750" y="500"/>
	<Anchors>
	<Anchor point="RIGHT"/>
	</Anchors>
	<Layers>
	<Layer level="ARTWORK">
<FontString name="$parent_Text" inherits="GameFontNormal" text="psmainfonttxttitle">
	<Anchors><Anchor point="LEFT" relativePoint="TOPLEFT"/></Anchors>
	</FontString>
	</Layer>
	</Layers>
	<Backdrop bgFile="Interface\DialogFrame\UI-DialogBox-Background" edgeFile="Interface\DialogFrame\UI-DialogBox-Border" tile="true">
	<TileSize>
	<AbsValue val="32"/>
	</TileSize>
	<EdgeSize>
	<AbsValue val="32"/>
	</EdgeSize>
	<BackgroundInsets>
	<AbsInset left="11" right="12" top="12" bottom="11"/>
	</BackgroundInsets>
	</Backdrop>
<frames>


<Slider name="$parent_slid1" inherits="OptionsSliderTemplate">
	<Anchors><Anchor point="TOPLEFT"><Offset x="20" y="-95" /></Anchor></Anchors>
	<Scripts><OnValueChanged>psfontsliderf(1)</OnValueChanged></Scripts>
	</Slider>

<Slider name="$parent_slid2" inherits="OptionsSliderTemplate">
	<Anchors><Anchor point="TOPLEFT"><Offset x="20" y="-265" /></Anchor></Anchors>
	<Scripts><OnValueChanged>psfontsliderf(2)</OnValueChanged></Scripts>
	</Slider>

<Button name="$parent_Buttonrezet" inherits="UIPanelButtonTemplate" text="psbuttonreset">
	<Size x="120" y="26"/><Anchors><Anchor point="TOPLEFT"><Offset x="570" y="-75"/></Anchor></Anchors>
	<Scripts><OnClick>psfontreset()</OnClick></Scripts>
	</Button>


</frames>
</Frame>


<Frame name="PSFpotioncheckframe" hidden="true">

	<Size x="750" y="500"/>
	<Anchors>
	<Anchor point="RIGHT"/>
	</Anchors>
	<Layers>
	<Layer level="ARTWORK">
<FontString name="$parent_Text" inherits="GameFontNormal" text="psfpotchecklocal2">
	<Anchors><Anchor point="LEFT" relativePoint="TOPLEFT"/></Anchors>
	</FontString>
<FontString name="$parent_Text1" inherits="GameFontNormal" text="psfneedrscaddon">
	<Anchors><Anchor point="CENTER" relativePoint="CENTER"><Offset x="0" y="90"/></Anchor></Anchors>
	</FontString>
<FontString name="$parent_Text2" inherits="GameFontNormal" text="psraaddonanet2">
	<Anchors><Anchor point="CENTER" relativePoint="CENTER"><Offset x="0" y="70"/></Anchor></Anchors>
	</FontString>
<FontString name="$parent_Text3" inherits="GameFontNormal" text="psfneedrscaddon2">
	<Anchors><Anchor point="CENTER" relativePoint="CENTER"><Offset x="0" y="30"/></Anchor></Anchors>
	</FontString>
	</Layer>
	</Layers>
	<Backdrop bgFile="Interface\DialogFrame\UI-DialogBox-Background" edgeFile="Interface\DialogFrame\UI-DialogBox-Border" tile="true">
	<TileSize>
	<AbsValue val="32"/>
	</TileSize>
	<EdgeSize>
	<AbsValue val="32"/>
	</EdgeSize>
	<BackgroundInsets>
	<AbsInset left="11" right="12" top="12" bottom="11"/>
	</BackgroundInsets>
	</Backdrop>
<frames>
<CheckButton name="$parent_CheckButton1" inherits="UICheckButtonTemplate">
	<Size x="25" y="25"/>
	<Anchors>
	<Anchor point="TOPLEFT">
	<Offset x="550" y="-170"/>
	</Anchor>
	</Anchors>
	<Scripts>
	<OnLoad>getglobal(PSFpotioncheckframe_CheckButton1:GetName().."Text"):SetText(rsclocrlslak)</OnLoad>
	<OnClick>rscchange()</OnClick>
	</Scripts>
	</CheckButton>
<CheckButton name="$parent_CheckButton2" inherits="UICheckButtonTemplate">
	<Size x="25" y="25"/>
	<Anchors>
	<Anchor point="TOPLEFT">
	<Offset x="550" y="-100"/>
	</Anchor>
	</Anchors>
	<Scripts>
	<OnLoad>getglobal(PSFpotioncheckframe_CheckButton2:GetName().."Text"):SetText(rscloccolor)</OnLoad>
	<OnClick>rscchange2()</OnClick>
	</Scripts>
	</CheckButton>
<CheckButton name="$parent_CheckButton3" inherits="UICheckButtonTemplate">
	<Size x="25" y="25"/>
	<Anchors>
	<Anchor point="TOPLEFT">
	<Offset x="550" y="-120"/>
	</Anchor>
	</Anchors>
	<Scripts>
	<OnLoad>getglobal(PSFpotioncheckframe_CheckButton3:GetName().."Text"):SetText(psonlybossfigtloc)</OnLoad>
	<OnClick>rscchange3()</OnClick>
	</Scripts>
	</CheckButton>
<Button name="$parent_Buttonrezet" hidden="true" inherits="UIPanelButtonTemplate" text="psbuttonreset">
	<Size x="120" y="26"/><Anchors><Anchor point="TOPLEFT"><Offset x="50" y="-15"/></Anchor></Anchors>
	<Scripts><OnClick>rscrezetpot()</OnClick></Scripts>
	</Button>
<Button name="$parent_Buttonprepot" inherits="UIPanelButtonTemplate" text="rscprepots">
	<Size x="150" y="26"/><Anchors><Anchor point="TOPLEFT"><Offset x="547" y="-75"/></Anchor></Anchors>
	<Scripts><OnClick>openrscchoosbattle(1)</OnClick></Scripts>
	</Button>
<Button name="$parent_Button10" inherits="UIPanelButtonTemplate" text="rsclocpot11">
	<Size x="150" y="26"/><Anchors><Anchor point="TOPLEFT"><Offset x="547" y="-240"/></Anchor></Anchors>
	<Scripts><OnClick>rscrepnopot()</OnClick></Scripts>
	</Button>
<Button name="$parent_Button20" inherits="UIPanelButtonTemplate" text="rsclocpot2">
	<Size x="150" y="26"/><Anchors><Anchor point="TOPLEFT"><Offset x="547" y="-280"/></Anchor></Anchors>
	<Scripts><OnClick>rscrepnochossedpot()</OnClick></Scripts>
	</Button>

<Button name="$parent_Button11" inherits="UIPanelButtonTemplate" text="rsclocpot10">
	<Size x="150" y="26"/><Anchors><Anchor point="TOPLEFT"><Offset x="547" y="-280"/></Anchor></Anchors>
	<Scripts><OnClick>rscrepnopot2()</OnClick></Scripts>
	</Button>
<Button name="$parent_ButtonHS" inherits="UIPanelButtonTemplate" text="pswhousehstext">
	<Size x="170" y="26"/><Anchors><Anchor point="TOPLEFT"><Offset x="547" y="-400"/></Anchor></Anchors>
	<Scripts><OnClick>if rscversion and rscversion>1.2501 then rscwhousedhsreport() else print("Update your RaidSlackCheck addon!") end</OnClick></Scripts>
	</Button>
<Button name="$parent_ButtonHS2" inherits="UIPanelButtonTemplate" text="pswhousehstext2">
	<Size x="170" y="26"/><Anchors><Anchor point="TOPLEFT"><Offset x="547" y="-360"/></Anchor></Anchors>
	<Scripts><OnClick>if rscversion and rscversion>1.2501 then rscwhousedhsreport2() else print("Update your RaidSlackCheck addon!") end</OnClick></Scripts>
	</Button>


<Button name="$parent_Button30" inherits="UIPanelButtonTemplate" text="rsclocpot10">
	<Size x="150" y="26"/><Anchors><Anchor point="TOPLEFT"><Offset x="547" y="-275"/></Anchor></Anchors>
	<Scripts><OnClick>rscrepnortafretcom1()</OnClick></Scripts>
	</Button>
<Button name="$parent_Button40" inherits="UIPanelButtonTemplate" text="rsclocpot11">
	<Size x="150" y="26"/><Anchors><Anchor point="TOPLEFT"><Offset x="547" y="-315"/></Anchor></Anchors>
	<Scripts><OnClick>rscrepnortafretcom2()</OnClick></Scripts>
	</Button>

<ScrollingMessageFrame name="psreportframe1" enableKeyboard="true" fade="false" maxLines="37">
	<Size x="80" y="470"/>
	<Anchors>
	<Anchor point="TOPLEFT">
	<Offset x="12" y="-10"/>
	</Anchor>
	</Anchors>
	<FontString font="Fonts\FRIZQT__.TTF" justifyV="TOP" justifyH="LEFT">
	<FontHeight>
	<AbsValue val="12" />
	</FontHeight>
	<Color r="1" g="1" b="1" />
	<Shadow>
	<Color r="0" g="0" b="0" />
	<Offset>
	<AbsDimension x="1" y="-1" />
	</Offset>
	</Shadow>
	</FontString>
	<TextInsets>
	<AbsInset left="7" right="0" top="0" bottom="0" />
	</TextInsets>
</ScrollingMessageFrame>

<ScrollingMessageFrame name="psreportframe2" enableKeyboard="true" fade="false" maxLines="37">
	<Size x="500" y="470"/>
	<Anchors>
	<Anchor point="TOPLEFT">
	<Offset x="76" y="-10"/>
	</Anchor>
	</Anchors>
	<Scripts>
	<OnHyperlinkClick>SetItemRef(link,text,button);</OnHyperlinkClick>
	</Scripts>
	<FontString font="Fonts\FRIZQT__.TTF" justifyV="TOP" justifyH="LEFT">
	<FontHeight>
	<AbsValue val="12" />
	</FontHeight>
	<Color r="1" g="1" b="1" />
	<Shadow>
	<Color r="0" g="0" b="0" />
	<Offset>
	<AbsDimension x="1" y="-1" />
	</Offset>
	</Shadow>
	</FontString>
	<TextInsets>
	<AbsInset left="7" right="0" top="0" bottom="0" />
	</TextInsets>
</ScrollingMessageFrame>

<ScrollingMessageFrame name="psreportframe3" enableKeyboard="true" fade="false" maxLines="37">
	<Size x="400" y="470"/>
	<Anchors>
	<Anchor point="TOPLEFT">
	<Offset x="175" y="-10"/>
	</Anchor>
	</Anchors>
	<Scripts>
	<OnHyperlinkClick>SetItemRef(link,text,button);</OnHyperlinkClick>
	</Scripts>
	<FontString name="$parent_test" font="Fonts\FRIZQT__.TTF" justifyV="TOP" justifyH="LEFT">
	<FontHeight>
	<AbsValue val="12" />
	</FontHeight>
	<Color r="1" g="1" b="1" />
	<Shadow>
	<Color r="0" g="0" b="0" />
	<Offset>
	<AbsDimension x="1" y="-1" />
	</Offset>
	</Shadow>
	</FontString>
	<TextInsets>
	<AbsInset left="7" right="0" top="0" bottom="0" />
	</TextInsets>
</ScrollingMessageFrame>
</frames>
</Frame>

<Frame name="PSFmain10" hidden="true">

<Size x="750" y="500"/>
	<Anchors>
	<Anchor point="RIGHT"/>
	</Anchors>
	<Layers>
	<Layer level="ARTWORK">
<FontString name="$parent_Text" inherits="GameFontNormal" text="psuierror">
	<Anchors><Anchor point="LEFT" relativePoint="TOPLEFT"/></Anchors>
	</FontString>
<FontString name="$parent_Text" inherits="GameFontNormal" text="psuierroraddonoff">
	<Anchors><Anchor point="CENTER" relativePoint="CENTER"><Offset x="0" y="90"/></Anchor></Anchors>
	</FontString>
	</Layer>
	</Layers>
	<Backdrop bgFile="Interface\DialogFrame\UI-DialogBox-Background" edgeFile="Interface\DialogFrame\UI-DialogBox-Border" tile="true">
	<TileSize>
	<AbsValue val="32"/>
	</TileSize>
	<EdgeSize>
	<AbsValue val="32"/>
	</EdgeSize>
	<BackgroundInsets>
	<AbsInset left="11" right="12" top="12" bottom="11"/>
	</BackgroundInsets>
	</Backdrop>
	</Frame>

<Frame name="PSFmainrano" hidden="true">
	<Size x="750" y="500"/>
	<Anchors>
	<Anchor point="RIGHT"/>
	</Anchors>
	<Layers>
	<Layer level="ARTWORK">
	<FontString name="$parent_Text" inherits="GameFontNormal" text="psuierror">
	<Anchors><Anchor point="LEFT" relativePoint="TOPLEFT"/></Anchors>
	</FontString>
	<FontString name="$parent_Text" inherits="GameFontNormal" text="psraaddonanet">
	<Anchors><Anchor point="CENTER" relativePoint="CENTER"><Offset x="0" y="90"/></Anchor></Anchors>
	</FontString>
	<FontString name="$parent_Text" inherits="GameFontNormal" text="psraaddonanet2">
	<Anchors><Anchor point="CENTER" relativePoint="CENTER"><Offset x="0" y="70"/></Anchor></Anchors>
	</FontString>
	</Layer>
	</Layers>
	<Backdrop bgFile="Interface\DialogFrame\UI-DialogBox-Background" edgeFile="Interface\DialogFrame\UI-DialogBox-Border" tile="true">
	<TileSize>
	<AbsValue val="32"/>
	</TileSize>
	<EdgeSize>
	<AbsValue val="32"/>
	</EdgeSize>
	<BackgroundInsets>
	<AbsInset left="11" right="12" top="12" bottom="11"/>
	</BackgroundInsets>
	</Backdrop>
	</Frame>

<Frame name="PSFthanks" hidden="true">

<Size x="750" y="500"/>
	<Anchors>
	<Anchor point="RIGHT"/>
	</Anchors>
	<Layers>
	<Layer level="ARTWORK">
<FontString name="$parent_Text" inherits="GameFontNormal" text="pscredits2">
	<Anchors><Anchor point="LEFT" relativePoint="TOPLEFT"/></Anchors>
	</FontString>
	</Layer>
	</Layers>
	<Backdrop bgFile="Interface\DialogFrame\UI-DialogBox-Background" edgeFile="Interface\DialogFrame\UI-DialogBox-Border" tile="true">
	<TileSize>
	<AbsValue val="32"/>
	</TileSize>
	<EdgeSize>
	<AbsValue val="32"/>
	</EdgeSize>
	<BackgroundInsets>
	<AbsInset left="11" right="12" top="12" bottom="11"/>
	</BackgroundInsets>
	</Backdrop>
	</Frame>

<Frame name="PSFthanks2" hidden="true">

<Size x="750" y="500"/>
	<Anchors>
	<Anchor point="RIGHT"/>
	</Anchors>
	<Layers>
	<Layer level="ARTWORK">
<FontString name="$parent_Text" inherits="GameFontNormal" text="    Info about donations">
	<Anchors><Anchor point="LEFT" relativePoint="TOPLEFT"/></Anchors>
	</FontString>
	</Layer>
	</Layers>
	<Backdrop bgFile="Interface\DialogFrame\UI-DialogBox-Background" edgeFile="Interface\DialogFrame\UI-DialogBox-Border" tile="true">
	<TileSize>
	<AbsValue val="32"/>
	</TileSize>
	<EdgeSize>
	<AbsValue val="32"/>
	</EdgeSize>
	<BackgroundInsets>
	<AbsInset left="11" right="12" top="12" bottom="11"/>
	</BackgroundInsets>
	</Backdrop>
	</Frame>



<Frame name="PSFraidopt" hidden="true">

<Size x="750" y="500"/>
	<Anchors>
	<Anchor point="RIGHT"/>
	</Anchors>
	<Layers>
	<Layer level="ARTWORK">
<FontString name="$parent_Text" inherits="GameFontNormal" text="psmainraidopttxt1">
	<Anchors><Anchor point="LEFT" relativePoint="TOPLEFT"/></Anchors>
	</FontString>
	</Layer>
	</Layers>
	<Backdrop bgFile="Interface\DialogFrame\UI-DialogBox-Background" edgeFile="Interface\DialogFrame\UI-DialogBox-Border" tile="true">
	<TileSize>
	<AbsValue val="32"/>
	</TileSize>
	<EdgeSize>
	<AbsValue val="32"/>
	</EdgeSize>
	<BackgroundInsets>
	<AbsInset left="11" right="12" top="12" bottom="11"/>
	</BackgroundInsets>
	</Backdrop>
<frames>
<Button name="$parent_Buttonrez" inherits="UIPanelButtonTemplate" text="psbuttonreset">
	<Size x="85" y="26"/><Anchors><Anchor point="TOPLEFT"><Offset x="645" y="-85"/></Anchor></Anchors>
	<Scripts><OnClick>psroptreset()</OnClick></Scripts>
		</Button>
<Slider name="$parent_Combatsvd1" inherits="OptionsSliderTemplate">
	<Anchors><Anchor point="TOPLEFT"><Offset x="570" y="-270" /></Anchor></Anchors>
	<Scripts><OnValueChanged>psicccombqcha22()</OnValueChanged></Scripts>
	</Slider>
</frames>
	</Frame>

<Frame name="PSFerrorframeuniq" hidden="true">

<Size x="750" y="500"/>
	<Anchors>
	<Anchor point="RIGHT"/>
	</Anchors>
	<Layers>
	<Layer level="ARTWORK">
<FontString name="$parent_Text" inherits="GameFontNormal" text="psuierror">
	<Anchors><Anchor point="LEFT" relativePoint="TOPLEFT"/></Anchors>
	</FontString>
	</Layer>
	</Layers>
	<Backdrop bgFile="Interface\DialogFrame\UI-DialogBox-Background" edgeFile="Interface\DialogFrame\UI-DialogBox-Border" tile="true">
	<TileSize>
	<AbsValue val="32"/>
	</TileSize>
	<EdgeSize>
	<AbsValue val="32"/>
	</EdgeSize>
	<BackgroundInsets>
	<AbsInset left="11" right="12" top="12" bottom="11"/>
	</BackgroundInsets>
	</Backdrop>
	</Frame>


<Frame name="PSFemptyframe" hidden="true">

<Size x="750" y="500"/>
	<Anchors>
	<Anchor point="RIGHT"/>
	</Anchors>
	<Layers>
	<Layer level="ARTWORK">
<FontString name="$parent_Text" inherits="GameFontNormal" text="">
	<Anchors><Anchor point="LEFT" relativePoint="TOPLEFT"/></Anchors>
	</FontString>
	</Layer>
	</Layers>
	<Backdrop bgFile="Interface\DialogFrame\UI-DialogBox-Background" edgeFile="Interface\DialogFrame\UI-DialogBox-Border" tile="true">
	<TileSize>
	<AbsValue val="32"/>
	</TileSize>
	<EdgeSize>
	<AbsValue val="32"/>
	</EdgeSize>
	<BackgroundInsets>
	<AbsInset left="11" right="12" top="12" bottom="11"/>
	</BackgroundInsets>
	</Backdrop>
<frames>

<Button name="$parent_Button3" inherits="UIPanelButtonGrayTemplate" text="Skip">
	<Size x="125" y="26"/><Anchors><Anchor point="TOPLEFT"><Offset x="305" y="-400"/></Anchor></Anchors>
	<Scripts><OnClick>out("Too quick... Read it please")</OnClick></Scripts>
		</Button>
<Button name="$parent_Button4" inherits="UIPanelButtonGrayTemplate" text="Skip">
	<Size x="125" y="26"/><Anchors><Anchor point="TOPLEFT"><Offset x="305" y="-400"/></Anchor></Anchors>
	<Scripts><OnClick>out("Too quick... Read it please")</OnClick></Scripts>
		</Button>
<Button name="$parent_Button1" inherits="UIPanelButtonTemplate" text="Skip">
	<Size x="125" y="26"/><Anchors><Anchor point="TOPLEFT"><Offset x="305" y="-400"/></Anchor></Anchors>
	<Scripts><OnClick>psshowaddframe33=1 psdonareq2=16 psshowdoateinf(1)</OnClick></Scripts>
		</Button>
<Button name="$parent_Button2" inherits="UIPanelButtonTemplate" text="Skip">
	<Size x="125" y="26"/><Anchors><Anchor point="TOPLEFT"><Offset x="305" y="-400"/></Anchor></Anchors>
	<Scripts><OnClick>psshowaddframe34=1 psdonareq3=6 psshowdoateinf(2)</OnClick></Scripts>
		</Button>
</frames>
	</Frame>














<Frame name="PSFmainfrainsavedinfo" hidden="true" parent="PSFmain1">

	<Size x="750" y="500"/>
	<Anchors>
	<Anchor point="RIGHT"/>
	</Anchors>
	<Layers>
	<Layer level="ARTWORK">
<FontString name="$parent_Text" inherits="GameFontNormal" text="psmainsavedinfotit">
	<Anchors><Anchor point="LEFT" relativePoint="TOPLEFT"/></Anchors>
	</FontString>

	</Layer>
	</Layers>

	<Backdrop bgFile="Interface\DialogFrame\UI-DialogBox-Background" edgeFile="Interface\DialogFrame\UI-DialogBox-Border" tile="true">
	<TileSize>
	<AbsValue val="32"/>
	</TileSize>
	<EdgeSize>
	<AbsValue val="32"/>
	</EdgeSize>
	<BackgroundInsets>
	<AbsInset left="11" right="12" top="12" bottom="11"/>
	</BackgroundInsets>
	</Backdrop>
<frames>

<Button name="$parent_Button1" inherits="UIPanelButtonTemplate" text="pssend">
	<Size x="85" y="26"/><Anchors><Anchor point="TOPLEFT"><Offset x="155" y="-391"/></Anchor></Anchors>
	<Scripts><OnClick>pssireportbut(1)</OnClick></Scripts>
		</Button>
<Button name="$parent_Button2" inherits="UIPanelButtonTemplate" text="pssend">
	<Size x="85" y="26"/><Anchors><Anchor point="TOPLEFT"><Offset x="155" y="-441"/></Anchor></Anchors>
	<Scripts><OnClick>pssireportbut(2)</OnClick></Scripts>
		</Button>
<Button name="$parent_Button3" inherits="UIPanelButtonTemplate" text="pssend">
	<Size x="100" y="26"/><Anchors><Anchor point="TOPLEFT"><Offset x="255" y="-391"/></Anchor></Anchors>
	<Scripts><OnClick>pssireportbut(3)</OnClick></Scripts>
		</Button>
<Button name="$parent_Button4" inherits="UIPanelButtonTemplate" text="pssend">
	<Size x="100" y="26"/><Anchors><Anchor point="TOPLEFT"><Offset x="255" y="-441"/></Anchor></Anchors>
	<Scripts><OnClick>pssireportbut(4)</OnClick></Scripts>
		</Button>

<Button name="$parent_Buttonmore" inherits="UIPanelButtonTemplate" text="pssavedibutmore1">
	<Size x="100" y="26"/><Anchors><Anchor point="TOPLEFT"><Offset x="620" y="-36"/></Anchor></Anchors>
	<Scripts><OnClick>pssimorebuttons()</OnClick></Scripts>
		</Button>
<Button name="$parent_Buttonexport" inherits="UIPanelButtonTemplate" text="pssavediexportopt5">
	<Size x="85" y="26"/><Anchors><Anchor point="TOPLEFT"><Offset x="600" y="-340"/></Anchor></Anchors>
	<Scripts><OnClick>pssavedinfoexport()</OnClick></Scripts>
		</Button>
<Button name="$parent_Buttonreset2" inherits="UIPanelButtonTemplate" text="pssaveddeleteinfo">
	<Size x="90" y="26"/><Anchors><Anchor point="TOPLEFT"><Offset x="560" y="-105"/></Anchor></Anchors>
	<Scripts><OnClick>pssavedinforeset(2)</OnClick></Scripts>
		</Button>
<Button name="$parent_Buttonreset3" inherits="UIPanelButtonTemplate" text="pssaveddeleteinfo2">
	<Size x="90" y="26"/><Anchors><Anchor point="TOPLEFT"><Offset x="650" y="-105"/></Anchor></Anchors>
	<Scripts><OnClick>pssavedinforeset(3)</OnClick></Scripts>
		</Button>

<Slider name="$parent_Combatsvd1" inherits="OptionsSliderTemplate">
	<Anchors><Anchor point="TOPLEFT"><Offset x="570" y="-80" /></Anchor></Anchors>
	<Scripts><OnValueChanged>psicccombqcha2()</OnValueChanged></Scripts>
	</Slider>
<Slider name="$parent_Combatsvd2" inherits="OptionsSliderTemplate">
	<Anchors><Anchor point="TOPLEFT"><Offset x="570" y="-260" /></Anchor></Anchors>
	<Scripts><OnValueChanged>psicccombqcha3()</OnValueChanged></Scripts>
	</Slider>
<Slider name="$parent_slid1" inherits="OptionsSliderTemplate">
	<Size x="200" y="17"/><Anchors><Anchor point="TOPLEFT"><Offset x="499" y="-402" /></Anchor></Anchors>
	<Scripts><OnValueChanged>psslidincomb12(1)</OnValueChanged></Scripts>
	</Slider>
<Slider name="$parent_slid2" inherits="OptionsSliderTemplate">
	<Size x="200" y="17"/><Anchors><Anchor point="TOPLEFT"><Offset x="499" y="-442" /></Anchor></Anchors>
	<Scripts><OnValueChanged>psslidincomb12(2)</OnValueChanged></Scripts>
	</Slider>
<CheckButton name="$parent_RadioButton1" inherits="SendMailRadioButtonTemplate">
	<Anchors><Anchor point="TOPLEFT"><Offset x="552" y="-290"/></Anchor></Anchors>
	<Scripts>
	<OnLoad>
	getglobal(PSFmainfrainsavedinfo_RadioButton1:GetName().."Text"):SetText(pssavediradiobexp1)
	</OnLoad>
	<OnClick>
		PSFmainfrainsavedinfo_RadioButton1:SetChecked(1)
		PSFmainfrainsavedinfo_RadioButton2:SetChecked(nil)
		PSFmainfrainsavedinfo_RadioButton3:SetChecked(nil)
		pssaveexpradiobutset=1
	</OnClick>
	</Scripts>
	</CheckButton>
<CheckButton name="$parent_RadioButton2" inherits="SendMailRadioButtonTemplate">
	<Anchors><Anchor point="TOPLEFT"><Offset x="552" y="-305"/></Anchor></Anchors>
	<Scripts>
	<OnLoad>
	getglobal(PSFmainfrainsavedinfo_RadioButton2:GetName().."Text"):SetText(pssavediradiobexp2)
	</OnLoad>
	<OnClick>
		PSFmainfrainsavedinfo_RadioButton1:SetChecked(nil)
		PSFmainfrainsavedinfo_RadioButton2:SetChecked(1)
		PSFmainfrainsavedinfo_RadioButton3:SetChecked(nil)
		pssaveexpradiobutset=2
	</OnClick>
	</Scripts>
	</CheckButton>
<CheckButton name="$parent_RadioButton3" inherits="SendMailRadioButtonTemplate">
	<Anchors><Anchor point="TOPLEFT"><Offset x="552" y="-320"/></Anchor></Anchors>
	<Scripts>
	<OnLoad>
	getglobal(PSFmainfrainsavedinfo_RadioButton3:GetName().."Text"):SetText(pssavediradiobexp3)
	</OnLoad>
	<OnClick>
		PSFmainfrainsavedinfo_RadioButton1:SetChecked(nil)
		PSFmainfrainsavedinfo_RadioButton2:SetChecked(nil)
		PSFmainfrainsavedinfo_RadioButton3:SetChecked(1)
		pssaveexpradiobutset=3
	</OnClick>
	</Scripts>
	</CheckButton>

<EditBox name="$parent_edbox2" inherits="InputBoxTemplate" numeric="false" letters="30" autoFocus="false">
	<Size x="125" y="21"/><Anchors><Anchor point="TOPLEFT"><Offset x="30" y="-444"/></Anchor></Anchors>
	</EditBox>
</frames>

</Frame>


<Frame name="PSFrscflask" hidden="true">

<Size x="750" y="500"/>
	<Anchors>
	<Anchor point="RIGHT"/>
	</Anchors>
	<Layers>
	<Layer level="ARTWORK">
<FontString name="$parent_Text" inherits="GameFontNormal" text=" ">
	<Anchors><Anchor point="LEFT" relativePoint="TOPLEFT"/></Anchors>
	</FontString>
	</Layer>
	</Layers>
	<Backdrop bgFile="Interface\DialogFrame\UI-DialogBox-Background" edgeFile="Interface\DialogFrame\UI-DialogBox-Border" tile="true">
	<TileSize>
	<AbsValue val="32"/>
	</TileSize>
	<EdgeSize>
	<AbsValue val="32"/>
	</EdgeSize>
	<BackgroundInsets>
	<AbsInset left="11" right="12" top="12" bottom="11"/>
	</BackgroundInsets>
	</Backdrop>
<frames>
<Button name="$parent_Button1" inherits="UIPanelButtonTemplate" text="button1">
	<Size x="150" y="26"/><Anchors><Anchor point="TOPLEFT"><Offset x="20" y="-20"/></Anchor></Anchors>
	<Scripts><OnClick>rscupdateflask()</OnClick></Scripts>
	</Button>
<Button name="$parent_Button2" inherits="UIPanelButtonTemplate" text="button2">
	<Size x="150" y="26"/><Anchors><Anchor point="TOPLEFT"><Offset x="20" y="-50"/></Anchor></Anchors>
	<Scripts><OnClick>rscsendflaskmanual()</OnClick></Scripts>
	</Button>
<Slider name="$parent_min" inherits="OptionsSliderTemplate">
	<Anchors><Anchor point="TOPLEFT"><Offset x="20" y="-220" /></Anchor></Anchors>
	<Scripts><OnValueChanged>rscsliderflaskchan()</OnValueChanged></Scripts>
	</Slider>
<Button name="$parent_Buttonz1" inherits="UIPanelButtonTemplate" text="rsc old">
	<Size x="140" y="26"/><Anchors><Anchor point="TOPLEFT"><Offset x="457" y="-134"/></Anchor></Anchors>
	<Scripts><OnClick>rsczoneflaskch(1)</OnClick></Scripts>
	</Button>
<Button name="$parent_Buttonz2" inherits="UIPanelButtonTemplate" text="rsc old">
	<Size x="140" y="26"/><Anchors><Anchor point="TOPLEFT"><Offset x="457" y="-160"/></Anchor></Anchors>
	<Scripts><OnClick>rsczoneflaskch(2)</OnClick></Scripts>
	</Button>
<Button name="$parent_Buttonz3" inherits="UIPanelButtonTemplate" text="rsc old">
	<Size x="140" y="26"/><Anchors><Anchor point="TOPLEFT"><Offset x="597" y="-134"/></Anchor></Anchors>
	<Scripts><OnClick>rsczoneflaskch(3)</OnClick></Scripts>
	</Button>
<Button name="$parent_Buttonz4" inherits="UIPanelButtonTemplate" text="rsc old">
	<Size x="140" y="26"/><Anchors><Anchor point="TOPLEFT"><Offset x="597" y="-160"/></Anchor></Anchors>
	<Scripts><OnClick>rsczoneflaskch(4)</OnClick></Scripts>
	</Button>
</frames>
	</Frame>

<Frame name="PSFrscbuff" hidden="true">

<Size x="750" y="500"/>
	<Anchors>
	<Anchor point="RIGHT"/>
	</Anchors>
	<Layers>
	<Layer level="ARTWORK">
<FontString name="$parent_Text" inherits="GameFontNormal" text=" ">
	<Anchors><Anchor point="LEFT" relativePoint="TOPLEFT"/></Anchors>
	</FontString>
	</Layer>
	</Layers>
	<Backdrop bgFile="Interface\DialogFrame\UI-DialogBox-Background" edgeFile="Interface\DialogFrame\UI-DialogBox-Border" tile="true">
	<TileSize>
	<AbsValue val="32"/>
	</TileSize>
	<EdgeSize>
	<AbsValue val="32"/>
	</EdgeSize>
	<BackgroundInsets>
	<AbsInset left="11" right="12" top="12" bottom="11"/>
	</BackgroundInsets>
	</Backdrop>
<frames>
<Slider name="$parent_Timer1" inherits="OptionsSliderTemplate">
	<Anchors><Anchor point="TOPLEFT"><Offset x="525" y="-90" /></Anchor></Anchors>
	<Scripts><OnValueChanged>rscslider51()</OnValueChanged></Scripts>
	</Slider>
<Slider name="$parent_Timer2" inherits="OptionsSliderTemplate">
	<Anchors><Anchor point="TOPLEFT"><Offset x="525" y="-130" /></Anchor></Anchors>
	<Scripts><OnValueChanged>rscslider52()</OnValueChanged></Scripts>
	</Slider>
</frames>

	</Frame>


<Frame name="PSFmainic1" hidden="true" parent="PSFmain1">
<Size x="750" y="500"/>
	<Anchors>
	<Anchor point="RIGHT"/>
	</Anchors>
	<Layers>
	<Layer level="ARTWORK">
<FontString name="fpsicinfom1" inherits="GameFontNormal" text="psraidstxt2">
	<Anchors><Anchor point="LEFT" relativePoint="TOPLEFT"/></Anchors>
	</FontString>
<FontString name="$parent_Text1" inherits="GameFontNormal" text="psiccchat1">
	<Anchors><Anchor point="RIGHT" relativePoint="TOPLEFT"><Offset x="604" y="-24"/></Anchor></Anchors>
	</FontString>
<FontString name="$parent_Text11" inherits="GameFontNormal" text="psiccchat2">
	<Anchors><Anchor point="RIGHT" relativePoint="TOPLEFT"><Offset x="604" y="-47"/></Anchor></Anchors>
	</FontString>
<FontString name="$parent_Text12" inherits="GameFontNormal" text="psiccchat3">
	<Anchors><Anchor point="RIGHT" relativePoint="TOPLEFT"><Offset x="604" y="-70"/></Anchor></Anchors>
	</FontString>
<FontString name="$parent_Text3" inherits="GameFontNormal" text="(1)">
	<Anchors><Anchor point="LEFT" relativePoint="TOPLEFT"><Offset x="710" y="-24"/></Anchor></Anchors><Color r="0" g="1" b="0" a="1"/>
	</FontString>
<FontString name="$parent_Text4" inherits="GameFontNormal" text="(2)">
	<Anchors><Anchor point="LEFT" relativePoint="TOPLEFT"><Offset x="710" y="-47"/></Anchor></Anchors><Color r="1" g="0" b="0" a="1"/>
	</FontString>
<FontString name="$parent_Text4" inherits="GameFontNormal" text="(3)">
	<Anchors><Anchor point="LEFT" relativePoint="TOPLEFT"><Offset x="710" y="-70"/></Anchor></Anchors><Color r="255" g="223" b="0" a="1"/>
	</FontString>
	</Layer>
<Layer level="BACKGROUND">
	</Layer>
	</Layers>
	<Backdrop bgFile="Interface\DialogFrame\UI-DialogBox-Background" edgeFile="Interface\DialogFrame\UI-DialogBox-Border" tile="true">
	<TileSize>
	<AbsValue val="32"/>
	</TileSize>
	<EdgeSize>
	<AbsValue val="32"/>
	</EdgeSize>
	<BackgroundInsets>
	<AbsInset left="11" right="12" top="12" bottom="11"/>
	</BackgroundInsets>
	</Backdrop>
<frames>
<Button name="$parent_Buttonrez" inherits="UIPanelButtonTemplate" text="psbuttonreset">
	<Size x="85" y="26"/><Anchors><Anchor point="TOPLEFT"><Offset x="355" y="-460"/></Anchor></Anchors>
	<Scripts><OnClick>psiccallrezet()</OnClick></Scripts>
		</Button>
<Button name="$parent_Buttonloadmod" inherits="UIPanelButtonTemplate" text="psloadmodulebuttxt">
	<Size x="188" y="32"/><Anchors><Anchor point="TOPLEFT"><Offset x="150" y="-180"/></Anchor></Anchors>
	<Scripts><OnClick>psloadmodulemanual()</OnClick></Scripts>
	</Button>
<Button name="$parent_Buttonopt" inherits="UIPanelButtonTemplate" text="psmainraidopttxt2">
	<Size x="158" y="26"/><Anchors><Anchor point="TOPLEFT"><Offset x="172" y="-460"/></Anchor></Anchors>
	<Scripts><OnClick>psiccoptraidf()</OnClick></Scripts>
	</Button>
</frames>
</Frame>


<Frame name="PSFmainspellidframe" hidden="true" parent="PSFmain1">

	<Size x="750" y="500"/>
	<Anchors>
	<Anchor point="RIGHT"/>
	</Anchors>
	<Layers>
	<Layer level="ARTWORK">
<FontString name="$parent_Text" inherits="GameFontNormal" text="psspelllinkbuttitle">
	<Anchors><Anchor point="LEFT" relativePoint="TOPLEFT"/></Anchors>
	</FontString>
	</Layer>
	</Layers>

	<Backdrop bgFile="Interface\DialogFrame\UI-DialogBox-Background" edgeFile="Interface\DialogFrame\UI-DialogBox-Border" tile="true">
	<TileSize>
	<AbsValue val="32"/>
	</TileSize>
	<EdgeSize>
	<AbsValue val="32"/>
	</EdgeSize>
	<BackgroundInsets>
	<AbsInset left="11" right="12" top="12" bottom="11"/>
	</BackgroundInsets>
	</Backdrop>
<frames>
<EditBox name="$parent_edbox1" inherits="InputBoxTemplate" numeric="true" letters="6" autoFocus="false">
	<Size x="155" y="21"/><Anchors><Anchor point="TOPLEFT"><Offset x="270" y="-44"/></Anchor></Anchors>
	</EditBox>
<EditBox name="$parent_edbox2" inherits="InputBoxTemplate" numeric="false" letters="40" autoFocus="false">
	<Size x="155" y="21"/><Anchors><Anchor point="TOPLEFT"><Offset x="270" y="-84"/></Anchor></Anchors>
	</EditBox>
<EditBox name="$parent_edbox3" inherits="InputBoxTemplate" numeric="true" letters="6" autoFocus="false">
	<Size x="75" y="21"/><Anchors><Anchor point="TOP"><Offset x="-60" y="-234"/></Anchor></Anchors>
	</EditBox>
<EditBox name="$parent_edbox4" inherits="InputBoxTemplate" numeric="true" letters="6" autoFocus="false">
	<Size x="75" y="21"/><Anchors><Anchor point="TOP"><Offset x="40" y="-234"/></Anchor></Anchors>
	</EditBox>
<Button name="$parent_Button1" inherits="UIPanelButtonTemplate" text="psrunbutton">
	<Size x="85" y="26"/><Anchors><Anchor point="TOPLEFT"><Offset x="440" y="-42"/></Anchor></Anchors>
	<Scripts><OnClick>psfindspelllinks(1)</OnClick></Scripts>
		</Button>
<Button name="$parent_Button2" inherits="UIPanelButtonTemplate" text="psrunbutton">
	<Size x="85" y="26"/><Anchors><Anchor point="TOPLEFT"><Offset x="440" y="-82"/></Anchor></Anchors>
	<Scripts><OnClick>psfindspelllinks(2)</OnClick></Scripts>
		</Button>

<Button name="$parent_Button3" inherits="UIPanelButtonTemplate" text="psrunbutton">
	<Size x="85" y="26"/><Anchors><Anchor point="TOP"><Offset x="-10" y="-262"/></Anchor></Anchors>
	<Scripts><OnClick>psspellcheck2()</OnClick></Scripts>
		</Button>
</frames>

</Frame>



</frames>
	</Frame>



<Button name="PS_MinimapButton" parent="Minimap" enableMouse="true" frameStrata="MEDIUM" movable="true" hidden="true">
	<Size x="33" y="33"/>
	<Anchors>
	<Anchor point="TOPLEFT"/>
	</Anchors>
<Layers>
	<Layer level="OVERLAY">
	<Texture file="Interface\Minimap\MiniMap-TrackingBorder">
	<Size x="56" y="56"/>
	<Anchors>
	<Anchor point="TOPLEFT"/>
	</Anchors>
	</Texture>
	</Layer>
	</Layers>
<Frames>
	<Frame name="PS_MinimapButton_DraggingFrame" hidden="true" frameStrata="FULLSCREEN_DIALOG">
	<Scripts>
	<OnUpdate>
	PS_MinimapButton_DraggingFrame_OnUpdate()
	</OnUpdate>
	</Scripts>
	</Frame>
</Frames>
	<HighlightTexture alphaMode="ADD" file="Interface\Minimap\UI-Minimap-ZoomButton-Highlight"/>
	<Scripts>
	<OnLoad>
	self:RegisterForClicks('LeftButtonUp','RightButtonUp')
	self:RegisterForDrag('LeftButton','RightButton')
	</OnLoad>
	<OnEnter>
	if (not self.dragging) then
	PS_MinimapButton_OnEnter(self)
	end
	</OnEnter>
	<OnLeave>
	GameTooltip:Hide()
	tpsicon:SetPoint("TOPLEFT",7,-6)
	</OnLeave>
	<OnDragStart>
	tpsicon:SetPoint("TOPLEFT",7,-6)
	self.dragging = true
	GameTooltip:Hide()
	
	PS_MinimapButton_DraggingFrame:Show()
	</OnDragStart>
	<OnDragStop>
	tpsicon:SetPoint("TOPLEFT",7,-6)
	self.dragging = false
	
	PS_MinimapButton_DraggingFrame:Hide()
	</OnDragStop>
	<OnClick>
	PS_MinimapButton_OnClick()
	</OnClick>
	<OnMouseDown>
		tpsicon:SetPoint("TOPLEFT",8,-8)
	</OnMouseDown>
	<OnMouseUp>
		tpsicon:SetPoint("TOPLEFT",7,-6)
	</OnMouseUp>
	</Scripts>
</Button>




</Ui>