<Ui xmlns="http://www.blizzard.com/wow/ui/" xmlns:xsi="http://www.w3.org/2001/XMLSchema-instance" xsi:schemaLocation="http://www.blizzard.com/wow/ui/
..\FrameXML\UI.xsd">
	<Frame name="DBMKilFrameDrag" parent="UIParent" frameStrata="MEDIUM" hidden="true" topLevel="true" enableMouse="true" movable="true">
		<Size>
			<AbsDimension x="100" y="20"/>
		</Size>
		<Anchors>
			<Anchor point="CENTER" relativePoint="CENTER">
				<Offset>
					<AbsDimension x="150" y="-50"/>
				</Offset>
			</Anchor>
		</Anchors>
		<Layers>
			<Layer level="BACKGROUND">
				<FontString name="$parentTitle" inherits="GameFontNormalSmall" text="DBM_KIL_FRAME_TITLE">
					<Anchors>
						<Anchor point="BOTTOM" relativePoint="BOTTOM"/>
					</Anchors>
				</FontString>
			</Layer>
		</Layers>
		<Scripts>
			<OnLoad>
				this:SetUserPlaced(1)
			</OnLoad>
			<OnMouseDown>
				if arg1 == "LeftButton" and not DBM.AddOns.Kil.Options.FrameLocked then
					this:StartMoving()
				end
			</OnMouseDown>
			<OnMouseUp>
				this:StopMovingOrSizing()
				if arg1 == "RightButton" then
					UIDropDownMenu_Initialize(DBMKilMenu, DBM.AddOns.Kil.InitializeMenu, "MENU")
					ToggleDropDownMenu(1, nil, DBMKilMenu, "DBMKilMenu", 30, 50)
				end
			</OnMouseUp>
			<OnShow>
				DBM.AddOns.Kil:CreateFrame()
			</OnShow>			
		</Scripts>
	</Frame>
	<Frame name="DBMKilMenu" parent="DBMKilFrameDrag" inherits="UIDropDownMenuTemplate" id="1" hidden="true">
		<Size>
			<AbsDimension x="10" y="10"/>
		</Size>
		<Anchors>
			<Anchor point="BOTTOM" relativeto="DBMKilFrameDrag">
				<Offset>
					<AbsDimension x="0" y="-50"/>
				</Offset>
			</Anchor>
		</Anchors>
	</Frame>
	
	<Frame name="DBMKilFrameTemplate" enableMouse="true" virtual="true" frameStrata="MEDIUM" topLevel="true">
		<Size>
			<AbsDimension x="200" y="20"/>
		</Size>
		<Frames>
			<StatusBar name="$parentBar">
				<Size>
					<AbsDimension x="190" y="12"/>
				</Size>
				<Anchors>
					<Anchor point="CENTER" relativePoint="CENTER">
						<Offset>
							<AbsDimension x="0" y="0"/>
						</Offset>
					</Anchor>
				</Anchors>
				<Layers>
					<Layer level="BACKGROUND">
						<Texture name="$parentBackground">
							<Color r="0" g="0" b="0" a="0.3"/>
						</Texture>
					</Layer>
					<Layer level="OVERLAY">
						<FontString name="$parentName" inherits="GameFontHighlightSmall" text="">
							<Anchors>
								<Anchor point="LEFT" relativePoint="LEFT">
									<Offset>
										<AbsDimension x="1" y="1"/>
									</Offset>
								</Anchor>
							</Anchors>
						</FontString>
						<FontString name="$parentCooldown" inherits="GameFontHighlightSmall" text="">
							<Anchors>
								<Anchor point="RIGHT" relativePoint="RIGHT">
									<Offset>
										<AbsDimension x="-1" y="1"/>
									</Offset>
								</Anchor>
							</Anchors>
						</FontString>
						<Texture name="$parentSpark" file="Interface\CastingBar\UI-CastingBar-Spark" alphaMode="ADD">
							<Size>
								<AbsDimension x="32" y="32"/>
							</Size>
							<Anchors>
								<Anchor point="CENTER">
									<Offset>
										<AbsDimension x="0" y="1"/>
									</Offset>
								</Anchor>
							</Anchors>
						</Texture>
					</Layer>
				</Layers>
				<Frames>
					<Button name="$parentBorder">
						<Size>
							<AbsDimension x="198" y="32"/>
						</Size>
						<Anchors>
							<Anchor point="LEFT">
								<Offset>
									<AbsDimension x="-5" y="0"/>
								</Offset>
							</Anchor>
						</Anchors>
						<NormalTexture name="$parentTextureNormal" file="Interface\PaperDollInfoFrame\UI-Character-Skills-BarBorder"/>
						<Scripts>
							<OnMouseDown>
								if arg1 == "LeftButton" and not DBM.AddOns.Kil.Options.FrameLocked then
									DBMKilFrameDrag:StartMoving()
									this.moving = true
								end
							</OnMouseDown>
							<OnMouseUp>
								this.moving = false
								DBMKilFrameDrag:StopMovingOrSizing()
								if arg1 == "RightButton" then
									UIDropDownMenu_Initialize(DBMKilMenu, DBM.AddOns.Kil.InitializeMenu, "MENU")
									ToggleDropDownMenu(1, nil, DBMKilMenu, "DBMKilMenu", 30, 50)
								end
							</OnMouseUp>
							<OnHide>
								if this.moving then
									this.moving = false
									DBMKilFrameDrag:StopMovingOrSizing()
								end
							</OnHide>
						</Scripts>
					</Button>
				</Frames>
				<BarTexture name="$parentTextureBar" file="Interface\PaperDollInfoFrame\UI-Character-Skills-Bar"/>
				<BarColor r="1.0" g="0.7" b="0.0"/>
				<Scripts>
					<OnLoad>
						this:SetMinMaxValues(0, 20)
					</OnLoad>
					<OnUpdate>
						this:GetParent().entry:Update(arg1)
					</OnUpdate>
				</Scripts>
			</StatusBar>
		</Frames>
		<Scripts>
			<OnMouseDown>
				if arg1 == "LeftButton" and not DBM.AddOns.Kil.Options.FrameLocked then
					DBMKilFrameDrag:StartMoving()
				end
			</OnMouseDown>
			<OnMouseUp>
				DBMKilFrameDrag:StopMovingOrSizing()
				if arg1 == "RightButton" then
					UIDropDownMenu_Initialize(DBMKilMenu, DBM.AddOns.Kil.InitializeMenu, "MENU")
					ToggleDropDownMenu(1, nil, DBMKilMenu, "DBMKilMenu", 30, 50)
				end
			</OnMouseUp>
		</Scripts>
	</Frame>
</Ui>	
