<Ui xmlns="http://www.blizzard.com/wow/ui/" xmlns:xsi="http://www.w3.org/2001/XMLSchema-instance" xsi:schemaLocation="http://www.blizzard.com/wow/ui/
C:\Projects\WoW\Bin\Interface\FrameXML\UI.xsd">
	<Script file="CT_TargetFrame.lua"/>
	<Frame name="CT_TargetFrame" parent="TargetFrame">
		<Scripts>
			<OnLoad>
				self:RegisterEvent("PLAYER_ENTERING_WORLD");
				self:RegisterEvent("PLAYER_REGEN_DISABLED");
				self:RegisterEvent("PLAYER_REGEN_ENABLED");
			</OnLoad>
			<OnEvent>
				CT_TargetFrameOnEvent(self, event, ...);
			</OnEvent>
			<OnUpdate>
				CT_TargetFrameOnUpdate(self, elapsed);
			</OnUpdate>
		</Scripts>
		<Frames>
			<Frame name="$parentClassFrame" hidden="true">
				<Size>
					<AbsDimension x="100" y="25"/>
				</Size>

				<Backdrop bgFile="Interface\Tooltips\UI-Tooltip-Background" edgeFile="Interface\Tooltips\UI-Tooltip-Border" tile="true">
					<EdgeSize>
						<AbsValue val="16"/>
					</EdgeSize>
					<TileSize>
						<AbsValue val="16"/>
					</TileSize>
					<BackgroundInsets>
						<AbsInset left="5" right="5" top="5" bottom="5"/>
					</BackgroundInsets>
				</Backdrop>

				<Anchors>
					<Anchor point="BOTTOM" relativeTo="TargetFrameTextureFrameName" relativePoint="TOP">
						<Offset>
							<AbsDimension x="0" y="5"/>
						</Offset>
					</Anchor>
				</Anchors>
				<Layers>
					<Layer level="ARTWORK">
						<FontString name="$parentText" hidden="false" inherits="GameFontNormalSmall" text="">
							<Anchors>
								<Anchor point="CENTER"/>
							</Anchors>
							<Size>
								<AbsDimension x="96" y="12"/>
							</Size>
						</FontString>
					</Layer>
				</Layers>
				<Scripts>
					<OnLoad>
						self:SetBackdropColor(0, 0, 1, 0.5);
						self:RegisterEvent("UNIT_FACTION");
						self:RegisterEvent("UNIT_DYNAMIC_FLAGS");
						self:RegisterEvent("PLAYER_TARGET_CHANGED");
						self:RegisterEvent("PARTY_MEMBERS_CHANGED");
					</OnLoad>
					<OnEvent>
						CT_SetTargetClass();
					</OnEvent>
				</Scripts>
			</Frame>
			<Frame setAllPoints="true">
				<Frames>
					<Frame setAllPoints="true">
						<Layers>
							<Layer level="OVERLAY">
								<FontString name="CT_TargetHealthLeft" inherits="GameFontNormalSmall" text="">
									<Anchors>
										<Anchor point="RIGHT" relativeTo="TargetFrame" relativePoint="TOPLEFT">
											<Offset>
												<AbsDimension x="4" y="-46"/>
											</Offset>
										</Anchor>
									</Anchors>
								</FontString>
								<FontString name="CT_TargetManaLeft" inherits="GameFontNormalSmall" text="">
									<Anchors>
										<Anchor point="RIGHT" relativeTo="TargetFrame" relativePoint="TOPLEFT">
											<Offset>
												<AbsDimension x="4" y="-57"/>
											</Offset>
										</Anchor>
									</Anchors>
								</FontString>
							</Layer>
						</Layers>
						<Frames>
							<Button name="CT_TargetFrame_Drag" frameStrata="LOW" hidden="false" movable="true" toplevel="true">
								<Size>
									<AbsDimension x="100" y="20"/>
								</Size>
								<Anchors>
									<Anchor point="TOPLEFT" relativeTo="UIParent" relativePoint="TOPLEFT">
										<Offset>
											<AbsDimension x="278" y="-25"/>
										</Offset>
									</Anchor>
								</Anchors>
								<Scripts>
									<OnEnter>
										GameTooltip:SetOwner(self, "ANCHOR_TOPLEFT");
										GameTooltip:SetText("|c00FFFFFFTarget Frame|r\nLeft-click to drag.\nRight-click to reset.");
									</OnEnter>
									<OnLeave>
										GameTooltip:Hide();
									</OnLeave>
									<OnMouseDown>
										if ( button == "LeftButton" ) then
											self:StartMoving();
										elseif ( button == "RightButton" ) then
											if (not InCombatLockdown()) then
												CT_UnitFrames_ResetPosition(self:GetName());
												CT_UnitFrames_ResetDragLink(self:GetName());
											end
										end
									</OnMouseDown>
									<OnMouseUp>
										self:StopMovingOrSizing();
									</OnMouseUp>
									<OnLoad>
										CT_UnitFrames_ResetDragLink(self:GetName());
									</OnLoad>
								</Scripts>
							</Button>
						</Frames>
					</Frame>
				</Frames>
			</Frame>
		</Frames>
	</Frame>
</Ui>