﻿<?xml version="1.0" encoding="utf-8"?>
<Ui xmlns:xsi="http://www.w3.org/2001/XMLSchema-instance" xmlns="http://www.blizzard.com/wow/ui/" xsi:schemaLocation="http://www.blizzard.com/wow/ui/
..\FrameXML\UI.xsd">

<Include file="Locals\ARLLocals-enUS.lua"/>
<Include file="Locals\ARLLocals-koKR.lua"/>
<Include file="Locals\ARLLocals-frFR.lua"/>
<Include file="Locals\ARLLocals-zhCN.lua"/>
<Include file="Locals\ARLLocals-zhTW.lua"/>
<Include file="Locals\ARLLocals-deDE.lua"/>
<Include file="Locals\ARLLocals-esES.lua"/>
<Include file="Locals\ARLLocals-esMX.lua"/>
<Include file="Locals\ARLLocals-ruRU.lua"/>

</Ui>