<Ui xmlns="http://www.blizzard.com/wow/ui/"
    xmlns:xsi="http://www.w3.org/2001/XMLSchema-instance"
    xsi:schemaLocation="http://www.blizzard.com/wow/ui/">
		
	<EditBox name="IconicFrame" parent="MacroPopupFrame" autoFocus="false">
		<Size x="105" y="20" />
		
		<Anchors>
			<Anchor point="BOTTOMLEFT">
				<Offset x="17" y="13" />
			</Anchor>
		</Anchors>
		
		<Layers>
			<Layer level="BACKGROUND">
				<Texture name="IconicFrameLeft" file="Interface\ClassTrainerFrame\UI-ClassTrainer-FilterBorder">
					<Size>
						<AbsDimension x="12" y="26" />
					</Size>
					<Anchors>
						<Anchor point="LEFT">
							<Offset>
								<AbsDimension x="-8" y="-3" />
							</Offset>
						</Anchor>
					</Anchors>
					<TexCoords left="0" right="0.09375" top="0" bottom="1.0" />
				</Texture>
				<Texture name="IconicFrameMid" file="Interface\ClassTrainerFrame\UI-ClassTrainer-FilterBorder">
					<Size>
						<AbsDimension x="94" y="26" />
					</Size>
					<Anchors>
						<Anchor point="LEFT" relativeTo="IconicFrameLeft" relativePoint="RIGHT" />
					</Anchors>
					<TexCoords left="0.09375" right="0.90625" top="0" bottom="1.0" />
				</Texture>
				<Texture name="IconicFrameRight" file="Interface\ClassTrainerFrame\UI-ClassTrainer-FilterBorder">
					<Size>
						<AbsDimension x="12" y="26" />
					</Size>
					<Anchors>
						<Anchor point="LEFT" relativeTo="IconicFrameMid" relativePoint="RIGHT" />
					</Anchors>
					<TexCoords left="0.90625" right="1.0" top="0" bottom="1.0"/>
				</Texture>
			</Layer>
		</Layers>
		
		<Scripts>
			<OnEscapePressed>
				IconicFrame:ClearFocus()
			</OnEscapePressed>
			<OnTextChanged>
				Iconic_MacroPopupScroll_ResetPosition()
				Iconic_MacroPopupFrame_Update()
				Iconic_TooltipRefresh()
			</OnTextChanged>
		</Scripts>
		
		<FontString inherits="ChatFontNormal" />
	</EditBox>
</Ui>
