﻿<Ui xmlns:xsi="http://www.w3.org/2001/XMLSchema-instance" xmlns:xsd="http://www.w3.org/2001/XMLSchema" xmlns="http://www.blizzard.com/wow/ui/">
 <Script file="Libs\AceLibrary\AceLibrary.lua"/>
 <Script file="Libs\Dewdrop\Dewdrop-2.0.lua"/>
 <Script file="Libs\LibStub\LibStub.lua"/>
 <Include file="Libs\CallbackHandler-1.0\CallbackHandler-1.0.xml"/>
 <Include file="Libs\AceAddon-3.0\AceAddon-3.0.xml"/>
 <Include file="Libs\AceGUI-3.0\AceGUI-3.0.xml"/>
 <Include file="Libs\AceConsole-3.0\AceConsole-3.0.xml"/>
 <Include file="Libs\AceEvent-3.0\AceEvent-3.0.xml"/>
 <Include file="Libs\AceComm-3.0\AceComm-3.0.xml"/>
 <Include file="Libs\AceConfig-3.0\AceConfig-3.0.xml"/>
 <Include file="Libs\AceDB-3.0\AceDB-3.0.xml"/>
 <Include file="Libs\AceDBOptions-3.0\AceDBOptions-3.0.xml"/>
 <Include file="Libs\AceHook-3.0\AceHook-3.0.xml"/>
 <Include file="Libs\AceLocale-3.0\AceLocale-3.0.xml"/>
 <Include file="Libs\AceSerializer-3.0\AceSerializer-3.0.xml"/>
 <Include file="Libs\AceTimer-3.0\AceTimer-3.0.xml"/>
 <Include file="Libs\ChatThrottleLib\ChatThrottleLib.xml"/>
</Ui>