<Ui xmlns="http://www.blizzard.com/wow/ui/"
xmlns:xsi="http://www.w3.org/2001/XMLSchema-instance"
xsi:schemaLocation="http://www.blizzard.com/wow/ui/ ..\FrameXML\UI.xsd">
<!--
	Version: 5.0.0 (BillyGoat)
	Revision: $Id: Auctioneer.xml 2728 2008-01-07 05:34:33Z ccox $

	License:
		This program is free software; you can redistribute it and/or
		modify it under the terms of the GNU General Public License
		as published by the Free Software Foundation; either version 2
		of the License, or (at your option) any later version.

		This program is distributed in the hope that it will be useful,
		but WITHOUT ANY WARRANTY; without even the implied warranty of
		MERCHANTABILITY or FITNESS FOR A PARTICULAR PURPOSE.  See the
		GNU General Public License for more details.

		You should have received a copy of the GNU General Public License
		along with this program(see GPL.txt); if not, write to the Free Software
		Foundation, Inc., 51 Franklin Street, Fifth Floor, Boston, MA  02110-1301, USA.

	Note:
		This AddOn's source code is specifically designed to work with
		World of Warcraft's interpreted AddOn system.
		You have an implicit licence to use this AddOn with these facilities
		since that is it's designated purpose as per:
		http://www.fsf.org/licensing/licenses/gpl-faq.html#InterpreterIncompat
-->
	<!-- Do not hide this frame, it contains OnUpdate which does not fire when the frame is hidden. -->
	<Frame name="AuctioneerFrame" parent="UIParent" hidden="false">
		<Scripts>
			<OnLoad>
				Auctioneer_RegisterRevision("$URL: http://svn.norganna.org/auctioneer/branches/RC_5.0/Auctioneer/Auctioneer.xml $", "$Rev: 2728 $")
				Auctioneer.OnLoad(self);
				self:RegisterEvent("ADDON_LOADED")
			</OnLoad>
			<OnEvent>
				if (event == "ADDON_LOADED" and select(1, ...):lower() == "auctioneer") then
					Auctioneer.Util.DebugPrint("Auctioneer ADDDON_LOADED Fired!", "Auctioneer - XML", Auctioneer.Util.DebugLib.Level.Info)
					Auctioneer.Core.AddOnLoaded()
					self:UnregisterEvent("ADDON_LOADED")
				end
			</OnEvent>
			<OnUpdate>
				if (AucQueryManager_OnUpdate) then
					AucQueryManager_OnUpdate(elapsed);
				end
				if (AucScanManager_OnUpdate) then
					AucScanManager_OnUpdate(elapsed);
				end
				if (AucBidScanner_OnUpdate) then
					AucBidScanner_OnUpdate(elapsed);
				end
			</OnUpdate>
		</Scripts>
	</Frame>
</Ui>


