<Ui xmlns="http://www.blizzard.com/wow/ui/" xmlns:xsi="http://www.w3.org/2001/XMLSchema-instance" xsi:schemaLocation="http://www.blizzard.com/wow/ui/
..\FrameXML\UI.xsd">
	<Script file="TitanCoords.lua"/>
	<Frame parent="UIParent">
		<Frames>
			<Button name="TitanPanelCoordsButton" inherits="TitanPanelComboTemplate" frameStrata="FULLSCREEN" toplevel="true">
				<Scripts>
					<OnLoad>
						TitanPanelCoordsButton_OnLoad();
						TitanPanelButton_OnLoad();
					</OnLoad>
					<OnShow>
						TitanPanelCoordsButton_OnShow();
						TitanPanelButton_OnShow();
					</OnShow>
					<OnHide>
					TitanPanelCoordsButton_OnHide();
					</OnHide>
					<OnEvent>
						TitanPanelCoordsButton_OnEvent();
					</OnEvent>
					<OnClick>
						TitanPanelCoordsButton_OnClick(arg1);
						TitanPanelButton_OnClick(arg1);
					</OnClick>
				</Scripts>
			</Button>
		</Frames>
	</Frame>			
	<Frame name="TitanMapFrame" parent="WorldMapFrame">
		<Layers>
			<Layer level="ARTWORK">
				<FontString name="TitanMapCursorCoords" inherits="GameFontNormal" justifyH="LEFT">
					<Anchors>
						<Anchor point="LEFT" relativeTo="WorldMapFrame" relativePoint="CENTER">
							<Offset>
								<AbsDimension x="0" y="-367"/>
							</Offset>
						</Anchor>
					</Anchors>
				</FontString>
				<FontString name="TitanMapPlayerCoords" inherits="GameFontNormal" justifyH="LEFT">
					<Anchors>
						<Anchor point="LEFT" relativeTo="WorldMapFrame" relativePoint="CENTER">
							<Offset>
								<AbsDimension x="190" y="-367"/>
							</Offset>
						</Anchor>
					</Anchors>
				</FontString>
			</Layer>
		</Layers>
		<Scripts>
			<OnUpdate>
				TitanMapFrame_OnUpdate();
			</OnUpdate>
		</Scripts>
	</Frame>
</Ui>