<Ui xsi:schemaLocation="http://www.blizzard.com/wow/ui/">
<!--
	Version: 5.0.0 (BillyGoat)
	Revision: $Id: AuctionFramePost.xml 2477 2007-11-14 16:40:54Z Norganna $

	License:
		This program is free software; you can redistribute it and/or
		modify it under the terms of the GNU General Public License
		as published by the Free Software Foundation; either version 2
		of the License, or (at your option) any later version.

		This program is distributed in the hope that it will be useful,
		but WITHOUT ANY WARRANTY; without even the implied warranty of
		MERCHANTABILITY or FITNESS FOR A PARTICULAR PURPOSE.  See the
		GNU General Public License for more details.

		You should have received a copy of the GNU General Public License
		along with this program(see GPL.txt); if not, write to the Free Software
		Foundation, Inc., 51 Franklin Street, Fifth Floor, Boston, MA  02110-1301, USA.

	Note:
		This AddOn's source code is specifically designed to work with
		World of Warcraft's interpreted AddOn system.
		You have an implicit licence to use this AddOn with these facilities
		since that is it's designated purpose as per:
		http://www.fsf.org/licensing/licenses/gpl-faq.html#InterpreterIncompat
-->
	<Script file="AuctionFramePost.lua"/>
	<Button name="PostListItemTemplate" inherits="ListItemTemplate" virtual="true">
		<Scripts>
			<OnLoad>
				self:RegisterForClicks("LeftButtonUp", "RightButtonUp");
				Auctioneer_RegisterRevision("$URL: http://svn.norganna.org/auctioneer/branches/RC_5.0/Auctioneer/UserInterface/AuctionFramePost.xml $", "$Rev: 2477 $")
			</OnLoad>
			<OnClick>
				local scrollFrame = getglobal(self:GetParent():GetName().."ScrollFrame");
				local index = self:GetID() + FauxScrollFrame_GetOffset(scrollFrame);
				AuctionFramePost_ListItem_OnClick(self, index, button);
			</OnClick>
		</Scripts>
		<HighlightTexture name="$parentHighlight" file="Interface\HelpFrame\HelpFrameButton-Highlight" alphaMode="ADD">
			<Anchors>
				<Anchor point="TOPLEFT">
					<Offset>
						<AbsDimension x="0" y="0"/>
					</Offset>
				</Anchor>
				<Anchor point="BOTTOMRIGHT" relativePoint="BOTTOMRIGHT">
					<Offset>
						<AbsDimension x="0" y="0"/>
					</Offset>
				</Anchor>
			</Anchors>
			<TexCoords left="0" right="1.0" top="0" bottom="0.578125"/>
		</HighlightTexture>
	</Button>

	<Frame name="AuctionFramePost" inherits="AuctionFrameTemplate" hidden="true">
		<Layers>
			<Layer level="BACKGROUND">
				<FontString name="$parentTitle" inherits="GameFontNormal">
					<Anchors>
						<Anchor point="TOP">
							<Offset>
								<AbsDimension x="0" y="-18"/>
							</Offset>
						</Anchor>
					</Anchors>
				</FontString>
			</Layer>
			<Layer level="ARTWORK">
				<FontString name="$parentTabText" inherits="GameFontHighlightSmall">
					<Anchors>
						<Anchor point="TOP" relativePoint="TOPLEFT">
							<Offset>
								<AbsDimension x="85" y="-85"/>
							</Offset>
						</Anchor>
					</Anchors>
				</FontString>
				<FontString name="$parentPriceModelText" inherits="GameFontHighlightSmall">
					<Anchors>
						<Anchor point="TOPLEFT">
							<Offset>
								<AbsDimension x="27" y="-152"/>
							</Offset>
						</Anchor>
					</Anchors>
				</FontString>
				<FontString name="$parentPriceModelNoteText" inherits="GameFontHighlightSmall" hidden="true">
					<Anchors>
						<Anchor point="TOPLEFT" relativeTo="$parentPriceModelText">
							<Offset>
								<AbsDimension x="0" y="-46"/>
							</Offset>
						</Anchor>
					</Anchors>
				</FontString>
				<FontString name="$parentSavePriceText" inherits="GameFontNormalSmall" hidden="true">
					<Anchors>
						<Anchor point="TOPLEFT" relativeTo="$parentPriceModelText">
							<Offset>
								<AbsDimension x="25" y="-46"/>
							</Offset>
						</Anchor>
					</Anchors>
				</FontString>
				<FontString name="$parentStartPriceText" inherits="GameFontHighlightSmall">
					<Anchors>
						<Anchor point="TOPLEFT" relativeTo="$parentPriceModelText">
							<Offset>
								<AbsDimension x="0" y="-64"/>
							</Offset>
						</Anchor>
					</Anchors>
				</FontString>
				<FontString name="$parentStartPriceInvalidText" inherits="GameFontRedSmall" hidden="true">
					<Anchors>
						<Anchor point="TOPLEFT" relativeTo="$parentStartPriceText" relativePoint="TOPRIGHT">
							<Offset>
								<AbsDimension x="10" y="0"/>
							</Offset>
						</Anchor>
					</Anchors>
				</FontString>
				<FontString name="$parentBuyoutPriceText" inherits="GameFontHighlightSmall">
					<Anchors>
						<Anchor point="TOPLEFT" relativeTo="$parentStartPriceText">
							<Offset>
								<AbsDimension x="0" y="-36"/>
							</Offset>
						</Anchor>
					</Anchors>
				</FontString>
				<FontString name="$parentBuyoutPriceInvalidText" inherits="GameFontRedSmall" hidden="true">
					<Anchors>
						<Anchor point="TOPLEFT" relativeTo="$parentBuyoutPriceText" relativePoint="TOPRIGHT">
							<Offset>
								<AbsDimension x="10" y="0"/>
							</Offset>
						</Anchor>
					</Anchors>
				</FontString>
				<FontString name="$parentQuantityText" inherits="GameFontHighlightSmall">
					<Anchors>
						<Anchor point="TOPLEFT" relativeTo="$parentBuyoutPriceText">
							<Offset>
								<AbsDimension x="0" y="-36"/>
							</Offset>
						</Anchor>
					</Anchors>
				</FontString>
				<FontString name="$parentQuantityInvalidText" inherits="GameFontRedSmall" hidden="true">
					<Anchors>
						<Anchor point="TOPLEFT" relativeTo="$parentQuantityText" relativePoint="TOPRIGHT">
							<Offset>
								<AbsDimension x="10" y="0"/>
							</Offset>
						</Anchor>
					</Anchors>
				</FontString>
				<FontString name="$parentMultiplyText" inherits="GameFontHighlightSmall">
					<Anchors>
						<Anchor point="TOPLEFT" relativeTo="$parentQuantityText">
							<Offset>
								<AbsDimension x="35" y="-18"/>
							</Offset>
						</Anchor>
					</Anchors>
				</FontString>
				<FontString name="$parentStackCountText" inherits="GameFontHighlightSmall">
					<Anchors>
						<Anchor point="TOPLEFT" relativeTo="$parentMultiplyText" relativePoint="TOPRIGHT">
							<Offset>
								<AbsDimension x="31" y="0"/>
							</Offset>
						</Anchor>
					</Anchors>
				</FontString>
				<FontString name="$parentDurationText" inherits="GameFontHighlightSmall">
					<Anchors>
						<Anchor point="TOPLEFT" relativeTo="$parentQuantityText">
							<Offset>
								<AbsDimension x="0" y="-36"/>
							</Offset>
						</Anchor>
					</Anchors>
				</FontString>
				<FontString name="$parentDepositText" inherits="GameFontHighlightSmall">
					<Anchors>
						<Anchor point="TOPLEFT" relativeTo="$parentDurationText">
							<Offset>
								<AbsDimension x="0" y="-36"/>
							</Offset>
						</Anchor>
					</Anchors>
				</FontString>
				<FontString name="$parentUnknownDepositText" inherits="GameFontRedSmall" hidden="true">
					<Anchors>
						<Anchor point="TOPLEFT" relativeTo="$parentDepositText" relativePoint="TOPRIGHT">
							<Offset>
								<AbsDimension x="10" y="0"/>
							</Offset>
						</Anchor>
					</Anchors>
				</FontString>

				<FontString name="$parentStatusText" inherits="GameFontHighlightSmall">
					<Anchors>
						<Anchor point="BOTTOMLEFT">
							<Offset>
								<AbsDimension x="280" y="22"/>
							</Offset>
						</Anchor>
					</Anchors>
				</FontString>
			</Layer>
		</Layers>

		<!-- Post Auctions controls -->
		<Frames>
			<Button name="$parentAuctionItem">
				<Size>
					<AbsDimension x="37" y="37"/>
				</Size>
				<Anchors>
					<Anchor point="TOPLEFT">
						<Offset>
							<AbsDimension x="30" y="-113"/>
						</Offset>
					</Anchor>
				</Anchors>
				<Layers>
					<Layer level="BACKGROUND">
						<Texture file="Interface\Buttons\UI-Slot-Background">
							<Size>
								<AbsDimension x="39" y="39"/>
							</Size>
							<Anchors>
								<Anchor point="TOPLEFT">
									<Offset>
										<AbsDimension x="-2" y="2"/>
									</Offset>
								</Anchor>
							</Anchors>
							<TexCoords left="0" right="0.640625" top="0" bottom="0.640625"/>
						</Texture>
						<FontString name="$parentName" inherits="GameFontNormal">
							<Size>
								<AbsDimension x="100" y="30"/>
							</Size>
							<Anchors>
								<Anchor point="TOPLEFT" relativePoint="TOPRIGHT">
									<Offset>
										<AbsDimension x="5" y="0"/>
									</Offset>
								</Anchor>
							</Anchors>
						</FontString>
					</Layer>
					<Layer level="ARTWORK">
						<FontString name="$parentCount" inherits="NumberFontNormal" justifyH="RIGHT" hidden="true">
							<Anchors>
								<Anchor point="BOTTOMRIGHT">
									<Offset>
										<AbsDimension x="-5" y="2"/>
									</Offset>
								</Anchor>
							</Anchors>
						</FontString>
					</Layer>
					<Layer level="BORDER">
						<Texture name="$parentIconTexture"/>
					</Layer>
				</Layers>
				<Scripts>
					<OnLoad>
						self:RegisterForDrag("LeftButton");
					</OnLoad>
					<OnReceiveDrag>
						AuctionFramePost_AuctionItem_OnClick(self);
					</OnReceiveDrag>
					<OnDragStart>
						AuctionFramePost_AuctionItem_OnClick(self);
					</OnDragStart>
					<OnClick>
						AuctionFramePost_AuctionItem_OnClick(self);
					</OnClick>
					<OnEnter>
						local parent = self:GetParent()
						local itemKey = parent:GetItemKey();
						local longItemKey = parent:GetLongItemKey();
						if (itemKey) then
							local itemLink = Auctioneer.ItemDB.GetItemLink(longItemKey);
							if (itemLink) then
								GameTooltip:SetOwner(self, "ANCHOR_RIGHT");
								GameTooltip:SetHyperlink(Auctioneer.ItemDB.GetItemString(longItemKey));
								GameTooltip:Show();
								EnhTooltip.TooltipCall(
									GameTooltip,
									parent:GetItemName(),
									itemLink,
									Auctioneer.ItemDB.GetItemQuality(itemKey),
									parent:GetStackSize()
								);
							end
						end
					</OnEnter>
					<OnLeave>
						GameTooltip:Hide();
					</OnLeave>
				</Scripts>
				<HighlightTexture alphaMode="ADD" file="Interface\Buttons\ButtonHilight-Square"/>
			</Button>
			<Frame name="$parentPriceModelDropDown" inherits="UIDropDownMenuTemplate">
				<Anchors>
					<Anchor point="TOPLEFT" relativeTo="$parentPriceModelText" relativePoint="BOTTOMLEFT">
						<Offset>
							<AbsDimension x="-20" y="-4"/>
						</Offset>
					</Anchor>
				</Anchors>
				<Scripts>
					<OnLoad>
						UIDropDownMenu_SetWidth(130);
						getglobal(self:GetName().."Text"):SetJustifyH("LEFT");
					</OnLoad>
				</Scripts>
			</Frame>
			<CheckButton name="$parentSavePriceCheckBox" hidden="true">
				<Size>
					<AbsDimension x="20" y="20"/>
				</Size>
				<Anchors>
					<Anchor point="TOPRIGHT" relativeTo="$parentSavePriceText" relativePoint="TOPLEFT">
						<Offset>
							<AbsDimension x="0" y="3"/>
						</Offset>
					</Anchor>
				</Anchors>
				<NormalTexture file="Interface\Buttons\UI-CheckBox-Up"/>
				<PushedTexture file="Interface\Buttons\UI-CheckBox-Down"/>
				<HighlightTexture file="Interface\Buttons\UI-CheckBox-Highlight" alphaMode="ADD"/>
				<CheckedTexture file="Interface\Buttons\UI-CheckBox-Check"/>
				<DisabledCheckedTexture file="Interface\Buttons\UI-CheckBox-Check-Disabled"/>
			</CheckButton>
			<Frame name="$parentStartPrice" inherits="AuctioneerMoneyInputFrameTemplate">
				<Anchors>
					<Anchor point="TOPLEFT" relativeTo="$parentStartPriceText" relativePoint="BOTTOMLEFT">
						<Offset>
							<AbsDimension x="3" y="-4"/>
						</Offset>
					</Anchor>
				</Anchors>
				<Scripts>
					<OnLoad>
						MoneyInputFrame_SetOnvalueChangedFunc(self, AuctionFramePost_StartPrice_OnChanged);
					</OnLoad>
				</Scripts>
			</Frame>
			<Frame name="$parentBuyoutPrice" inherits="AuctioneerMoneyInputFrameTemplate">
				<Anchors>
					<Anchor point="TOPLEFT" relativeTo="$parentBuyoutPriceText" relativePoint="BOTTOMLEFT">
						<Offset>
							<AbsDimension x="3" y="-4"/>
						</Offset>
					</Anchor>
				</Anchors>
				<Scripts>
					<OnLoad>
						MoneyInputFrame_SetOnvalueChangedFunc(self, AuctionFramePost_BuyoutPrice_OnChanged);
					</OnLoad>
				</Scripts>
			</Frame>
			<EditBox name="$parentStackSize" letters="3" numeric="true" autoFocus="false" inherits="InputBoxTemplate">
				<Size>
					<AbsDimension x="30" y="16"/>
				</Size>
				<Anchors>
					<Anchor point="TOPLEFT" relativeTo="$parentQuantityText" relativePoint="BOTTOMLEFT">
						<Offset>
							<AbsDimension x="3" y="-6"/>
						</Offset>
					</Anchor>
				</Anchors>
				<Scripts>
					<OnTextChanged>
						AuctionFramePost_StackSize_OnTextChanged(self);
					</OnTextChanged>
					<OnTabPressed>
						if (IsShiftKeyDown()) then
							getglobal(self:GetParent():GetName().."BuyoutPriceCopper"):SetFocus();
						else
							getglobal(self:GetParent():GetName().."StackCount"):SetFocus();
						end
					</OnTabPressed>
					<OnEditFocusLost>
						self:HighlightText(0, 0);
					</OnEditFocusLost>
					<OnEditFocusGained>
						self:HighlightText();
					</OnEditFocusGained>
				</Scripts>
			</EditBox>
			<EditBox name="$parentStackCount" letters="2" numeric="true" autoFocus="false" inherits="InputBoxTemplate">
				<Size>
					<AbsDimension x="22" y="16"/>
				</Size>
				<Anchors>
					<Anchor point="TOPLEFT" relativeTo="$parentStackSize" relativePoint="TOPRIGHT">
						<Offset>
							<AbsDimension x="17" y="0"/>
						</Offset>
					</Anchor>
				</Anchors>
				<Scripts>
					<OnTextChanged>
						AuctionFramePost_StackCount_OnTextChanged(self);
					</OnTextChanged>
					<OnTabPressed>
						if (IsShiftKeyDown()) then
							getglobal(self:GetParent():GetName().."StackSize"):SetFocus();
						else
							getglobal(self:GetParent():GetName().."StartPriceGold"):SetFocus();
						end
					</OnTabPressed>
					<OnEditFocusLost>
						self:HighlightText(0, 0);
					</OnEditFocusLost>
					<OnEditFocusGained>
						self:HighlightText();
					</OnEditFocusGained>
				</Scripts>
			</EditBox>
			<CheckButton name="$parentShortAuctionRadio" inherits="AuctioneerRadioButtonTemplate" id="1">
				<Anchors>
					<Anchor point="TOPLEFT" relativeTo="$parentDurationText" relativePoint="BOTTOMLEFT">
						<Offset>
							<AbsDimension x="3" y="-4"/>
						</Offset>
					</Anchor>
				</Anchors>
				<Scripts>
					<OnLoad>getglobal(self:GetName().."Text"):SetText("12");</OnLoad>
					<OnClick>AuctionFramePost_DurationRadioButton_OnClick(self, self:GetID())</OnClick>
				</Scripts>
			</CheckButton>
			<CheckButton name="$parentMediumAuctionRadio" inherits="AuctioneerRadioButtonTemplate" id="2">
				<Anchors>
					<Anchor point="LEFT" relativeTo="$parentShortAuctionRadio" relativePoint="RIGHT">
						<Offset>
							<AbsDimension x="20" y="0"/>
						</Offset>
					</Anchor>
				</Anchors>
				<Scripts>
					<OnLoad>getglobal(self:GetName().."Text"):SetText("24");</OnLoad>
					<OnClick>AuctionFramePost_DurationRadioButton_OnClick(self, self:GetID())</OnClick>
				</Scripts>
			</CheckButton>
			<CheckButton name="$parentLongAuctionRadio" inherits="AuctioneerRadioButtonTemplate" id="3">
				<Anchors>
					<Anchor point="LEFT" relativeTo="$parentMediumAuctionRadio" relativePoint="RIGHT">
						<Offset>
							<AbsDimension x="20" y="0"/>
						</Offset>
					</Anchor>
				</Anchors>
				<Scripts>
					<OnLoad>getglobal(self:GetName().."Text"):SetText("48");</OnLoad>
					<OnClick>AuctionFramePost_DurationRadioButton_OnClick(self, self:GetID())</OnClick>
				</Scripts>
			</CheckButton>
			<Frame name="$parentDepositMoneyFrame" inherits="SmallMoneyFrameTemplate">
				<Anchors>
					<Anchor point="TOPLEFT" relativeTo="$parentDepositText" relativePoint="TOPRIGHT">
						<Offset>
							<AbsDimension x="3" y="1"/>
						</Offset>
					</Anchor>
				</Anchors>
				<Scripts>
					<OnLoad>
						self.small = 1;
						self.staticMoney = 0;
						MoneyFrame_SetType("STATIC");
					</OnLoad>
				</Scripts>
			</Frame>
			<Button name="$parentCreateAuctionButton" inherits="UIPanelButtonTemplate">
				<Size>
					<AbsDimension x="120" y="22"/>
				</Size>
				<Anchors>
					<Anchor point="BOTTOMLEFT" relativePoint="BOTTOMLEFT">
						<Offset>
							<AbsDimension x="40" y="48"/>
						</Offset>
					</Anchor>
				</Anchors>
				<Scripts>
					<OnLoad>
						self:SetText(_AUCT('UiPostAuctions'));
					</OnLoad>
					<OnClick>
						AuctionFramePost_CreateAuctionButton_OnClick(self);
					</OnClick>
				</Scripts>
			</Button>

			<!-- Current Auctions List -->
			<Frame name="$parentList" inherits="ListTemplate">
				<Anchors>
					<Anchor point="TOPLEFT">
						<Offset>
							<AbsDimension x="187" y="-77"/>
						</Offset>
					</Anchor>
				</Anchors>
				<Size>
					<AbsDimension x="610" y="334"/>
				</Size>
				<Frames>
					<Button name="$parentItem1" inherits="PostListItemTemplate" id="1">
						<Anchors>
							<Anchor point="TOPLEFT" relativeTo="$parentColumn1Sort" relativePoint="BOTTOMLEFT">
								<Offset>
									<AbsDimension x="4" y="-4"/>
								</Offset>
							</Anchor>
						</Anchors>
					</Button>
					<Button name="$parentItem2" inherits="PostListItemTemplate" id="2">
						<Anchors>
							<Anchor point="TOPLEFT" relativeTo="$parentItem1" relativePoint="BOTTOMLEFT">
								<Offset>
									<AbsDimension x="0" y="0"/>
								</Offset>
							</Anchor>
						</Anchors>
					</Button>
					<Button name="$parentItem3" inherits="PostListItemTemplate" id="3">
						<Anchors>
							<Anchor point="TOPLEFT" relativeTo="$parentItem2" relativePoint="BOTTOMLEFT">
								<Offset>
									<AbsDimension x="0" y="0"/>
								</Offset>
							</Anchor>
						</Anchors>
					</Button>
					<Button name="$parentItem4" inherits="PostListItemTemplate" id="4">
						<Anchors>
							<Anchor point="TOPLEFT" relativeTo="$parentItem3" relativePoint="BOTTOMLEFT">
								<Offset>
									<AbsDimension x="0" y="0"/>
								</Offset>
							</Anchor>
						</Anchors>
					</Button>
					<Button name="$parentItem5" inherits="PostListItemTemplate" id="5">
						<Anchors>
							<Anchor point="TOPLEFT" relativeTo="$parentItem4" relativePoint="BOTTOMLEFT">
								<Offset>
									<AbsDimension x="0" y="0"/>
								</Offset>
							</Anchor>
						</Anchors>
					</Button>
					<Button name="$parentItem6" inherits="PostListItemTemplate" id="6">
						<Anchors>
							<Anchor point="TOPLEFT" relativeTo="$parentItem5" relativePoint="BOTTOMLEFT">
								<Offset>
									<AbsDimension x="0" y="0"/>
								</Offset>
							</Anchor>
						</Anchors>
					</Button>
					<Button name="$parentItem7" inherits="PostListItemTemplate" id="7">
						<Anchors>
							<Anchor point="TOPLEFT" relativeTo="$parentItem6" relativePoint="BOTTOMLEFT">
								<Offset>
									<AbsDimension x="0" y="0"/>
								</Offset>
							</Anchor>
						</Anchors>
					</Button>
					<Button name="$parentItem8" inherits="PostListItemTemplate" id="8">
						<Anchors>
							<Anchor point="TOPLEFT" relativeTo="$parentItem7" relativePoint="BOTTOMLEFT">
								<Offset>
									<AbsDimension x="0" y="0"/>
								</Offset>
							</Anchor>
						</Anchors>
					</Button>
					<Button name="$parentItem9" inherits="PostListItemTemplate" id="9">
						<Anchors>
							<Anchor point="TOPLEFT" relativeTo="$parentItem8" relativePoint="BOTTOMLEFT">
								<Offset>
									<AbsDimension x="0" y="0"/>
								</Offset>
							</Anchor>
						</Anchors>
					</Button>
					<Button name="$parentItem10" inherits="PostListItemTemplate" id="10">
						<Anchors>
							<Anchor point="TOPLEFT" relativeTo="$parentItem9" relativePoint="BOTTOMLEFT">
								<Offset>
									<AbsDimension x="0" y="0"/>
								</Offset>
							</Anchor>
						</Anchors>
					</Button>
					<Button name="$parentItem11" inherits="PostListItemTemplate" id="11">
						<Anchors>
							<Anchor point="TOPLEFT" relativeTo="$parentItem10" relativePoint="BOTTOMLEFT">
								<Offset>
									<AbsDimension x="0" y="0"/>
								</Offset>
							</Anchor>
						</Anchors>
					</Button>
					<Button name="$parentItem12" inherits="PostListItemTemplate" id="12">
						<Anchors>
							<Anchor point="TOPLEFT" relativeTo="$parentItem11" relativePoint="BOTTOMLEFT">
								<Offset>
									<AbsDimension x="0" y="0"/>
								</Offset>
							</Anchor>
						</Anchors>
					</Button>
					<Button name="$parentItem13" inherits="PostListItemTemplate" id="13">
						<Anchors>
							<Anchor point="TOPLEFT" relativeTo="$parentItem12" relativePoint="BOTTOMLEFT">
								<Offset>
									<AbsDimension x="0" y="0"/>
								</Offset>
							</Anchor>
						</Anchors>
					</Button>
					<Button name="$parentItem14" inherits="PostListItemTemplate" id="14">
						<Anchors>
							<Anchor point="TOPLEFT" relativeTo="$parentItem13" relativePoint="BOTTOMLEFT">
								<Offset>
									<AbsDimension x="0" y="0"/>
								</Offset>
							</Anchor>
						</Anchors>
					</Button>
					<Button name="$parentItem15" inherits="PostListItemTemplate" id="15">
						<Anchors>
							<Anchor point="TOPLEFT" relativeTo="$parentItem14" relativePoint="BOTTOMLEFT">
								<Offset>
									<AbsDimension x="0" y="0"/>
								</Offset>
							</Anchor>
						</Anchors>
					</Button>
					<Button name="$parentItem16" inherits="PostListItemTemplate" id="16">
						<Anchors>
							<Anchor point="TOPLEFT" relativeTo="$parentItem15" relativePoint="BOTTOMLEFT">
								<Offset>
									<AbsDimension x="0" y="0"/>
								</Offset>
							</Anchor>
						</Anchors>
					</Button>
					<Button name="$parentItem17" inherits="PostListItemTemplate" id="17">
						<Anchors>
							<Anchor point="TOPLEFT" relativeTo="$parentItem16" relativePoint="BOTTOMLEFT">
								<Offset>
									<AbsDimension x="0" y="0"/>
								</Offset>
							</Anchor>
						</Anchors>
					</Button>
					<Button name="$parentItem18" inherits="PostListItemTemplate" id="18">
						<Anchors>
							<Anchor point="TOPLEFT" relativeTo="$parentItem17" relativePoint="BOTTOMLEFT">
								<Offset>
									<AbsDimension x="0" y="0"/>
								</Offset>
							</Anchor>
						</Anchors>
					</Button>
					<Button name="$parentItem19" inherits="PostListItemTemplate" id="19">
						<Anchors>
							<Anchor point="TOPLEFT" relativeTo="$parentItem18" relativePoint="BOTTOMLEFT">
								<Offset>
									<AbsDimension x="0" y="0"/>
								</Offset>
							</Anchor>
						</Anchors>
					</Button>
				</Frames>
			</Frame>

			<!--
			     The "UIRefresh"- button on the Frame Post frame - getting enabled, if the user placed an item into the post auctions frame and
			     will scan the AH for that specific item to get up to date data.
			-->
			<Button name="$parentScanButton" inherits="UIPanelButtonTemplate">
				<Anchors>
					<Anchor point="BOTTOMLEFT">
						<Offset>
							<AbsDimension x="187" y="14"/>
						</Offset>
					</Anchor>
				</Anchors>
				<Size>
					<AbsDimension x="80" y="22"/>
				</Size>
				<Scripts>
					<OnClick>
						local itemKey = self:GetParent():GetItemKey();
						if (itemKey) then
							Auctioneer.ScanManager.ScanQuery(Auctioneer.ItemDB.GetItemName(itemKey));
						end
					</OnClick>
					<OnUpdate>
						local itemKey = self:GetParent():GetItemKey();
						if (itemKey and CanSendAuctionQuery()) then
							self:Enable();
						else
							self:Disable();
						end
					</OnUpdate>
				</Scripts>
			</Button>
		</Frames>
		<Scripts>
			<OnLoad>
				getglobal(self:GetName().."Title"):SetText(_AUCT('UiPostAuctions'));
				getglobal(self:GetName().."TabText"):SetText(_AUCT('UiPost'));
				getglobal(self:GetName().."PriceModelText"):SetText(_AUCT('UiPriceBasedOnLabel'));
				getglobal(self:GetName().."SavePriceText"):SetText(_AUCT('UiMakeFixedPriceLabel'));
				getglobal(self:GetName().."StartPriceText"):SetText(_AUCT('UiStartingPriceLabel'));
				getglobal(self:GetName().."StartPriceInvalidText"):SetText(_AUCT('UiStartingPriceRequiredError'));
				getglobal(self:GetName().."BuyoutPriceText"):SetText(_AUCT('UiBuyoutPriceLabel'));
				getglobal(self:GetName().."BuyoutPriceInvalidText"):SetText(_AUCT('UiBuyoutPriceTooLowError'));
				getglobal(self:GetName().."QuantityText"):SetText(_AUCT('UiQuantityLabel'));
				getglobal(self:GetName().."MultiplyText"):SetText("x");
				getglobal(self:GetName().."StackCountText"):SetText(_AUCT('UiStacksLabel'));
				getglobal(self:GetName().."DurationText"):SetText(_AUCT('UiDurationLabel'));
				getglobal(self:GetName().."DepositText"):SetText(_AUCT('UiDepositLabel'));
				getglobal(self:GetName().."UnknownDepositText"):SetText(_AUCT('UiUnknownError'));
				getglobal(self:GetName().."ScanButton"):SetText(_AUCT('UiRefresh'));
			</OnLoad>
		</Scripts>
	</Frame>

	<Button name="AuctionFrameTabPost" inherits="AuctionTabTemplate" hidden="true">
		<Scripts>
			<OnLoad>
				self:SetText(_AUCT('UiPostAuctions'));
			</OnLoad>
		</Scripts>
	</Button>
</Ui>
