<Ui xmlns="http://www.blizzard.com/wow/ui/" xmlns:xsi="http://www.w3.org/2001/XMLSchema-instance" xsi:schemaLocation="http://www.blizzard.com/wow/ui/
..\..\FrameXML\UI.xsd">
    <Script file="ShammyShields.lua"></Script>
    <Frame name="ShammyShields" frameStrata="BACKGROUND" movable="true" parent="UIParent" visable="true">
        <Size>
            <AbsDimension x="100" y="60" />
        </Size>
        <Anchors>
            <Anchor point="CENTER" relativeTo="WorldFrame" relativePoint="CENTER" />
        </Anchors>
        <Layers>
            <Layer level="BACKGROUND">
                <Texture name="$parent_BG" file="Interface\AddOns\ShammyShields\Background">
                    <Size>
                        <AbsDimension x="200" y="75" />
                    </Size>
                    <Anchors>
                        <Anchor point="TOPLEFT" relativePoint="TOPLEFT">
                            <Offset>
                                <AbsDimension x="-50" y="10" />
                            </Offset>
                        </Anchor>
                    </Anchors>
                </Texture>
            </Layer>
            <Layer level="BORDER">
				<Texture name="$parent_MSIcon" file="Interface\Icons\Ability_Shaman_WaterShield">
                    <Size>
                        <AbsDimension x="30" y="30" />
                    </Size>
                    <Anchors>
                        <Anchor point="BOTTOMLEFT" relativeTo="ShammyShields" relativePoint="BOTTOMLEFT">
                            <Offset>
                                <AbsDimension x="5" y="8" />
                            </Offset>
                        </Anchor>
                    </Anchors>
                </Texture>
                <Texture name="$parent_ESIcon" file="Interface\Icons\Spell_Nature_SkinofEarth">
                    <Size>
                        <AbsDimension x="30" y="30" />
                    </Size>
                    <Anchors>
                        <Anchor point="TOPLEFT" relativeTo="$parent_MSIcon" relativePoint="BOTTOMLEFT">
                            <Offset>
                                <AbsDimension x="0" y="-8" />
                            </Offset>
                        </Anchor>
                    </Anchors>
                </Texture>
            </Layer>
            <Layer level="ARTWORK">
                <FontString name="$parent_Count" inherits="GameTooltipTextSmall">
                    <Anchors>
                        <Anchor point="TOPLEFT" relativeTo="ShammyShields" relativePoint="TOPLEFT">
                            <Offset>
                                <AbsDimension x="5" y="-5" />
                            </Offset>
                        </Anchor>
                    </Anchors>
                </FontString>
                <FontString name="$parent_Cooldown" inherits="GameTooltipTextSmall" justifyh="right">
                    <Anchors>
                        <Anchor point="TOPRIGHT" relativeTo="ShammyShields" relativePoint="TOPRIGHT">
                            <Offset>
                                <AbsDimension x="-5" y="-5" />
                            </Offset>
                        </Anchor>
                    </Anchors>
                </FontString>
                <FontString name="$parent_MSTime" inherits="GameTooltipTextSmall">
                    <Anchors>
                        <Anchor point="TOPLEFT" relativeTo="$parent_MSIcon" relativePoint="TOPRIGHT">
                            <Offset>
                                <AbsDimension x="5" y="-8" />
                            </Offset>
                        </Anchor>
                    </Anchors>
                </FontString>
                <FontString name="$parent_MSCharges" inherits="GameFontGreenLarge" justifyh="right">
                    <Anchors>
                        <Anchor point="BOTTOMRIGHT" relativeTo="$parent_MSIcon" relativePoint="BOTTOMRIGHT">
                            <Offset>
                                <AbsDimension x="-3" y="2" />
                            </Offset>
                        </Anchor>
                    </Anchors>
                    <Color r=".8" g="0.2" b=".9" a="1"/>
                </FontString>
                <FontString name="$parent_ESName" inherits="GameTooltipTextSmall">
                    <Anchors>
                        <Anchor point="TOPLEFT" relativeTo="$parent_ESIcon" relativePoint="TOPRIGHT">
                            <Offset>
                                <AbsDimension x="5" y="0" />
                            </Offset>
                        </Anchor>
                        <Anchor point="BOTTOMRIGHT" relativeTo="$parent_ESIcon" relativePoint="TOPRIGHT">
                            <Offset>
                                <AbsDimension x="60" y="-11" />
                            </Offset>
                        </Anchor>
                    </Anchors>
                </FontString>
                <FontString name="$parent_ESTime" inherits="GameTooltipTextSmall">
                    <Anchors>
                        <Anchor point="TOPLEFT" relativeTo="$parent_ESName" relativePoint="BOTTOMLEFT">
                            <Offset>
                                <AbsDimension x="0" y="-5" />
                            </Offset>
                        </Anchor>
                    </Anchors>
                </FontString>
                <FontString name="$parent_ESCharges" inherits="GameFontGreenLarge" justifyh="right">
                    <Anchors>
                        <Anchor point="BOTTOMRIGHT" relativeTo="$parent_ESIcon" relativePoint="BOTTOMRIGHT">
                            <Offset>
                                <AbsDimension x="-3" y="2" />
                            </Offset>
                        </Anchor>
                    </Anchors>
                    <Color r=".2" g="0.8" b=".9" a="1"/>
                </FontString>
            </Layer>
        </Layers>
        <Scripts>
            <OnLoad>
                ShammyShields_OnLoad()
                self:RegisterForDrag("RightButton")
            </OnLoad>
            <OnEvent>ShammyShields_OnEvent(self, event, ...)</OnEvent>
            <OnUpdate>ShammyShields_OnUpdate(self, elapsed)</OnUpdate>
            <OnDragStart>self:StartMoving()</OnDragStart>
            <OnDragStop>self:StopMovingOrSizing()</OnDragStop>
        </Scripts>
    </Frame>
</Ui>