<Ui xmlns="http://www.blizzard.com/wow/ui/"
	xmlns:xsi="http://www.w3.org/2001/XMLSchema-instance"
	xsi:schemaLocation="http://www.blizzard.com/wow/ui/..\FrameXML\UI.xsd">

	<Script file="selfCast.lua"/>

	<Frame name="BongosOptionsSelfCast" inherits="BongosOptionsPanel" virtual="true">
		<Frames>
			<CheckButton name="$parentSelfCast" inherits="BongosCheckButtonTemplate" text="AUTO_SELF_CAST_TEXT">
				<Anchors>
					<Anchor point="TOPLEFT">
						<Offset x="4" y="6"/>
					</Anchor>
				</Anchors>
				<Scripts>
					<OnClick>
						if this:GetChecked() then
							SetCVar("autoSelfCast", 1)
						else
							SetCVar("autoSelfCast", 0)
						end
					</OnClick>
				</Scripts>
			</CheckButton>

			<CheckButton name="$parentRightClickSelfCast" inherits="BongosCheckButtonTemplate" text="BONGOS_OPTIONS_RIGHTCLICK_SELFCAST">
				<Anchors>
					<Anchor point="TOP" relativeTo="$parentSelfCast" relativePoint="BOTTOM"/>
				</Anchors>
				<Scripts>
					<OnClick>
						BActionSets_SetRightClickSelfCast(this:GetChecked())
					</OnClick>
				</Scripts>
			</CheckButton>

			<Frame name="$parentAltCast" inherits="BongosOptionsDropDown">
				<Anchors>
					<Anchor point="TOPLEFT" relativeTo="$parentRightClickSelfCast" relativePoint="BOTTOMLEFT">
						<Offset x="-14" y="-2"/>
					</Anchor>
				</Anchors>
				<Scripts>
					<OnLoad>
						getglobal(this:GetName() .. "Label"):SetText(BONGOS_OPTIONS_SELFCAST_KEY)
					</OnLoad>
					<OnShow>
						BOptionsAltCast_OnShow()
					</OnShow>
				</Scripts>
			</Frame>
		</Frames>
		<Scripts>
			<OnLoad>
				BOptionsSelfCast_OnLoad()
			</OnLoad>
			<OnShow>
				BOptionsSelfCast_OnShow()
			</OnShow>
		</Scripts>
	</Frame>
</Ui>