<Ui xmlns:xsi="http://www.w3.org/2001/XMLSchema-instance" xmlns:xsd="http://www.w3.org/2001/XMLSchema" xsi:schemaLocation="http://www.blizzard.com/wow/ui/  ..\FrameXML\UI.xsd" xmlns="http://www.blizzard.com/wow/ui/">
	<Script file="libs\LibStub\LibStub.lua" />
	<Script file="libs\CallbackHandler-1.0\CallbackHandler-1.0.lua" />
	<Script file="libs\LibDataBroker-1.1\LibDataBroker-1.1.lua" />
	<Include file="libs\AceAddon-3.0\AceAddon-3.0.xml" />
	<Include file="libs\AceHook-3.0\AceHook-3.0.xml" />
	<Include file="libs\AceDB-3.0\AceDB-3.0.xml" />
	<Include file="libs\AceDBOptions-3.0\AceDBOptions-3.0.xml" />
	<Include file="libs\AceLocale-3.0\AceLocale-3.0.xml" />
	<Include file="libs\AceConsole-3.0\AceConsole-3.0.xml" />
	<Include file="libs\AceGUI-3.0\AceGUI-3.0.xml" />
	<Include file="libs\AceConfig-3.0\AceConfig-3.0.xml" />
	<Include file="libs\LibSharedMedia-3.0\lib.xml" />
	<Include file="libs\AceGUI-3.0-SharedMediaWidgets\widget.xml" />
</Ui>