<Ui xmlns="http://www.blizzard.com/wow/ui/"   xmlns:xsi="http://www.w3.org/2001/XMLSchema-instance"   xsi:schemaLocation="http://www.blizzard.com/wow/ui/">

	<Script file="AtlasLoot.lua"/>
	<Script file="ItemFrame_GUI.lua"/>
	<Script file="GUI_Atlas.lua"/>
	<Script file="ItemFrame.lua"/>
    <Script file="TextParsing.lua"/>
    <Script file="Options.lua"/>
    <Script file="LootButtons.lua"/>
    <Script file="AtlasIntegration.lua"/>
	<Script file="Panel.lua"/>
	<Script file="QuickLooks.lua"/>
	<Script file="EJIntegration.lua"/>
	
    <Script file="Search.lua"/>
	
	<!--@debug@ <Script file="DEVTOOLS.lua"/> @end-debug@-->

    <GameTooltip name="AtlasLootTooltipTEMP" inherits="GameTooltipTemplate" parent="UIParent" hidden="true"/>
	
	<CheckButton name="WishListIconButtonTemplate" inherits="SimplePopupButtonTemplate" virtual="true">
		<Scripts>
		</Scripts>
		<NormalTexture name="$parentIcon" nonBlocking="true">
			<Size>
				<AbsDimension x="36" y="36"/>
			</Size>
			<Anchors>
				<Anchor point="CENTER">
					<Offset>
						<AbsDimension x="0" y="-1"/>
					</Offset>
				</Anchor>
			</Anchors>
		</NormalTexture>
		<HighlightTexture alphaMode="ADD" file="Interface\Buttons\ButtonHilight-Square"/>
		<CheckedTexture alphaMode="ADD" file="Interface\Buttons\CheckButtonHilight"/>
	</CheckButton>
</Ui>