﻿<Ui xmlns:xsi="http://www.w3.org/2001/XMLSchema-instance" xmlns:xsd="http://www.w3.org/2001/XMLSchema" xmlns="http://www.blizzard.com/wow/ui/">
	<Script file="TabGuild.lua"></Script>
	
	<Button name="AltoGuildMenuItemTemplate" inherits="AltoMenuItemTemplate" virtual="true">
		<Size>
			<AbsDimension x="156" y="20"/>
		</Size>
		<Scripts>
			<OnClick>
				Altoholic.Tabs.Guild:MenuItem_OnClick(self:GetID())
			</OnClick>
		</Scripts>
	</Button>

	<Frame name="AltoholicTabGuild" parent="AltoholicFrame" hidden="true">
		<Size>
			<AbsDimension x="758" y="447"/>
		</Size>
		<Anchors>
			<Anchor point="TOPLEFT"/>
		</Anchors>
		<Layers>
			<Layer level="OVERLAY">
				<FontString name="$parentStatus" inherits="GameFontNormal" justifyH="LEFT">
					<Size x="320" y="24" />
					<Anchors>
						<Anchor point="BOTTOMRIGHT">
							<Offset x="-250" y="13" />
						</Anchor>
					</Anchors>
					<Color r="255" g="255" b="255" />
				</FontString>
			</Layer>
		</Layers>
		<Frames>
			<Button name="$parentMenuItem1" inherits="AltoGuildMenuItemTemplate" id="1">
				<Anchors>
					<Anchor point="TOPLEFT">
						<Offset>
							<AbsDimension x="23" y="-105"/>
						</Offset>
					</Anchor>
				</Anchors>
			</Button>
			<Button name="$parentMenuItem2" inherits="AltoGuildMenuItemTemplate" id="2">
				<Anchors>
					<Anchor point="TOPLEFT" relativeTo="$parentMenuItem1" relativePoint="BOTTOMLEFT">
						<Offset>
							<AbsDimension x="0" y="0"/>
						</Offset>
					</Anchor>
				</Anchors>
			</Button>
			<!--
			<Button name="$parentMenuItem3" inherits="AltoGuildMenuItemTemplate" id="3">
				<Anchors>
					<Anchor point="TOPLEFT" relativeTo="$parentMenuItem2" relativePoint="BOTTOMLEFT">
						<Offset>
							<AbsDimension x="0" y="0"/>
						</Offset>
					</Anchor>
				</Anchors>
			</Button>
			<Button name="$parentMenuItem4" inherits="AltoGuildMenuItemTemplate" id="4">
				<Anchors>
					<Anchor point="TOPLEFT" relativeTo="$parentMenuItem3" relativePoint="BOTTOMLEFT">
						<Offset>
							<AbsDimension x="0" y="0"/>
						</Offset>
					</Anchor>
				</Anchors>
			</Button>
			<Button name="$parentMenuItem5" inherits="AltoGuildMenuItemTemplate" id="5">
				<Anchors>
					<Anchor point="TOPLEFT" relativeTo="$parentMenuItem4" relativePoint="BOTTOMLEFT">
						<Offset>
							<AbsDimension x="0" y="0"/>
						</Offset>
					</Anchor>
				</Anchors>
			</Button>
			<Button name="$parentMenuItem6" inherits="AltoGuildMenuItemTemplate" id="6">
				<Anchors>
					<Anchor point="TOPLEFT" relativeTo="$parentMenuItem5" relativePoint="BOTTOMLEFT">
						<Offset>
							<AbsDimension x="0" y="0"/>
						</Offset>
					</Anchor>
				</Anchors>
			</Button>
			-->
			
			<Button name="$parent_Sort1" inherits="AltoSortButtonTemplate" id="1">
				<Size>
					<AbsDimension x="130" y="19"/>
				</Size>
				<Anchors>
					<Anchor point="TOPLEFT" relativeTo="AltoholicFrame_SearchEditBox" relativePoint="BOTTOMRIGHT">
						<Offset>
							<AbsDimension x="10" y="-10"/>
						</Offset>
					</Anchor>
				</Anchors>
			</Button>
			<Button name="$parent_Sort2" inherits="AltoSortButtonTemplate" id="2">
				<Size>
					<AbsDimension x="70" y="19"/>
				</Size>
				<Anchors>
					<Anchor point="LEFT" relativeTo="$parent_Sort1" relativePoint="RIGHT">
						<Offset>
							<AbsDimension x="0" y="0"/>
						</Offset>
					</Anchor>
				</Anchors>
			</Button>
			<Button name="$parent_Sort3" inherits="AltoSortButtonTemplate" id="3">
				<Size>
					<AbsDimension x="100" y="19"/>
				</Size>
				<Anchors>
					<Anchor point="LEFT" relativeTo="$parent_Sort2" relativePoint="RIGHT">
						<Offset>
							<AbsDimension x="0" y="0"/>
						</Offset>
					</Anchor>
				</Anchors>
			</Button>
			<Button name="$parent_Sort4" inherits="AltoSortButtonTemplate" id="4">
				<Size>
					<AbsDimension x="100" y="19"/>
				</Size>
				<Anchors>
					<Anchor point="LEFT" relativeTo="$parent_Sort3" relativePoint="RIGHT">
						<Offset>
							<AbsDimension x="0" y="0"/>
						</Offset>
					</Anchor>
				</Anchors>
			</Button>
			<Button name="$parent_Sort5" inherits="AltoSortButtonTemplate" id="5">
				<Size>
					<AbsDimension x="50" y="19"/>
				</Size>
				<Anchors>
					<Anchor point="LEFT" relativeTo="$parent_Sort4" relativePoint="RIGHT">
						<Offset>
							<AbsDimension x="0" y="0"/>
						</Offset>
					</Anchor>
				</Anchors>
			</Button>
			
		</Frames>
		<Scripts>
			<OnLoad>
				Altoholic.Tabs.Guild:OnLoad()
			</OnLoad>
			<OnShow>
				Altoholic.Tabs.Guild:OnShow()
			</OnShow>
		</Scripts>
	</Frame>

</Ui>