<Ui xmlns="http://www.blizzard.com/wow/ui/" xmlns:xsi="http://www.w3.org/2001/XMLSchema-instance" xsi:schemaLocation="http://www.blizzard.com/wow/ui/
..\FrameXML\UI.xsd">

<Script file="libs\LibStub\LibStub.lua"/>
<Script file="libs\AceLibrary\AceLibrary.lua"/>
<!-- AceLocale: AceLibrary -->
<Script file="libs\AceLocale-2.2\AceLocale-2.2.lua"/>
<!-- TipHooker: AceLibrary -->
<Script file="libs\TipHooker-1.0\TipHooker-1.0.lua"/>
<!-- AceOO: AceLibrary -->
<Script file="libs\AceOO-2.0\AceOO-2.0.lua"/>
<!-- Babble-Inventory: AceLibrary, AceLocale-2.2 -->
<Include file="libs\LibBabble-Inventory-3.0\lib.xml"/>
<!-- AceConsole: AceLibrary, AceOO -->
<Script file="libs\AceConsole-2.0\AceConsole-2.0.lua"/>
<!-- AceEvent: AceLibrary, AceOO -->
<Script file="libs\AceEvent-2.0\AceEvent-2.0.lua"/>
<!-- AceDebug: AceLibrary, AceOO -->
<Script file="libs\AceDebug-2.0\AceDebug-2.0.lua"/>
<!-- AceDB: AceLibrary, AceOO, AceEvent -->
<Script file="libs\AceDB-2.0\AceDB-2.0.lua"/>
<!-- AceAddon: AceLibrary, AceOO, AceEvent, AceConsole (optional) -->
<Script file="libs\AceAddon-2.0\AceAddon-2.0.lua"/>
<!-- StatLogic: AceLibrary, AceLocale-2.2, LibBabble-Spell-3.0 -->
<Script file="libs\StatLogic-1.0\StatLogic-1.0.lua"/>
<!-- Waterfall: AceLibrary, AceOO -->
<Script file="libs\Waterfall-1.0\Waterfall-1.0.lua"/>

</Ui>
