<Ui xmlns="http://www.blizzard.com/wow/ui/" xmlns:xsi="http://www.w3.org/2001/XMLSchema-instance" xsi:schemaLocation="http://www.blizzard.com/wow/ui/
..\FrameXML\UI.xsd">

<Script file="Libs\AceLibrary\AceLibrary.lua" />
<Script file="Libs\Compost\Compost-2.0.lua" />
<Script file="Libs\AceOO-2.0\AceOO-2.0.lua" />
<Script file="Libs\AceConsole\AceConsole-2.0.lua" />
<Script file="Libs\AceEvent\AceEvent-2.0.lua" />
<Script file="Libs\AceAddon\AceAddon-2.0.lua" />
<Script file="Libs\AceHook\AceHook-2.1.lua" />
<Script file="Libs\AceDB\AceDB-2.0.lua" />
<Script file="Libs\AceDebug\AceDebug-2.0.lua" />
<Script file="Libs\AceLocale\AceLocale-2.2.lua" />
<Script file="Libs\AceModuleCore\AceModuleCore-2.0.lua" />

<Script file="Libs\Metrognome\Metrognome-2.0.lua" />
<Script file="Libs\Dewdrop\Dewdrop-2.0.lua" />
<Script file="Libs\Tablet\Tablet-2.0.lua" />
<Script file="Libs\FuBarPlugin\FuBarPlugin-2.0.lua" />

</Ui>