<Ui xmlns="http://www.blizzard.com/wow/ui" xmlns:xsi="http://www.w3.org/2001/XMLSchema-instance"
xsi:schemaLocation="http://www.blizzard.com/wow/ui/ ..\..\FrameXML\UI.xsd">
   
   <Script file="Localization.lua" />
   
   <Font name="GameFontBlueSmall" inherits="GameFontNormalSmall" virtual="true">
		<Color r="0.3" g="0.3" b="1.0" />
	</Font>
   
   <Frame name="AddonManCheckBox" virtual="true">
      <Size>
         <AbsDimension x="16" y="16" />
      </Size>
      <Layers>
         <Layer level="ARTWORK">
            <Texture name="$parentTexture" file="Interface\Buttons\UI-CheckBox-Check">
               <Size>
                   <AbsDimension x="16" y="16" />
               </Size>
               <Anchors>
                  <Anchor point="CENTER">
                     <Offset x="0" y="0"/>
                  </Anchor>
               </Anchors>
            </Texture>
         </Layer>
      </Layers>
   </Frame>
   
   <Button name="AddonManMenuButton" virtual="true">
      <ButtonText name="$parentText" />
      <NormalFont inherits="GameFontHighlightSmall" justifyH="LEFT" />
      <HighlightFont inherits="GameFontGreenSmall" justifyH="LEFT" />
      <DisabledFont inherits="GameFontDisableSmall" justifyH="LEFT" />
   </Button>
   
   <Button name="AddonManMainMenuButton" inherits="AddonManMenuButton" virtual="true">
      <Size>
         <AbsDimension x="108" y="18" />
      </Size>
      <Frames>
         <Frame name="$parentOptionsArrow" hidden="true">
            <Size>
               <AbsDimension x="10" y="18" />
            </Size>
            <Anchors>
               <Anchor point="LEFT" relativePoint="LEFT" relativeTo="$parent">
                  <Offset x="5" y="0" />
               </Anchor>
            </Anchors>
            <Layers>
               <Layer level="OVERLAY">
                  <FontString name="$parentText" inherits="GameFontDisableSmall" text="&lt;" />
               </Layer>
            </Layers>
         </Frame>
         <Frame name="$parentSubMenuArrow">
            <Size>
               <AbsDimension x="10" y="18" />
            </Size>
            <Anchors>
               <Anchor point="RIGHT" relativePoint="RIGHT" relativeTo="$parent">
                  <Offset x="-4" y="0" />
               </Anchor>
            </Anchors>
            <Layers>
               <Layer level="OVERLAY">
                  <FontString name="$parentText" inherits="GameFontDisableSmall" text="&gt;" />
               </Layer>
            </Layers>
         </Frame>
      </Frames>
   </Button>
   
   <Button name="AddonManSubMenuButton" inherits="AddonManMenuButton" virtual="true">
      <Size>
         <AbsDimension x="80" y="15" />
      </Size>
      <ButtonText name="$parentText">
         <Anchors>
				<Anchor point="LEFT">
					<Offset x="4" y="0"/>
				</Anchor>
			</Anchors>
      </ButtonText>
   </Button>
   
   <Frame name="AddonManOptionsButton" virtual="true">
      <Size>
         <AbsDimension x="108" y="20" />
      </Size>
      <Frames>
         <Frame name="$parentCheck" inherits="AddonManCheckBox" hidden="true">
            <Anchors>
               <Anchor point="LEFT" relativePoint="LEFT" relativeTo="$parent">
                  <Offset x="5" y="0" />
               </Anchor>
            </Anchors>
         </Frame>
         <Button name="$parentButton" inherits="AddonManMenuButton">
            <Size>
               <AbsDimension x="108" y="20" />
            </Size>
            <Anchors>
               <Anchor point="LEFT" relativePoint="RIGHT" relativeTo="$parentCheck">
                  <Offset x="0" y="0" />
               </Anchor>
            </Anchors>
            <ButtonText name="$parentText">
               <Anchors>
                  <Anchor point="LEFT">
                     <Offset x="0" y="0"/>
                  </Anchor>
               </Anchors>
            </ButtonText>
         </Button>
      </Frames>
   </Frame>
   
   <frame name="AddonManSubMenuFrame" frameStrata="MEDIUM" frameLevel="113" toplevel="true" hidden="true" virtual="true">
      <Size>
         <AbsDimension x="80" y="33" />
      </Size>
      <Backdrop bgFile="Interface\Buttons\UI-SliderBar-Background" edgeFile="Interface\GLUES\Common\TextPanel-Border" tile="true">
         <BackgroundInsets>
            <AbsInset left="2" right="2" top="2" bottom="2" /> 
         </BackgroundInsets>
         <TileSize>
            <AbsValue val="32" /> 
         </TileSize>
         <EdgeSize>
            <AbsValue val="13" /> 
         </EdgeSize>
      </Backdrop>
      <Frames>
         <Frame name="$parentCheckEnable" inherits="AddonManCheckBox" hidden="true">
            <Anchors>
               <Anchor point="TOPLEFT" relativePoint="TOPLEFT" relativeTo="$parent">
                  <Offset x="4" y="-2" />
               </Anchor>
            </Anchors>
         </Frame>
         <Frame name="$parentCheckDisable" inherits="AddonManCheckBox" hidden="true">
            <Anchors>
               <Anchor point="BOTTOMLEFT" relativePoint="BOTTOMLEFT" relativeTo="$parent">
                  <Offset x="4" y="2" />
               </Anchor>
            </Anchors>
         </Frame>
         <Button name="$parentEnable" inherits="AddonManSubMenuButton" text="ENABLE">
            <Anchors>
               <Anchor point="LEFT" relativePoint="RIGHT" relativeTo="$parentCheckEnable">
                  <Offset x="0" y="0" />
               </Anchor>
            </Anchors>
            <Scripts>
               <OnClick>AddonMan_SubMenuOnClickEnable(self, button)</OnClick>
            </Scripts>
         </Button>
         <Button name="$parentDisable" inherits="AddonManSubMenuButton" text="DISABLE">
            <Anchors>
               <Anchor point="LEFT" relativePoint="RIGHT" relativeTo="$parentCheckDisable">
                  <Offset x="0" y="0" />
               </Anchor>
            </Anchors>
            <Scripts>
               <OnClick>AddonMan_SubMenuOnClickDisable(self, button)</OnClick>
            </Scripts>
         </Button>
      </Frames>
   </frame>
   
   <frame name="AddonManOptionsFrame" frameStrata="MEDIUM" frameLevel="113" toplevel="true" hidden="true" virtual="true">
      <Size>
         <AbsDimension x="150" y="20" />
      </Size>
      <Anchors>
         <Anchor point="TOPRIGHT" relativePoint="TOPLEFT" relativeTo="AddonManMainMenuFrame">
            <Offset x="10" y="-19" />
         </Anchor>
      </Anchors>
      <Backdrop bgFile="Interface\Buttons\UI-SliderBar-Background" edgeFile="Interface\GLUES\Common\TextPanel-Border" tile="true">
         <BackgroundInsets>
            <AbsInset left="2" right="2" top="2" bottom="2" /> 
         </BackgroundInsets>
         <TileSize>
            <AbsValue val="32" /> 
         </TileSize>
         <EdgeSize>
            <AbsValue val="13" /> 
         </EdgeSize>
      </Backdrop>
      <Frames>
         <Frame name="$parentButtons">
            <Size>
               <AbsDimension x="108" y="20" />
            </Size>
            <Anchors>
               <Anchor point="TOPLEFT" relativePoint="TOPLEFT" relativeTo="$parent">
                  <Offset x="6" y="0" />
               </Anchor>
            </Anchors>
         </Frame>
      </Frames>
   </frame>
   
   <frame name="AddonManMainMenuFrame" frameStrata="MEDIUM" framelevel="106" toplevel="true" hidden="true" virtual="true">
      <Size>
         <AbsDimension x="108" y="20" />
      </Size>
      <Anchors>
         <Anchor point="TOPRIGHT" relativePoint="TOPLEFT" relativeTo="AddonManFrame">
            <Offset x="10" y="-5" />
         </Anchor>
      </Anchors>
      <Backdrop bgFile="Interface\Buttons\UI-SliderBar-Background" edgeFile="Interface\GLUES\Common\TextPanel-Border" tile="true">
         <BackgroundInsets>
            <AbsInset left="2" right="2" top="2" bottom="2" /> 
         </BackgroundInsets>
         <TileSize>
            <AbsValue val="32" /> 
         </TileSize>
         <EdgeSize>
            <AbsValue val="13" /> 
         </EdgeSize>
      </Backdrop>
      <Frames>
         <Frame name="$parentLabel">
            <Size>
               <AbsDimension x="108" y="20" />
            </Size>
            <Anchors>
               <Anchor point="TOPLEFT" relativePoint="TOPLEFT" relativeTo="$parent">
                  <Offset x="-8" y="0" />
               </Anchor>
            </Anchors>
            <Layers>
               <Layer level="OVERLAY">
                  <FontString name="$parentText" inherits="GameFontBlueSmall" text="ADDONMAN_LOCALIZATION_ACTIVE" />
               </Layer>
            </Layers>
         </Frame>
         <Frame name="$parentButtons">
            <Size>
               <AbsDimension x="108" y="20" />
            </Size>
            <Anchors>
               <Anchor point="TOP" relativePoint="TOP" relativeTo="$parent">
                  <Offset x="0" y="-16" />
               </Anchor>
            </Anchors>
         </Frame>
      </Frames>
   </frame>
   
   <frame name="AddonManNotLoadableFrame" frameStrata="MEDIUM" frameLevel="113" toplevel="true" hidden="true" virtual="true">
      <Size>
         <AbsDimension x="130" y="20" />
      </Size>
      <Anchors>
         <Anchor point="TOPLEFT" relativePoint="TOPRIGHT" relativeTo="AddonManMainMenuFrame">
            <Offset x="10" y="-19" />
         </Anchor>
      </Anchors>
      <Backdrop bgFile="Interface\Buttons\UI-SliderBar-Background" edgeFile="Interface\GLUES\Common\TextPanel-Border" tile="true">
         <BackgroundInsets>
            <AbsInset left="2" right="2" top="2" bottom="2" /> 
         </BackgroundInsets>
         <TileSize>
            <AbsValue val="32" /> 
         </TileSize>
         <EdgeSize>
            <AbsValue val="13" /> 
         </EdgeSize>
      </Backdrop>
      <Frames>
         <Frame name="$parentButtons">
            <Size>
               <AbsDimension x="108" y="20" />
            </Size>
            <Anchors>
               <Anchor point="TOPLEFT" relativePoint="TOPLEFT" relativeTo="$parent">
                  <Offset x="6" y="0" />
               </Anchor>
            </Anchors>
         </Frame>
      </Frames>
   </frame>
   
   <frame name="AddonManFrame" frameStrata="MEDIUM" frameLevel="101">
      <Size>
         <AbsDimension x="90" y="20" />
      </Size>
      <Anchors>
         <Anchor point="TOPRIGHT" relativePoint="BOTTOMRIGHT" relativeTo="Minimap">
            <Offset x="12" y="-15" />
         </Anchor>
      </Anchors>
      <Backdrop bgFile="Interface\Buttons\UI-SliderBar-Background" edgeFile="Interface\GLUES\Common\TextPanel-Border" tile="true">
         <BackgroundInsets>
            <AbsInset left="2" right="2" top="2" bottom="2" /> 
         </BackgroundInsets>
         <TileSize>
            <AbsValue val="32" /> 
         </TileSize>
         <EdgeSize>
            <AbsValue val="13" /> 
         </EdgeSize>
      </Backdrop>
      <Frames>
         <Button name="$parentButton" inherits="AddonManMenuButton" text="ADDONMAN_LOCALIZATION_TITLE">
            <Size>
               <AbsDimension x="90" y="20" />
            </Size>
            <Anchors>
               <Anchor point="LEFT" relativePoint="LEFT" relativeTo="$parent" />
            </Anchors>
            <Scripts>
               <OnClick>AddonMan_OpenOrCloseMainMenu()</OnClick>
               <OnLoad>AddonMan_Initialize()</OnLoad>
            </Scripts>
         </Button>
      </Frames>
   </frame>
</Ui>