<Ui xmlns="http://www.blizzard.com/wow/ui/" xmlns:xsi="http://www.w3.org/2001/XMLSchema-instance" xsi:schemaLocation="http://www.blizzard.com/wow/ui/
..\FrameXML\UI.xsd">

<Script file="libs\LibStub\LibStub.lua"/>
<Include file="libs\AceAddon-3.0\AceAddon-3.0.xml"/>
<Include file="libs\CallbackHandler-1.0\CallbackHandler-1.0.xml"/>
<Include file="libs\AceGUI-3.0\AceGUI-3.0.xml"/>
<Include file="libs\AceTimer-3.0\AceTimer-3.0.xml"/>
<Include file="libs\AceLocale-3.0\AceLocale-3.0.xml"/>
<Include file="libs\AceConfigRegistry-3.0\AceConfigRegistry-3.0.xml"/>
<Include file="libs\AceConfigDialog-3.0\AceConfigDialog-3.0.xml"/>
<Include file="libs\AceDB-3.0\AceDB-3.0.xml"/>
<Include file="libs\AceDBOptions-3.0\AceDBOptions-3.0.xml"/>
<Include file="libs\LibCandyBar-3.0\lib.xml"/>
<Include file="libs\LibSharedMedia-3.0\lib.xml"/>
<Include file="libs\LibDDI-1.0\lib.xml"/>
<Include file="libs\LibGroupInSpecT-1.0\lib.xml"/>
<Script file="libs\LibDualSpec-1.0\LibDualSpec-1.0.lua"/>

</Ui>

