<Ui xmlns="http://www.blizzard.com/wow/ui/" xmlns:xsi="http://www.w3.org/2001/XMLSchema-instance" xsi:schemaLocation="http://www.blizzard.com/wow/ui/ ..\..\FrameXML\UI.xsd">

	<Script file="MonkeyLibrary.lua"/>
	<Script file="MonkeyGlobals.lua"/>
	
	<FontString name="MonkeyQuestFont" inherits="MasterFont" font="Interface\AddOns\MonkeyLibrary\Fonts\myriapsc.ttf" virtual="true">
		<FontHeight>
			<AbsValue val="12"/>
		</FontHeight>
		<Color r="1.0" g="1.0" b="1.0"/>
		<Shadow>
    	<Color r="0" g="0" b="0" />
    	<Offset>
    		<AbsDimension x="1" y="-1" />
    	</Offset>
    </Shadow>
	</FontString>
	
	<FontString name="MonkeyQuestFontWide" inherits="MasterFont" font="Interface\AddOns\MonkeyLibrary\Fonts\framd.ttf" virtual="true">
		<FontHeight>
			<AbsValue val="12"/>
		</FontHeight>
		<Color r="1.0" g="1.0" b="1.0"/>
		<Shadow>
    	<Color r="0" g="0" b="0" />
    	<Offset>
    		<AbsDimension x="1" y="-1" />
    	</Offset>
    </Shadow>
	</FontString>

	<FontString name="MonkeyQuestTitleFont" inherits="MasterFont" font="Interface\AddOns\MonkeyLibrary\Fonts\adventure.ttf" virtual="true">
		<FontHeight>
			<AbsValue val="14"/>
		</FontHeight>
		<Color r="1.0" g="1.0" b="1.0"/>
		<Shadow>
    	<Color r="0" g="0" b="0" />
    	<Offset>
    		<AbsDimension x="1" y="-1" />
    	</Offset>
    </Shadow>
	</FontString>
</Ui>
