<Ui xmlns="http://www.blizzard.com/wow/ui/" xmlns:xsi="http://www.w3.org/2001/XMLSchema-instance" xsi:schemaLocation="http://www.blizzard.com/wow/ui/
..\FrameXML\UI.xsd">
	<Script file="TitanPerformance.lua"/>
	<Frame name="TitanPanelPerfControlFrameTemplate" virtual="true" hidden="true">
		<Size>
			<AbsDimension x="120" y="170" />
		</Size>
		<Backdrop bgFile="Interface\Tooltips\UI-Tooltip-Background" edgeFile="Interface\Tooltips\UI-Tooltip-Border" tile="true">
			<EdgeSize>
				<AbsValue val="16"/>
			</EdgeSize>
			<TileSize>
				<AbsValue val="16"/>
			</TileSize>
			<BackgroundInsets>
				<AbsInset left="5" right="5" top="5" bottom="5"/>
			</BackgroundInsets>
		</Backdrop>
		<Layers>
			<Layer>
				<FontString name="$parentTitle" inherits="GameFontNormalSmall">
					<Anchors>
						<Anchor point="TOP">
							<Offset>
								<AbsDimension x="0" y="-10" />
							</Offset>
						</Anchor>
					</Anchors>
				</FontString>
			</Layer>
		</Layers>
		<Frames>
			<Slider name="TitanPanelPerfControlSlider" inherits="TitanOptionsSliderTemplate">
				<Anchors>
					<Anchor point="TOP">
						<Offset>
							<AbsDimension x="0" y="-40"/>
						</Offset>
					</Anchor>
				</Anchors>
				<Scripts>
					<OnShow>
						TitanPanelPerfControlSlider_OnShow();
					</OnShow>
					<OnValueChanged>
						TitanPanelPerfControlSlider_OnValueChanged();
					</OnValueChanged>
					<OnMouseWheel>
					  TitanPanelPerfControlSlider_OnValueChanged(arg1);
					</OnMouseWheel>
					<OnEnter>
						TitanPanelPerfControlSlider_OnEnter();
					</OnEnter>
					<OnLeave>
						TitanPanelPerfControlSlider_OnLeave()
					</OnLeave>
				</Scripts>
			</Slider>
		</Frames>
		<Scripts>
			<OnLoad>
				TitanPanelPerfControlFrame_OnLoad();
			</OnLoad>
			<OnEnter>
				TitanUtils_StopFrameCounting(this);
			</OnEnter>
			<OnLeave>
				TitanUtils_StartFrameCounting(this, TITAN_PERF_FRAME_SHOW_TIME);
			</OnLeave>
			<OnUpdate>
				TitanPanelPerfControlFrame_OnUpdate(arg1);
			</OnUpdate>
		</Scripts>
	</Frame>
	<Frame parent="UIParent">
		<Frames>
			<Button name="TitanPanelPerformanceButton" inherits="TitanPanelComboTemplate" frameStrata="FULLSCREEN" toplevel="true">
				<Scripts>
					<OnLoad>
						TitanPanelPerformanceButton_OnLoad();
						TitanPanelButton_OnLoad();
					</OnLoad>
					<OnClick>
						TitanPanelPerformanceButton_OnClick(arg1);
						TitanPanelButton_OnClick(arg1);
					</OnClick>
					<OnUpdate>
						TitanPanelPerformanceButton_OnUpdate(arg1);
					</OnUpdate>
				</Scripts>
			</Button>
			<Frame name="TitanPanelPerfControlFrame" inherits="TitanPanelPerfControlFrameTemplate" frameStrata="FULLSCREEN" toplevel="true" />
		</Frames>
	</Frame>		
</Ui>